
> enterprise-productivity-frontend@0.1.0 dev
> next dev

▲ Next.js 16.2.12 (Turbopack)
- Local:         http://localhost:3000
- Network:       http://192.168.56.2:3000
- Environments: .env.local
✓ Ready in 2.3s

[browser] ⨯ unhandledRejection: AxiosError: Network Error
    at XMLHttpRequest.handleError (file://C:/Users/Chirag Gupta/Desktop/enterprise-productivity/enterprise-productivity-frontend/.next/dev/static/chunks/node_modules_axios_lib_1i00zly._.js:3186:25)
    at Axios.request (file://C:/Users/Chirag Gupta/Desktop/enterprise-productivity/enterprise-productivity-frontend/.next/dev/static/chunks/node_modules_axios_lib_1i00zly._.js:4313:49)
    at async fetchNotifications (file://C:/Users/Chirag Gupta/Desktop/enterprise-productivity/enterprise-productivity-frontend/.next/dev/static/chunks/src_03u7bfg._.js:468:17)
    at async useNotifications.useCallback[refresh] (file://C:/Users/Chirag Gupta/Desktop/enterprise-productivity/enterprise-productivity-frontend/.next/dev/static/chunks/src_03u7bfg._.js:533:35)
[browser] ⨯ unhandledRejection: AxiosError: Network Error
    at XMLHttpRequest.handleError (file://C:/Users/Chirag Gupta/Desktop/enterprise-productivity/enterprise-productivity-frontend/.next/dev/static/chunks/node_modules_axios_lib_1i00zly._.js:3186:25)
    at Axios.request (file://C:/Users/Chirag Gupta/Desktop/enterprise-productivity/enterprise-productivity-frontend/.next/dev/static/chunks/node_modules_axios_lib_1i00zly._.js:4313:49)
    at async fetchNotifications (file://C:/Users/Chirag Gupta/Desktop/enterprise-productivity/enterprise-productivity-frontend/.next/dev/static/chunks/src_03u7bfg._.js:468:17)
    at async useNotifications.useCallback[refresh] (file://C:/Users/Chirag Gupta/Desktop/enterprise-productivity/enterprise-productivity-frontend/.next/dev/static/chunks/src_03u7bfg._.js:533:35)
[browser] ⨯ unhandledRejection: AxiosError: Network Error
    at XMLHttpRequest.handleError (file://C:/Users/Chirag Gupta/Desktop/enterprise-productivity/enterprise-productivity-frontend/.next/dev/static/chunks/node_modules_axios_lib_1i00zly._.js:3186:25)
    at Axios.request (file://C:/Users/Chirag Gupta/Desktop/enterprise-productivity/enterprise-productivity-frontend/.next/dev/static/chunks/node_modules_axios_lib_1i00zly._.js:4313:49)
    at async fetchNotifications (file://C:/Users/Chirag Gupta/Desktop/enterprise-productivity/enterprise-productivity-frontend/.next/dev/static/chunks/src_03u7bfg._.js:468:17)
    at async useNotifications.useCallback[refresh] (file://C:/Users/Chirag Gupta/Desktop/enterprise-productivity/enterprise-productivity-frontend/.next/dev/static/chunks/src_03u7bfg._.js:533:35)
[browser] ⨯ unhandledRejection: AxiosError: Network Error
    at XMLHttpRequest.handleError (file://C:/Users/Chirag Gupta/Desktop/enterprise-productivity/enterprise-productivity-frontend/.next/dev/static/chunks/node_modules_axios_lib_1i00zly._.js:3186:25)
    at Axios.request (file://C:/Users/Chirag Gupta/Desktop/enterprise-productivity/enterprise-productivity-frontend/.next/dev/static/chunks/node_modules_axios_lib_1i00zly._.js:4313:49)
    at async fetchNotifications (file://C:/Users/Chirag Gupta/Desktop/enterprise-productivity/enterprise-productivity-frontend/.next/dev/static/chunks/src_03u7bfg._.js:468:17)
    at async useNotifications.useCallback[refresh] (file://C:/Users/Chirag Gupta/Desktop/enterprise-productivity/enterprise-productivity-frontend/.next/dev/static/chunks/src_03u7bfg._.js:533:35)
Attention: Clerk collects telemetry data from its SDKs when connected to development instances.
The data collected is used to inform Clerk's product roadmap.
To learn more, including how to opt-out from the telemetry program, visit: https://clerk.com/docs/telemetry.

 GET /dashboard 200 in 4.0s (next.js: 887ms, proxy.ts: 854ms, application-code: 2.2s)
[browser] Clerk: Clerk has been loaded with development keys. Development instances have strict usage limits and should not be used when deploying your application to production. Learn more: https://clerk.com/docs/deployments/overview (file://C:/Users/Chirag Gupta/Desktop/enterprise-productivity/enterprise-productivity-frontend/.next/dev/static/chunks/node_modules_next_dist_1ybzpk2._.js:2489:13)
[browser] ⨯ unhandledRejection: AxiosError: Network Error
    at XMLHttpRequest.handleError (file://C:/Users/Chirag Gupta/Desktop/enterprise-productivity/enterprise-productivity-frontend/.next/dev/static/chunks/node_modules_axios_lib_1i00zly._.js:3186:25)
    at Axios.request (file://C:/Users/Chirag Gupta/Desktop/enterprise-productivity/enterprise-productivity-frontend/.next/dev/static/chunks/node_modules_axios_lib_1i00zly._.js:4313:49)
    at async fetchNotifications (file://C:/Users/Chirag Gupta/Desktop/enterprise-productivity/enterprise-productivity-frontend/.next/dev/static/chunks/src_03u7bfg._.js:468:17)
    at async useNotifications.useCallback[refresh] (file://C:/Users/Chirag Gupta/Desktop/enterprise-productivity/enterprise-productivity-frontend/.next/dev/static/chunks/src_03u7bfg._.js:533:35)
[browser] ⨯ unhandledRejection: AxiosError: Network Error
    at XMLHttpRequest.handleError (file://C:/Users/Chirag Gupta/Desktop/enterprise-productivity/enterprise-productivity-frontend/.next/dev/static/chunks/node_modules_axios_lib_1i00zly._.js:3186:25)
    at Axios.request (file://C:/Users/Chirag Gupta/Desktop/enterprise-productivity/enterprise-productivity-frontend/.next/dev/static/chunks/node_modules_axios_lib_1i00zly._.js:4313:49)
    at async fetchNotifications (file://C:/Users/Chirag Gupta/Desktop/enterprise-productivity/enterprise-productivity-frontend/.next/dev/static/chunks/src_03u7bfg._.js:468:17)
    at async useNotifications.useCallback[refresh] (file://C:/Users/Chirag Gupta/Desktop/enterprise-productivity/enterprise-productivity-frontend/.next/dev/static/chunks/src_03u7bfg._.js:533:35)
 GET /dashboard 200 in 146ms (next.js: 14ms, proxy.ts: 23ms, application-code: 109ms)
[browser] Clerk: Clerk has been loaded with development keys. Development instances have strict usage limits and should not be used when deploying your application to production. Learn more: https://clerk.com/docs/deployments/overview (file://C:/Users/Chirag Gupta/Desktop/enterprise-productivity/enterprise-productivity-frontend/.next/dev/static/chunks/node_modules_next_dist_1ybzpk2._.js:2489:13)
[browser] ⨯ unhandledRejection: AxiosError: Network Error
    at XMLHttpRequest.handleError (file://C:/Users/Chirag Gupta/Desktop/enterprise-productivity/enterprise-productivity-frontend/.next/dev/static/chunks/node_modules_axios_lib_1i00zly._.js:3186:25)
    at Axios.request (file://C:/Users/Chirag Gupta/Desktop/enterprise-productivity/enterprise-productivity-frontend/.next/dev/static/chunks/node_modules_axios_lib_1i00zly._.js:4313:49)
    at async fetchNotifications (file://C:/Users/Chirag Gupta/Desktop/enterprise-productivity/enterprise-productivity-frontend/.next/dev/static/chunks/src_03u7bfg._.js:468:17)
    at async useNotifications.useCallback[refresh] (file://C:/Users/Chirag Gupta/Desktop/enterprise-productivity/enterprise-productivity-frontend/.next/dev/static/chunks/src_03u7bfg._.js:533:35)
○ Compiling /directory ...
[browser] ⨯ unhandledRejection: AxiosError: Network Error
    at XMLHttpRequest.handleError (file://C:/Users/Chirag Gupta/Desktop/enterprise-productivity/enterprise-productivity-frontend/.next/dev/static/chunks/node_modules_axios_lib_1i00zly._.js:3186:25)
    at Axios.request (file://C:/Users/Chirag Gupta/Desktop/enterprise-productivity/enterprise-productivity-frontend/.next/dev/static/chunks/node_modules_axios_lib_1i00zly._.js:4313:49)
    at async fetchNotifications (file://C:/Users/Chirag Gupta/Desktop/enterprise-productivity/enterprise-productivity-frontend/.next/dev/static/chunks/src_03u7bfg._.js:468:17)
    at async useNotifications.useCallback[refresh] (file://C:/Users/Chirag Gupta/Desktop/enterprise-productivity/enterprise-productivity-frontend/.next/dev/static/chunks/src_03u7bfg._.js:533:35)
 GET /directory 200 in 15.7s (next.js: 14.3s, proxy.ts: 661ms, application-code: 734ms)
[browser] ⨯ unhandledRejection: AxiosError: Network Error
    at XMLHttpRequest.handleError (file://C:/Users/Chirag Gupta/Desktop/enterprise-productivity/enterprise-productivity-frontend/.next/dev/static/chunks/node_modules_axios_lib_1i00zly._.js:3186:25)
    at Axios.request (file://C:/Users/Chirag Gupta/Desktop/enterprise-productivity/enterprise-productivity-frontend/.next/dev/static/chunks/node_modules_axios_lib_1i00zly._.js:4313:49)
    at async fetchNotifications (file://C:/Users/Chirag Gupta/Desktop/enterprise-productivity/enterprise-productivity-frontend/.next/dev/static/chunks/src_03u7bfg._.js:468:17)
    at async useNotifications.useCallback[refresh] (file://C:/Users/Chirag Gupta/Desktop/enterprise-productivity/enterprise-productivity-frontend/.next/dev/static/chunks/src_03u7bfg._.js:533:35)
 GET /dashboard 200 in 249ms (next.js: 23ms, proxy.ts: 45ms, application-code: 181ms)
[browser] Consecutive calls to connectUser is detected, ideally you should only call this function once in your app. (file://C:/Users/Chirag Gupta/Desktop/enterprise-productivity/enterprise-productivity-frontend/.next/dev/static/chunks/node_modules_next_dist_1ybzpk2._.js:2489:13)
[browser] Consecutive calls to connectUser is detected, ideally you should only call this function once in your app. (file://C:/Users/Chirag Gupta/Desktop/enterprise-productivity/enterprise-productivity-frontend/.next/dev/static/chunks/node_modules_next_dist_1ybzpk2._.js:2489:13)
✓ Compiled in 1729ms
⚠ Fast Refresh had to perform a full reload when ./src/lib/api-client.ts changed. Read more: https://nextjs.org/docs/messages/fast-refresh-reload
 GET /dashboard 200 in 2.2s (next.js: 503ms, proxy.ts: 599ms, application-code: 1115ms)
 GET /dashboard 200 in 1800ms (next.js: 30ms, proxy.ts: 793ms, application-code: 976ms)
✓ Compiled in 149ms
 GET /dashboard 200 in 1054ms (next.js: 627ms, proxy.ts: 189ms, application-code: 238ms)
 GET /dashboard 200 in 257ms (next.js: 21ms, proxy.ts: 24ms, application-code: 213ms)
 GET /dashboard 200 in 136ms (next.js: 23ms, proxy.ts: 24ms, application-code: 89ms)
✓ Compiled in 2.5s
 GET /dashboard 200 in 1481ms (next.js: 1269ms, proxy.ts: 50ms, application-code: 162ms)
 GET /dashboard 200 in 2.4s (next.js: 461ms, proxy.ts: 294ms, application-code: 1606ms)
 GET /dashboard 200 in 1749ms (next.js: 58ms, proxy.ts: 48ms, application-code: 1643ms)
✓ Compiled in 259ms
 GET /dashboard 200 in 931ms (next.js: 620ms, proxy.ts: 176ms, application-code: 135ms)
 GET /dashboard 200 in 678ms (next.js: 172ms, proxy.ts: 213ms, application-code: 292ms)
 GET /dashboard 200 in 1135ms (next.js: 43ms, proxy.ts: 65ms, application-code: 1027ms)
 GET /dashboard 200 in 921ms (next.js: 56ms, proxy.ts: 76ms, application-code: 790ms)
 GET /dashboard 200 in 925ms (next.js: 140ms, proxy.ts: 75ms, application-code: 710ms)
 GET /dashboard 200 in 930ms (next.js: 348ms, proxy.ts: 75ms, application-code: 508ms)
 GET /dashboard 200 in 927ms (next.js: 437ms, proxy.ts: 79ms, application-code: 410ms)
 GET /dashboard 200 in 934ms (next.js: 541ms, proxy.ts: 80ms, application-code: 314ms)
 GET /dashboard 200 in 789ms (next.js: 84ms, proxy.ts: 46ms, application-code: 659ms)
 GET /dashboard 200 in 764ms (next.js: 48ms, proxy.ts: 263ms, application-code: 453ms)
 GET /dashboard 200 in 754ms (next.js: 193ms, proxy.ts: 263ms, application-code: 297ms)
 GET /dashboard 200 in 762ms (next.js: 111ms, proxy.ts: 267ms, application-code: 384ms)
 GET /dashboard 200 in 784ms (next.js: 294ms, proxy.ts: 264ms, application-code: 226ms)
 GET /dashboard 200 in 770ms (next.js: 375ms, proxy.ts: 256ms, application-code: 139ms)
 GET /dashboard 200 in 808ms (next.js: 81ms, proxy.ts: 44ms, application-code: 683ms)
 GET /dashboard 200 in 780ms (next.js: 55ms, proxy.ts: 178ms, application-code: 547ms)
 GET /dashboard 200 in 780ms (next.js: 155ms, proxy.ts: 178ms, application-code: 447ms)
 GET /dashboard 200 in 777ms (next.js: 256ms, proxy.ts: 177ms, application-code: 344ms)
 GET /dashboard 200 in 792ms (next.js: 360ms, proxy.ts: 171ms, application-code: 261ms)
 GET /dashboard 200 in 790ms (next.js: 125ms, proxy.ts: 502ms, application-code: 163ms)
 GET /dashboard 200 in 917ms (next.js: 70ms, proxy.ts: 70ms, application-code: 777ms)
 GET /dashboard 200 in 900ms (next.js: 146ms, proxy.ts: 88ms, application-code: 665ms)
 GET /dashboard 200 in 896ms (next.js: 215ms, proxy.ts: 87ms, application-code: 594ms)
 GET /dashboard 200 in 907ms (next.js: 222ms, proxy.ts: 195ms, application-code: 490ms)
 GET /dashboard 200 in 893ms (next.js: 157ms, proxy.ts: 339ms, application-code: 397ms)
 GET /dashboard 200 in 911ms (next.js: 390ms, proxy.ts: 328ms, application-code: 193ms)
 GET /dashboard 200 in 432ms (next.js: 55ms, proxy.ts: 52ms, application-code: 326ms)
 GET /dashboard 200 in 413ms (next.js: 255ms, proxy.ts: 50ms, application-code: 107ms)
 GET /dashboard 200 in 418ms (next.js: 156ms, proxy.ts: 52ms, application-code: 210ms)
✓ Compiled in 334ms
○ Compiling /admin/roles ...
 GET /admin/roles 200 in 4.9s (next.js: 3.4s, proxy.ts: 33ms, application-code: 1459ms)
○ Compiling /tasks ...
 GET /tasks 200 in 4.1s (next.js: 3.8s, proxy.ts: 19ms, application-code: 328ms)
○ Compiling /meetings ...
 GET /meetings 200 in 3.6s (next.js: 3.4s, proxy.ts: 17ms, application-code: 209ms)
[browser] Clerk: Clerk has been loaded with development keys. Development instances have strict usage limits and should not be used when deploying your application to production. Learn more: https://clerk.com/docs/deployments/overview (file://C:/Users/Chirag Gupta/Desktop/enterprise-productivity/enterprise-productivity-frontend/.next/dev/static/chunks/node_modules_next_dist_1ybzpk2._.js:2489:13)
 POST /dashboard 200 in 310ms (next.js: 43ms, proxy.ts: 126ms, application-code: 141ms)
  └─ ƒ invalidateCacheAction() in 16ms node_modules/@clerk/nextjs/dist/esm/app-router/server-actions.js
 GET / 200 in 354ms (next.js: 202ms, proxy.ts: 29ms, application-code: 123ms)
[browser] ⨯ unhandledRejection: Error: You can't use a channel after client.disconnect() was called
    at Channel.getClient (file://C:/Users/Chirag Gupta/Desktop/enterprise-productivity/enterprise-productivity-frontend/.next/dev/static/chunks/node_modules_1vxps3s._.js:13116:19)
    at Channel.getConfig (file://C:/Users/Chirag Gupta/Desktop/enterprise-productivity/enterprise-productivity-frontend/.next/dev/static/chunks/node_modules_1vxps3s._.js:13125:29)
    at get enabled (file://C:/Users/Chirag Gupta/Desktop/enterprise-productivity/enterprise-productivity-frontend/.next/dev/static/chunks/node_modules_1vxps3s._.js:11036:31)
    at _LinkPreviewsManager.initState (file://C:/Users/Chirag Gupta/Desktop/enterprise-productivity/enterprise-productivity-frontend/.next/dev/static/chunks/node_modules_1vxps3s._.js:10890:31)
    at _MessageComposer.initState (file://C:/Users/Chirag Gupta/Desktop/enterprise-productivity/enterprise-productivity-frontend/.next/dev/static/chunks/node_modules_1vxps3s._.js:11944:38)
    at _MessageComposer.clear (file://C:/Users/Chirag Gupta/Desktop/enterprise-productivity/enterprise-productivity-frontend/.next/dev/static/chunks/node_modules_1vxps3s._.js:12201:18)
    at MessageComposerProvider.useEffect (file://C:/Users/Chirag Gupta/Desktop/enterprise-productivity/enterprise-productivity-frontend/.next/dev/static/chunks/node_modules_stream-chat-react_dist_es_index_mjs_1jhj-59._.js:21480:82)
[browser] Image with src "http://localhost:3000/vercel.svg" has either width or height modified, but not the other. If you use CSS to change the size of your image, also include the styles 'width: "auto"' or 'height: "auto"' to maintain the aspect ratio. (file://C:/Users/Chirag Gupta/Desktop/enterprise-productivity/enterprise-productivity-frontend/.next/dev/static/chunks/node_modules_next_dist_1ybzpk2._.js:2489:13)
 GET / 200 in 221ms (next.js: 30ms, proxy.ts: 36ms, application-code: 155ms)
 GET /sign-in 200 in 2.8s (next.js: 2.5s, proxy.ts: 25ms, application-code: 235ms)
[browser] Clerk: Clerk has been loaded with development keys. Development instances have strict usage limits and should not be used when deploying your application to production. Learn more: https://clerk.com/docs/deployments/overview (file://C:/Users/Chirag Gupta/Desktop/enterprise-productivity/enterprise-productivity-frontend/.next/dev/static/chunks/node_modules_next_dist_1ybzpk2._.js:2489:13)
 GET /sign-in/SignIn_clerk_catchall_check_1785746160521 200 in 365ms (next.js: 51ms, proxy.ts: 29ms, application-code: 285ms)
 GET /dashboard 200 in 1403ms (next.js: 21ms, proxy.ts: 30ms, application-code: 1352ms)
[browser] Clerk: Clerk has been loaded with development keys. Development instances have strict usage limits and should not be used when deploying your application to production. Learn more: https://clerk.com/docs/deployments/overview (file://C:/Users/Chirag Gupta/Desktop/enterprise-productivity/enterprise-productivity-frontend/.next/dev/static/chunks/node_modules_next_dist_1ybzpk2._.js:2489:13)
 GET /admin/roles 200 in 150ms (next.js: 19ms, proxy.ts: 39ms, application-code: 92ms)
✓ Compiled in 352ms
⚠ Fast Refresh had to perform a full reload when ./src/lib/api-client.ts changed. Read more: https://nextjs.org/docs/messages/fast-refresh-reload
 GET /admin/roles 200 in 3.1s (next.js: 2.1s, proxy.ts: 775ms, application-code: 231ms)
 GET /admin/roles 200 in 3.2s (next.js: 703ms, proxy.ts: 795ms, application-code: 1704ms)
 GET /admin/roles 200 in 766ms (next.js: 257ms, proxy.ts: 354ms, application-code: 155ms)
 GET /admin/roles 200 in 868ms (next.js: 348ms, proxy.ts: 317ms, application-code: 203ms)
 GET /admin/roles 200 in 690ms (next.js: 203ms, proxy.ts: 326ms, application-code: 161ms)
✓ Compiled in 606ms
 GET /admin/roles 200 in 886ms (next.js: 316ms, proxy.ts: 410ms, application-code: 160ms)
 GET /admin/roles 200 in 1039ms (next.js: 382ms, proxy.ts: 528ms, application-code: 128ms)
[browser] Clerk: Clerk has been loaded with development keys. Development instances have strict usage limits and should not be used when deploying your application to production. Learn more: https://clerk.com/docs/deployments/overview (file://C:/Users/Chirag Gupta/Desktop/enterprise-productivity/enterprise-productivity-frontend/.next/dev/static/chunks/node_modules_next_dist_1ybzpk2._.js:2489:13)
[browser] ⨯ unhandledRejection: AxiosError: Network Error
    at XMLHttpRequest.handleError (file://C:/Users/Chirag Gupta/Desktop/enterprise-productivity/enterprise-productivity-frontend/.next/dev/static/chunks/node_modules_axios_lib_1i00zly._.js:3186:25)
    at Axios.request (file://C:/Users/Chirag Gupta/Desktop/enterprise-productivity/enterprise-productivity-frontend/.next/dev/static/chunks/node_modules_axios_lib_1i00zly._.js:4313:49)
    at async fetchNotifications (file://C:/Users/Chirag Gupta/Desktop/enterprise-productivity/enterprise-productivity-frontend/.next/dev/static/chunks/src_1ka_dps._.js:551:17)
    at async useNotifications.useCallback[refresh] (file://C:/Users/Chirag Gupta/Desktop/enterprise-productivity/enterprise-productivity-frontend/.next/dev/static/chunks/src_1ka_dps._.js:727:35)
[browser] ⨯ unhandledRejection: AxiosError: Network Error
    at XMLHttpRequest.handleError (file://C:/Users/Chirag Gupta/Desktop/enterprise-productivity/enterprise-productivity-frontend/.next/dev/static/chunks/node_modules_axios_lib_1i00zly._.js:3186:25)
    at Axios.request (file://C:/Users/Chirag Gupta/Desktop/enterprise-productivity/enterprise-productivity-frontend/.next/dev/static/chunks/node_modules_axios_lib_1i00zly._.js:4313:49)
    at async fetchNotifications (file://C:/Users/Chirag Gupta/Desktop/enterprise-productivity/enterprise-productivity-frontend/.next/dev/static/chunks/src_1ka_dps._.js:551:17)
    at async useNotifications.useCallback[refresh] (file://C:/Users/Chirag Gupta/Desktop/enterprise-productivity/enterprise-productivity-frontend/.next/dev/static/chunks/src_1ka_dps._.js:727:35)
[browser] ⨯ unhandledRejection: AxiosError: Network Error
    at XMLHttpRequest.handleError (file://C:/Users/Chirag Gupta/Desktop/enterprise-productivity/enterprise-productivity-frontend/.next/dev/static/chunks/node_modules_axios_lib_1i00zly._.js:3186:25)
    at Axios.request (file://C:/Users/Chirag Gupta/Desktop/enterprise-productivity/enterprise-productivity-frontend/.next/dev/static/chunks/node_modules_axios_lib_1i00zly._.js:4313:49)
    at async fetchNotifications (file://C:/Users/Chirag Gupta/Desktop/enterprise-productivity/enterprise-productivity-frontend/.next/dev/static/chunks/src_1ka_dps._.js:551:17)
    at async useNotifications.useCallback[refresh] (file://C:/Users/Chirag Gupta/Desktop/enterprise-productivity/enterprise-productivity-frontend/.next/dev/static/chunks/src_1ka_dps._.js:727:35)
[browser] ⨯ unhandledRejection: AxiosError: Network Error
    at XMLHttpRequest.handleError (file://C:/Users/Chirag Gupta/Desktop/enterprise-productivity/enterprise-productivity-frontend/.next/dev/static/chunks/node_modules_axios_lib_1i00zly._.js:3186:25)
    at Axios.request (file://C:/Users/Chirag Gupta/Desktop/enterprise-productivity/enterprise-productivity-frontend/.next/dev/static/chunks/node_modules_axios_lib_1i00zly._.js:4313:49)
    at async fetchNotifications (file://C:/Users/Chirag Gupta/Desktop/enterprise-productivity/enterprise-productivity-frontend/.next/dev/static/chunks/src_1ka_dps._.js:551:17)
    at async useNotifications.useCallback[refresh] (file://C:/Users/Chirag Gupta/Desktop/enterprise-productivity/enterprise-productivity-frontend/.next/dev/static/chunks/src_1ka_dps._.js:727:35)
[browser] ⨯ unhandledRejection: AxiosError: Network Error
    at XMLHttpRequest.handleError (file://C:/Users/Chirag Gupta/Desktop/enterprise-productivity/enterprise-productivity-frontend/.next/dev/static/chunks/node_modules_axios_lib_1i00zly._.js:3186:25)
    at Axios.request (file://C:/Users/Chirag Gupta/Desktop/enterprise-productivity/enterprise-productivity-frontend/.next/dev/static/chunks/node_modules_axios_lib_1i00zly._.js:4313:49)
    at async fetchNotifications (file://C:/Users/Chirag Gupta/Desktop/enterprise-productivity/enterprise-productivity-frontend/.next/dev/static/chunks/src_1ka_dps._.js:551:17)
    at async useNotifications.useCallback[refresh] (file://C:/Users/Chirag Gupta/Desktop/enterprise-productivity/enterprise-productivity-frontend/.next/dev/static/chunks/src_1ka_dps._.js:727:35)
[browser] ⨯ unhandledRejection: AxiosError: Network Error
    at XMLHttpRequest.handleError (file://C:/Users/Chirag Gupta/Desktop/enterprise-productivity/enterprise-productivity-frontend/.next/dev/static/chunks/node_modules_axios_lib_1i00zly._.js:3186:25)
    at Axios.request (file://C:/Users/Chirag Gupta/Desktop/enterprise-productivity/enterprise-productivity-frontend/.next/dev/static/chunks/node_modules_axios_lib_1i00zly._.js:4313:49)
    at async fetchNotifications (file://C:/Users/Chirag Gupta/Desktop/enterprise-productivity/enterprise-productivity-frontend/.next/dev/static/chunks/src_1ka_dps._.js:551:17)
    at async useNotifications.useCallback[refresh] (file://C:/Users/Chirag Gupta/Desktop/enterprise-productivity/enterprise-productivity-frontend/.next/dev/static/chunks/src_1ka_dps._.js:727:35)
[browser] ⨯ unhandledRejection: AxiosError: Network Error
    at XMLHttpRequest.handleError (file://C:/Users/Chirag Gupta/Desktop/enterprise-productivity/enterprise-productivity-frontend/.next/dev/static/chunks/node_modules_axios_lib_1i00zly._.js:3186:25)
    at Axios.request (file://C:/Users/Chirag Gupta/Desktop/enterprise-productivity/enterprise-productivity-frontend/.next/dev/static/chunks/node_modules_axios_lib_1i00zly._.js:4313:49)
    at async fetchNotifications (file://C:/Users/Chirag Gupta/Desktop/enterprise-productivity/enterprise-productivity-frontend/.next/dev/static/chunks/src_1ka_dps._.js:551:17)
    at async useNotifications.useCallback[refresh] (file://C:/Users/Chirag Gupta/Desktop/enterprise-productivity/enterprise-productivity-frontend/.next/dev/static/chunks/src_1ka_dps._.js:727:35)
[browser] ⨯ unhandledRejection: AxiosError: Network Error
    at XMLHttpRequest.handleError (file://C:/Users/Chirag Gupta/Desktop/enterprise-productivity/enterprise-productivity-frontend/.next/dev/static/chunks/node_modules_axios_lib_1i00zly._.js:3186:25)
    at Axios.request (file://C:/Users/Chirag Gupta/Desktop/enterprise-productivity/enterprise-productivity-frontend/.next/dev/static/chunks/node_modules_axios_lib_1i00zly._.js:4313:49)
    at async fetchNotifications (file://C:/Users/Chirag Gupta/Desktop/enterprise-productivity/enterprise-productivity-frontend/.next/dev/static/chunks/src_1ka_dps._.js:551:17)
    at async useNotifications.useCallback[refresh] (file://C:/Users/Chirag Gupta/Desktop/enterprise-productivity/enterprise-productivity-frontend/.next/dev/static/chunks/src_1ka_dps._.js:727:35)
[browser] ⨯ unhandledRejection: AxiosError: Network Error
    at XMLHttpRequest.handleError (file://C:/Users/Chirag Gupta/Desktop/enterprise-productivity/enterprise-productivity-frontend/.next/dev/static/chunks/node_modules_axios_lib_1i00zly._.js:3186:25)
    at Axios.request (file://C:/Users/Chirag Gupta/Desktop/enterprise-productivity/enterprise-productivity-frontend/.next/dev/static/chunks/node_modules_axios_lib_1i00zly._.js:4313:49)
    at async fetchNotifications (file://C:/Users/Chirag Gupta/Desktop/enterprise-productivity/enterprise-productivity-frontend/.next/dev/static/chunks/src_1ka_dps._.js:551:17)
    at async useNotifications.useCallback[refresh] (file://C:/Users/Chirag Gupta/Desktop/enterprise-productivity/enterprise-productivity-frontend/.next/dev/static/chunks/src_1ka_dps._.js:727:35)
[browser] ⨯ unhandledRejection: AxiosError: Network Error
    at XMLHttpRequest.handleError (file://C:/Users/Chirag Gupta/Desktop/enterprise-productivity/enterprise-productivity-frontend/.next/dev/static/chunks/node_modules_axios_lib_1i00zly._.js:3186:25)
    at Axios.request (file://C:/Users/Chirag Gupta/Desktop/enterprise-productivity/enterprise-productivity-frontend/.next/dev/static/chunks/node_modules_axios_lib_1i00zly._.js:4313:49)
    at async fetchNotifications (file://C:/Users/Chirag Gupta/Desktop/enterprise-productivity/enterprise-productivity-frontend/.next/dev/static/chunks/src_1ka_dps._.js:551:17)
    at async useNotifications.useCallback[refresh] (file://C:/Users/Chirag Gupta/Desktop/enterprise-productivity/enterprise-productivity-frontend/.next/dev/static/chunks/src_1ka_dps._.js:727:35)
[browser] ⨯ unhandledRejection: AxiosError: Network Error
    at XMLHttpRequest.handleError (file://C:/Users/Chirag Gupta/Desktop/enterprise-productivity/enterprise-productivity-frontend/.next/dev/static/chunks/node_modules_axios_lib_1i00zly._.js:3186:25)
    at Axios.request (file://C:/Users/Chirag Gupta/Desktop/enterprise-productivity/enterprise-productivity-frontend/.next/dev/static/chunks/node_modules_axios_lib_1i00zly._.js:4313:49)
    at async fetchNotifications (file://C:/Users/Chirag Gupta/Desktop/enterprise-productivity/enterprise-productivity-frontend/.next/dev/static/chunks/src_1ka_dps._.js:551:17)
    at async useNotifications.useCallback[refresh] (file://C:/Users/Chirag Gupta/Desktop/enterprise-productivity/enterprise-productivity-frontend/.next/dev/static/chunks/src_1ka_dps._.js:727:35)
 GET /dashboard 200 in 1752ms (next.js: 1187ms, proxy.ts: 371ms, application-code: 194ms)
[browser] Consecutive calls to connectUser is detected, ideally you should only call this function once in your app. (file://C:/Users/Chirag Gupta/Desktop/enterprise-productivity/enterprise-productivity-frontend/.next/dev/static/chunks/node_modules_next_dist_1ybzpk2._.js:2489:13)
 GET /dashboard 200 in 1887ms (next.js: 26ms, proxy.ts: 52ms, application-code: 1808ms)
[browser] Clerk: Clerk has been loaded with development keys. Development instances have strict usage limits and should not be used when deploying your application to production. Learn more: https://clerk.com/docs/deployments/overview (file://C:/Users/Chirag Gupta/Desktop/enterprise-productivity/enterprise-productivity-frontend/.next/dev/static/chunks/node_modules_next_dist_1ybzpk2._.js:2489:13)
 GET /admin/roles 200 in 363ms (next.js: 103ms, proxy.ts: 24ms, application-code: 237ms)
○ Compiling /organization-channels ...
 GET /organization-channels 200 in 7.6s (next.js: 7.4s, proxy.ts: 34ms, application-code: 107ms)
 GET /dashboard 200 in 114ms (next.js: 14ms, proxy.ts: 30ms, application-code: 70ms)
[browser] Consecutive calls to connectUser is detected, ideally you should only call this function once in your app. (file://C:/Users/Chirag Gupta/Desktop/enterprise-productivity/enterprise-productivity-frontend/.next/dev/static/chunks/node_modules_next_dist_1ybzpk2._.js:2489:13)
[browser] Consecutive calls to connectUser is detected, ideally you should only call this function once in your app. (file://C:/Users/Chirag Gupta/Desktop/enterprise-productivity/enterprise-productivity-frontend/.next/dev/static/chunks/node_modules_next_dist_1ybzpk2._.js:2489:13)
[browser] ⨯ unhandledRejection: AxiosError: Network Error
    at XMLHttpRequest.handleError (file://C:/Users/Chirag Gupta/Desktop/enterprise-productivity/enterprise-productivity-frontend/.next/dev/static/chunks/node_modules_axios_lib_1i00zly._.js:3186:25)
    at Axios.request (file://C:/Users/Chirag Gupta/Desktop/enterprise-productivity/enterprise-productivity-frontend/.next/dev/static/chunks/node_modules_axios_lib_1i00zly._.js:4313:49)
    at async fetchNotifications (file://C:/Users/Chirag Gupta/Desktop/enterprise-productivity/enterprise-productivity-frontend/.next/dev/static/chunks/src_1ka_dps._.js:551:17)
    at async useNotifications.useCallback[refresh] (file://C:/Users/Chirag Gupta/Desktop/enterprise-productivity/enterprise-productivity-frontend/.next/dev/static/chunks/src_1ka_dps._.js:727:35)
[browser] ⨯ unhandledRejection: AxiosError: Network Error
    at XMLHttpRequest.handleError (file://C:/Users/Chirag Gupta/Desktop/enterprise-productivity/enterprise-productivity-frontend/.next/dev/static/chunks/node_modules_axios_lib_1i00zly._.js:3186:25)
    at Axios.request (file://C:/Users/Chirag Gupta/Desktop/enterprise-productivity/enterprise-productivity-frontend/.next/dev/static/chunks/node_modules_axios_lib_1i00zly._.js:4313:49)
    at async fetchNotifications (file://C:/Users/Chirag Gupta/Desktop/enterprise-productivity/enterprise-productivity-frontend/.next/dev/static/chunks/src_1ka_dps._.js:551:17)
    at async useNotifications.useCallback[refresh] (file://C:/Users/Chirag Gupta/Desktop/enterprise-productivity/enterprise-productivity-frontend/.next/dev/static/chunks/src_1ka_dps._.js:727:35)
[browser] ⨯ unhandledRejection: AxiosError: Network Error
    at XMLHttpRequest.handleError (file://C:/Users/Chirag Gupta/Desktop/enterprise-productivity/enterprise-productivity-frontend/.next/dev/static/chunks/node_modules_axios_lib_1i00zly._.js:3186:25)
    at Axios.request (file://C:/Users/Chirag Gupta/Desktop/enterprise-productivity/enterprise-productivity-frontend/.next/dev/static/chunks/node_modules_axios_lib_1i00zly._.js:4313:49)
    at async fetchNotifications (file://C:/Users/Chirag Gupta/Desktop/enterprise-productivity/enterprise-productivity-frontend/.next/dev/static/chunks/src_1ka_dps._.js:551:17)
    at async useNotifications.useCallback[refresh] (file://C:/Users/Chirag Gupta/Desktop/enterprise-productivity/enterprise-productivity-frontend/.next/dev/static/chunks/src_1ka_dps._.js:727:35)
[browser] ⨯ unhandledRejection: AxiosError: Network Error
    at XMLHttpRequest.handleError (file://C:/Users/Chirag Gupta/Desktop/enterprise-productivity/enterprise-productivity-frontend/.next/dev/static/chunks/node_modules_axios_lib_1i00zly._.js:3186:25)
    at Axios.request (file://C:/Users/Chirag Gupta/Desktop/enterprise-productivity/enterprise-productivity-frontend/.next/dev/static/chunks/node_modules_axios_lib_1i00zly._.js:4313:49)
    at async fetchNotifications (file://C:/Users/Chirag Gupta/Desktop/enterprise-productivity/enterprise-productivity-frontend/.next/dev/static/chunks/src_1ka_dps._.js:551:17)
    at async useNotifications.useCallback[refresh] (file://C:/Users/Chirag Gupta/Desktop/enterprise-productivity/enterprise-productivity-frontend/.next/dev/static/chunks/src_1ka_dps._.js:727:35)
[browser] ⨯ unhandledRejection: AxiosError: Network Error
    at XMLHttpRequest.handleError (file://C:/Users/Chirag Gupta/Desktop/enterprise-productivity/enterprise-productivity-frontend/.next/dev/static/chunks/node_modules_axios_lib_1i00zly._.js:3186:25)
    at Axios.request (file://C:/Users/Chirag Gupta/Desktop/enterprise-productivity/enterprise-productivity-frontend/.next/dev/static/chunks/node_modules_axios_lib_1i00zly._.js:4313:49)
    at async fetchNotifications (file://C:/Users/Chirag Gupta/Desktop/enterprise-productivity/enterprise-productivity-frontend/.next/dev/static/chunks/src_1ka_dps._.js:551:17)
    at async useNotifications.useCallback[refresh] (file://C:/Users/Chirag Gupta/Desktop/enterprise-productivity/enterprise-productivity-frontend/.next/dev/static/chunks/src_1ka_dps._.js:727:35)
✓ Compiled in 1574ms
✓ Compiled in 1010ms
 GET /dashboard 200 in 5.0s (next.js: 1694ms, proxy.ts: 2.8s, application-code: 499ms)
✓ Compiled in 474ms
✓ Compiled in 1293ms
✓ Finished filesystem cache database compaction in 15.9s
 GET /dashboard 200 in 2.8s (next.js: 1121ms, proxy.ts: 478ms, application-code: 1204ms)
 GET /dashboard 200 in 1993ms (next.js: 306ms, proxy.ts: 70ms, application-code: 1616ms)
 GET /dashboard 200 in 2.0s (next.js: 120ms, proxy.ts: 254ms, application-code: 1637ms)
 GET /dashboard 200 in 2.0s (next.js: 275ms, proxy.ts: 228ms, application-code: 1522ms)
 GET /dashboard 200 in 2.0s (next.js: 529ms, proxy.ts: 249ms, application-code: 1240ms)
 GET /dashboard 200 in 2.0s (next.js: 383ms, proxy.ts: 250ms, application-code: 1395ms)
 GET /dashboard 200 in 1950ms (next.js: 631ms, proxy.ts: 165ms, application-code: 1155ms)
 GET /dashboard 200 in 1630ms (next.js: 73ms, proxy.ts: 122ms, application-code: 1435ms)
 GET /dashboard 200 in 961ms (next.js: 49ms, proxy.ts: 78ms, application-code: 834ms)
 GET /dashboard 200 in 964ms (next.js: 150ms, proxy.ts: 79ms, application-code: 736ms)
 GET /dashboard 200 in 1736ms (next.js: 287ms, proxy.ts: 80ms, application-code: 1370ms)
 GET /dashboard 200 in 1787ms (next.js: 423ms, proxy.ts: 88ms, application-code: 1275ms)
 GET /dashboard 200 in 1983ms (next.js: 196ms, proxy.ts: 432ms, application-code: 1354ms)
 GET /dashboard 200 in 3.4s (next.js: 146ms, proxy.ts: 39ms, application-code: 3.3s)
 GET /dashboard 200 in 2.8s (next.js: 89ms, proxy.ts: 269ms, application-code: 2.4s)
 GET /dashboard 200 in 2.8s (next.js: 308ms, proxy.ts: 247ms, application-code: 2.2s)
 GET /dashboard 200 in 2.6s (next.js: 693ms, proxy.ts: 144ms, application-code: 1761ms)
 GET /dashboard 200 in 2.6s (next.js: 1991ms, proxy.ts: 154ms, application-code: 473ms)
 GET /dashboard 200 in 2.3s (next.js: 88ms, proxy.ts: 2.0s, application-code: 206ms)
 GET /dashboard 200 in 1729ms (next.js: 1467ms, proxy.ts: 41ms, application-code: 221ms)
 GET /dashboard 200 in 257ms (next.js: 35ms, proxy.ts: 48ms, application-code: 175ms)
 GET /dashboard 200 in 974ms (next.js: 357ms, proxy.ts: 24ms, application-code: 593ms)
 GET /dashboard 200 in 237ms (next.js: 44ms, proxy.ts: 20ms, application-code: 172ms)
 GET /dashboard 200 in 130ms (next.js: 14ms, proxy.ts: 20ms, application-code: 96ms)
 GET /dashboard 200 in 251ms (next.js: 38ms, proxy.ts: 56ms, application-code: 157ms)
 GET /dashboard 200 in 654ms (next.js: 35ms, proxy.ts: 39ms, application-code: 579ms)
 GET /dashboard 200 in 1432ms (next.js: 351ms, proxy.ts: 44ms, application-code: 1037ms)
 GET /dashboard 200 in 973ms (next.js: 451ms, proxy.ts: 58ms, application-code: 464ms)
 GET /dashboard 200 in 972ms (next.js: 135ms, proxy.ts: 59ms, application-code: 778ms)
 GET /dashboard 200 in 1000ms (next.js: 587ms, proxy.ts: 76ms, application-code: 338ms)
✓ Compiled in 536ms
 GET /dashboard 200 in 2.6s (next.js: 830ms, proxy.ts: 1342ms, application-code: 463ms)
 GET /dashboard 200 in 577ms (next.js: 14ms, proxy.ts: 410ms, application-code: 152ms)
 GET /dashboard 200 in 566ms (next.js: 16ms, proxy.ts: 445ms, application-code: 106ms)
 GET /dashboard 200 in 516ms (next.js: 15ms, proxy.ts: 389ms, application-code: 112ms)
 GET /dashboard 200 in 519ms (next.js: 13ms, proxy.ts: 395ms, application-code: 111ms)
 GET /dashboard 200 in 579ms (next.js: 20ms, proxy.ts: 427ms, application-code: 132ms)
 GET /dashboard 200 in 643ms (next.js: 27ms, proxy.ts: 459ms, application-code: 158ms)
 GET /dashboard 200 in 645ms (next.js: 46ms, proxy.ts: 442ms, application-code: 157ms)
 GET /dashboard 200 in 645ms (next.js: 38ms, proxy.ts: 421ms, application-code: 185ms)
 GET /dashboard 200 in 558ms (next.js: 14ms, proxy.ts: 410ms, application-code: 135ms)
 GET /dashboard 200 in 1005ms (next.js: 15ms, proxy.ts: 381ms, application-code: 609ms)
 GET /dashboard 200 in 2.6s (next.js: 164ms, proxy.ts: 44ms, application-code: 2.4s)
 GET /dashboard 200 in 2.8s (next.js: 110ms, proxy.ts: 153ms, application-code: 2.5s)
 GET /dashboard 200 in 2.8s (next.js: 897ms, proxy.ts: 152ms, application-code: 1718ms)
 GET /dashboard 200 in 2.8s (next.js: 477ms, proxy.ts: 116ms, application-code: 2.2s)
 GET /dashboard 200 in 2.8s (next.js: 1642ms, proxy.ts: 149ms, application-code: 974ms)
 GET /dashboard 200 in 3.1s (next.js: 2.0s, proxy.ts: 102ms, application-code: 989ms)
 GET /dashboard 200 in 1576ms (next.js: 195ms, proxy.ts: 42ms, application-code: 1339ms)
 GET /dashboard 200 in 2.0s (next.js: 68ms, proxy.ts: 76ms, application-code: 1868ms)
 GET /dashboard 200 in 2.0s (next.js: 214ms, proxy.ts: 72ms, application-code: 1729ms)
 GET /dashboard 200 in 2.4s (next.js: 457ms, proxy.ts: 75ms, application-code: 1869ms)
 GET /dashboard 200 in 2.4s (next.js: 772ms, proxy.ts: 77ms, application-code: 1552ms)
 GET /dashboard 200 in 2.3s (next.js: 380ms, proxy.ts: 853ms, application-code: 1085ms)
 GET /dashboard 200 in 2.7s (next.js: 211ms, proxy.ts: 38ms, application-code: 2.4s)
 GET /dashboard 200 in 2.8s (next.js: 293ms, proxy.ts: 513ms, application-code: 2.0s)
 GET /dashboard 200 in 2.4s (next.js: 743ms, proxy.ts: 150ms, application-code: 1552ms)
 GET /dashboard 200 in 2.4s (next.js: 519ms, proxy.ts: 745ms, application-code: 1133ms)
 GET /dashboard 200 in 2.4s (next.js: 1701ms, proxy.ts: 113ms, application-code: 590ms)
 GET /dashboard 200 in 2.4s (next.js: 63ms, proxy.ts: 1348ms, application-code: 960ms)
 GET /dashboard 200 in 1834ms (next.js: 408ms, proxy.ts: 47ms, application-code: 1380ms)
 GET /dashboard 200 in 1823ms (next.js: 733ms, proxy.ts: 727ms, application-code: 363ms)
 GET /dashboard 200 in 1794ms (next.js: 360ms, proxy.ts: 709ms, application-code: 725ms)
✓ Compiled in 872ms
✓ Compiled in 424ms
✓ Compiled in 638ms
[browser] Clerk: Clerk has been loaded with development keys. Development instances have strict usage limits and should not be used when deploying your application to production. Learn more: https://clerk.com/docs/deployments/overview (file://C:/Users/Chirag Gupta/Desktop/enterprise-productivity/enterprise-productivity-frontend/.next/dev/static/chunks/node_modules_next_dist_1ybzpk2._.js:2489:13)
✓ Compiled in 279ms
 GET /dashboard 200 in 2.7s (next.js: 51ms, proxy.ts: 359ms, application-code: 2.2s)
[browser] Clerk: Clerk has been loaded with development keys. Development instances have strict usage limits and should not be used when deploying your application to production. Learn more: https://clerk.com/docs/deployments/overview (file://C:/Users/Chirag Gupta/Desktop/enterprise-productivity/enterprise-productivity-frontend/.next/dev/static/chunks/node_modules_next_dist_1ybzpk2._.js:2489:13)
 GET /tasks 200 in 780ms (next.js: 659ms, proxy.ts: 28ms, application-code: 93ms)
 GET /projects 200 in 2.8s (next.js: 2.8s, proxy.ts: 28ms, application-code: 56ms)
 GET /department-channels 200 in 1716ms (next.js: 1637ms, proxy.ts: 19ms, application-code: 61ms)
 GET /projects 200 in 161ms (next.js: 14ms, proxy.ts: 20ms, application-code: 127ms)
○ Compiling /projects/[projectId] ...
 GET /projects/fc10a1e7-6b6d-4d8d-ba3e-17e48c85f544 200 in 5.2s (next.js: 5.1s, proxy.ts: 16ms, application-code: 77ms)
[browser] Consecutive calls to connectUser is detected, ideally you should only call this function once in your app. (file://C:/Users/Chirag Gupta/Desktop/enterprise-productivity/enterprise-productivity-frontend/.next/dev/static/chunks/node_modules_next_dist_1ybzpk2._.js:2489:13)
[browser] Consecutive calls to connectUser is detected, ideally you should only call this function once in your app. (file://C:/Users/Chirag Gupta/Desktop/enterprise-productivity/enterprise-productivity-frontend/.next/dev/static/chunks/node_modules_next_dist_1ybzpk2._.js:2489:13)
 GET /projects/fc10a1e7-6b6d-4d8d-ba3e-17e48c85f544?tab=announcements 200 in 131ms (next.js: 36ms, proxy.ts: 35ms, application-code: 61ms)
 GET /projects/fc10a1e7-6b6d-4d8d-ba3e-17e48c85f544?tab=documents 200 in 148ms (next.js: 37ms, proxy.ts: 33ms, application-code: 78ms)
 GET /projects/fc10a1e7-6b6d-4d8d-ba3e-17e48c85f544?tab=ai-summary 200 in 201ms (next.js: 36ms, proxy.ts: 32ms, application-code: 134ms)
 GET /projects/fc10a1e7-6b6d-4d8d-ba3e-17e48c85f544?tab=milestones 200 in 151ms (next.js: 37ms, proxy.ts: 20ms, application-code: 95ms)
 GET /tasks 200 in 557ms (next.js: 24ms, proxy.ts: 480ms, application-code: 54ms)
 GET /dashboard 200 in 727ms (next.js: 140ms, proxy.ts: 175ms, application-code: 412ms)
[browser] Consecutive calls to connectUser is detected, ideally you should only call this function once in your app. (file://C:/Users/Chirag Gupta/Desktop/enterprise-productivity/enterprise-productivity-frontend/.next/dev/static/chunks/node_modules_next_dist_1ybzpk2._.js:2489:13)
[browser] Consecutive calls to connectUser is detected, ideally you should only call this function once in your app. (file://C:/Users/Chirag Gupta/Desktop/enterprise-productivity/enterprise-productivity-frontend/.next/dev/static/chunks/node_modules_next_dist_1ybzpk2._.js:2489:13)
 GET /tasks 200 in 266ms (next.js: 87ms, proxy.ts: 30ms, application-code: 148ms)
 GET /dashboard?channel=%21members-0xCPyO6plHm8iUF2Ug6vw3B2P6GzF7LffMhoTwndlS8 200 in 300ms (next.js: 31ms, proxy.ts: 47ms, application-code: 222ms)
[browser] Consecutive calls to connectUser is detected, ideally you should only call this function once in your app. (file://C:/Users/Chirag Gupta/Desktop/enterprise-productivity/enterprise-productivity-frontend/.next/dev/static/chunks/node_modules_next_dist_1ybzpk2._.js:2489:13)
[browser] Consecutive calls to connectUser is detected, ideally you should only call this function once in your app. (file://C:/Users/Chirag Gupta/Desktop/enterprise-productivity/enterprise-productivity-frontend/.next/dev/static/chunks/node_modules_next_dist_1ybzpk2._.js:2489:13)
 GET /dashboard 200 in 145ms (next.js: 21ms, proxy.ts: 23ms, application-code: 101ms)
 GET /dashboard 200 in 146ms (next.js: 36ms, proxy.ts: 24ms, application-code: 87ms)
 GET /tasks 200 in 148ms (next.js: 21ms, proxy.ts: 32ms, application-code: 95ms)
 GET /dashboard 200 in 426ms (next.js: 121ms, proxy.ts: 31ms, application-code: 274ms)
[browser] ⨯ unhandledRejection: AxiosError: Network Error
    at XMLHttpRequest.handleError (file://C:/Users/Chirag Gupta/Desktop/enterprise-productivity/enterprise-productivity-frontend/.next/dev/static/chunks/node_modules_axios_lib_1i00zly._.js:3186:25)
    at Axios.request (file://C:/Users/Chirag Gupta/Desktop/enterprise-productivity/enterprise-productivity-frontend/.next/dev/static/chunks/node_modules_axios_lib_1i00zly._.js:4313:49)
    at async fetchNotifications (file://C:/Users/Chirag Gupta/Desktop/enterprise-productivity/enterprise-productivity-frontend/.next/dev/static/chunks/src_1ka_dps._.js:551:17)
    at async useNotifications.useCallback[refresh] (file://C:/Users/Chirag Gupta/Desktop/enterprise-productivity/enterprise-productivity-frontend/.next/dev/static/chunks/src_1ka_dps._.js:727:35)
[browser] ⨯ unhandledRejection: AxiosError: Network Error
    at XMLHttpRequest.handleError (file://C:/Users/Chirag Gupta/Desktop/enterprise-productivity/enterprise-productivity-frontend/.next/dev/static/chunks/node_modules_axios_lib_1i00zly._.js:3186:25)
    at Axios.request (file://C:/Users/Chirag Gupta/Desktop/enterprise-productivity/enterprise-productivity-frontend/.next/dev/static/chunks/node_modules_axios_lib_1i00zly._.js:4313:49)
    at async fetchNotifications (file://C:/Users/Chirag Gupta/Desktop/enterprise-productivity/enterprise-productivity-frontend/.next/dev/static/chunks/src_1ka_dps._.js:551:17)
    at async useNotifications.useCallback[refresh] (file://C:/Users/Chirag Gupta/Desktop/enterprise-productivity/enterprise-productivity-frontend/.next/dev/static/chunks/src_1ka_dps._.js:727:35)
 GET /admin/roles 200 in 1443ms (next.js: 1015ms, proxy.ts: 25ms, application-code: 403ms)
[browser] ⨯ unhandledRejection: AxiosError: Network Error
    at XMLHttpRequest.handleError (file://C:/Users/Chirag Gupta/Desktop/enterprise-productivity/enterprise-productivity-frontend/.next/dev/static/chunks/node_modules_axios_lib_1i00zly._.js:3186:25)
    at Axios.request (file://C:/Users/Chirag Gupta/Desktop/enterprise-productivity/enterprise-productivity-frontend/.next/dev/static/chunks/node_modules_axios_lib_1i00zly._.js:4313:49)
    at async fetchNotifications (file://C:/Users/Chirag Gupta/Desktop/enterprise-productivity/enterprise-productivity-frontend/.next/dev/static/chunks/src_1ka_dps._.js:551:17)
    at async useNotifications.useCallback[refresh] (file://C:/Users/Chirag Gupta/Desktop/enterprise-productivity/enterprise-productivity-frontend/.next/dev/static/chunks/src_1ka_dps._.js:727:35)
[browser] ⨯ unhandledRejection: AxiosError: Network Error
    at XMLHttpRequest.handleError (file://C:/Users/Chirag Gupta/Desktop/enterprise-productivity/enterprise-productivity-frontend/.next/dev/static/chunks/node_modules_axios_lib_1i00zly._.js:3186:25)
    at Axios.request (file://C:/Users/Chirag Gupta/Desktop/enterprise-productivity/enterprise-productivity-frontend/.next/dev/static/chunks/node_modules_axios_lib_1i00zly._.js:4313:49)
    at async fetchNotifications (file://C:/Users/Chirag Gupta/Desktop/enterprise-productivity/enterprise-productivity-frontend/.next/dev/static/chunks/src_1ka_dps._.js:551:17)
    at async useNotifications.useCallback[refresh] (file://C:/Users/Chirag Gupta/Desktop/enterprise-productivity/enterprise-productivity-frontend/.next/dev/static/chunks/src_1ka_dps._.js:727:35)
[browser] ⨯ unhandledRejection: AxiosError: Network Error
    at XMLHttpRequest.handleError (file://C:/Users/Chirag Gupta/Desktop/enterprise-productivity/enterprise-productivity-frontend/.next/dev/static/chunks/node_modules_axios_lib_1i00zly._.js:3186:25)
    at Axios.request (file://C:/Users/Chirag Gupta/Desktop/enterprise-productivity/enterprise-productivity-frontend/.next/dev/static/chunks/node_modules_axios_lib_1i00zly._.js:4313:49)
    at async fetchNotifications (file://C:/Users/Chirag Gupta/Desktop/enterprise-productivity/enterprise-productivity-frontend/.next/dev/static/chunks/src_1ka_dps._.js:551:17)
    at async useNotifications.useCallback[refresh] (file://C:/Users/Chirag Gupta/Desktop/enterprise-productivity/enterprise-productivity-frontend/.next/dev/static/chunks/src_1ka_dps._.js:727:35)
⚠ Fast Refresh had to perform a full reload when ./src/lib/api-client.ts changed. Read more: https://nextjs.org/docs/messages/fast-refresh-reload
✓ Compiled in 1237ms
 GET /admin/roles 200 in 1801ms (next.js: 374ms, proxy.ts: 448ms, application-code: 979ms)
[browser] Clerk: Clerk has been loaded with development keys. Development instances have strict usage limits and should not be used when deploying your application to production. Learn more: https://clerk.com/docs/deployments/overview (file://C:/Users/Chirag Gupta/Desktop/enterprise-productivity/enterprise-productivity-frontend/.next/dev/static/chunks/node_modules_next_dist_1ybzpk2._.js:2489:13)
 GET /admin/roles 200 in 758ms (next.js: 313ms, proxy.ts: 322ms, application-code: 123ms)
 GET /admin/roles 200 in 727ms (next.js: 223ms, proxy.ts: 343ms, application-code: 161ms)
 GET /admin/roles 200 in 855ms (next.js: 373ms, proxy.ts: 318ms, application-code: 164ms)
 GET /admin/roles 200 in 825ms (next.js: 329ms, proxy.ts: 384ms, application-code: 111ms)
 GET /admin/roles 200 in 659ms (next.js: 275ms, proxy.ts: 255ms, application-code: 129ms)
 GET /admin/roles 200 in 749ms (next.js: 283ms, proxy.ts: 300ms, application-code: 166ms)
 GET /admin/roles 200 in 1044ms (next.js: 531ms, proxy.ts: 284ms, application-code: 230ms)
 GET /admin/roles 200 in 1585ms (next.js: 742ms, proxy.ts: 589ms, application-code: 255ms)
 GET /admin/roles 200 in 820ms (next.js: 323ms, proxy.ts: 370ms, application-code: 127ms)
[browser] ./src/components/chat/chat-body.tsx:107:9
the name `isArchived` is defined multiple times
  105 |   const isGroupChat = Boolean(channelData?.name);
  106 |   const groupDescription = channelData?.description ?? null;
> 107 |   const isArchived = Boolean(channelData?.frozen);
      |         ^^^^^^^^^^
  108 |
  109 |   return (
  110 |     <div className="flex h-screen w-full flex-col md:flex-row">

Ecmascript file had an error

Import traces:
  Client Component Browser:
    ./src/components/chat/chat-body.tsx [Client Component Browser]
    ./src/components/chat/chat-layout.tsx [Client Component Browser]
    ./src/components/chat/chat-layout.tsx [Server Component]
    ./src/app/dashboard/page.tsx [Server Component]

  Client Component SSR:
    ./src/components/chat/chat-body.tsx [Client Component SSR]
    ./src/components/chat/chat-layout.tsx [Client Component SSR]
    ./src/components/chat/chat-layout.tsx [Server Component]
    ./src/app/dashboard/page.tsx [Server Component] 
    at handleErrors (file://C:/Users/Chirag Gupta/Desktop/enterprise-productivity/enterprise-productivity-frontend/.next/dev/static/chunks/node_modules_next_dist_client_0r5nbpw._.js:13951:21)
    at processMessage (file://C:/Users/Chirag Gupta/Desktop/enterprise-productivity/enterprise-productivity-frontend/.next/dev/static/chunks/node_modules_next_dist_client_0r5nbpw._.js:14014:21)
    at WebSocket.handleMessage (file://C:/Users/Chirag Gupta/Desktop/enterprise-productivity/enterprise-productivity-frontend/.next/dev/static/chunks/node_modules_next_dist_client_0r5nbpw._.js:13458:52) (file://C:/Users/Chirag Gupta/Desktop/enterprise-productivity/enterprise-productivity-frontend/.next/dev/static/chunks/node_modules_next_dist_client_0r5nbpw._.js:13951:21)
[browser] ./src/components/chat/chat-body.tsx:107:9
the name `isArchived` is defined multiple times
  105 |   const isGroupChat = Boolean(channelData?.name);
  106 |   const groupDescription = channelData?.description ?? null;
> 107 |   const isArchived = Boolean(channelData?.frozen);
      |         ^^^^^^^^^^
  108 |
  109 |   return (
  110 |     <div className="flex h-screen w-full flex-col md:flex-row">

Ecmascript file had an error

Import traces:
  Client Component Browser:
    ./src/components/chat/chat-body.tsx [Client Component Browser]
    ./src/components/chat/chat-layout.tsx [Client Component Browser]
    ./src/components/chat/chat-layout.tsx [Server Component]
    ./src/app/dashboard/page.tsx [Server Component]

  Client Component SSR:
    ./src/components/chat/chat-body.tsx [Client Component SSR]
    ./src/components/chat/chat-layout.tsx [Client Component SSR]
    ./src/components/chat/chat-layout.tsx [Server Component]
    ./src/app/dashboard/page.tsx [Server Component] 
    at handleErrors (file://C:/Users/Chirag Gupta/Desktop/enterprise-productivity/enterprise-productivity-frontend/.next/dev/static/chunks/node_modules_next_dist_client_0r5nbpw._.js:13951:21)
    at processMessage (file://C:/Users/Chirag Gupta/Desktop/enterprise-productivity/enterprise-productivity-frontend/.next/dev/static/chunks/node_modules_next_dist_client_0r5nbpw._.js:14014:21)
    at WebSocket.handleMessage (file://C:/Users/Chirag Gupta/Desktop/enterprise-productivity/enterprise-productivity-frontend/.next/dev/static/chunks/node_modules_next_dist_client_0r5nbpw._.js:13458:52) (file://C:/Users/Chirag Gupta/Desktop/enterprise-productivity/enterprise-productivity-frontend/.next/dev/static/chunks/node_modules_next_dist_client_0r5nbpw._.js:13951:21)
 GET /admin/roles 500 in 4.5s (next.js: 3.7s, proxy.ts: 336ms, application-code: 465ms)
[browser] ./src/components/chat/chat-body.tsx:107:9
the name `isArchived` is defined multiple times
  105 |   const isGroupChat = Boolean(channelData?.name);
  106 |   const groupDescription = channelData?.description ?? null;
> 107 |   const isArchived = Boolean(channelData?.frozen);
      |         ^^^^^^^^^^
  108 |
  109 |   return (
  110 |     <div className="flex h-screen w-full flex-col md:flex-row">

Ecmascript file had an error

Import traces:
  Client Component Browser:
    ./src/components/chat/chat-body.tsx [Client Component Browser]
    ./src/components/chat/chat-layout.tsx [Client Component Browser]
    ./src/components/chat/chat-layout.tsx [Server Component]
    ./src/app/dashboard/page.tsx [Server Component]

  Client Component SSR:
    ./src/components/chat/chat-body.tsx [Client Component SSR]
    ./src/components/chat/chat-layout.tsx [Client Component SSR]
    ./src/components/chat/chat-layout.tsx [Server Component]
    ./src/app/dashboard/page.tsx [Server Component] 
    at handleErrors (file://C:/Users/Chirag Gupta/Desktop/enterprise-productivity/enterprise-productivity-frontend/.next/dev/static/chunks/node_modules_next_dist_client_0r5nbpw._.js:13951:21)
    at processMessage (file://C:/Users/Chirag Gupta/Desktop/enterprise-productivity/enterprise-productivity-frontend/.next/dev/static/chunks/node_modules_next_dist_client_0r5nbpw._.js:14014:21)
    at WebSocket.handleMessage (file://C:/Users/Chirag Gupta/Desktop/enterprise-productivity/enterprise-productivity-frontend/.next/dev/static/chunks/node_modules_next_dist_client_0r5nbpw._.js:13458:52) (file://C:/Users/Chirag Gupta/Desktop/enterprise-productivity/enterprise-productivity-frontend/.next/dev/static/chunks/node_modules_next_dist_client_0r5nbpw._.js:13951:21)
✓ Compiled in 244ms
 GET /admin/roles 500 in 443ms (next.js: 369ms, proxy.ts: 29ms, application-code: 46ms)
[browser] Uncaught Error: ./src/components/chat/chat-body.tsx:107:9
the name `isArchived` is defined multiple times
  105 |   const isGroupChat = Boolean(channelData?.name);
  106 |   const groupDescription = channelData?.description ?? null;
> 107 |   const isArchived = Boolean(channelData?.frozen);
      |         ^^^^^^^^^^
  108 |
  109 |   return (
  110 |     <div className="flex h-screen w-full flex-col md:flex-row">

Ecmascript file had an error

Import traces:
  Client Component Browser:
    ./src/components/chat/chat-body.tsx [Client Component Browser]
    ./src/components/chat/chat-layout.tsx [Client Component Browser]
    ./src/components/chat/chat-layout.tsx [Server Component]
    ./src/app/dashboard/page.tsx [Server Component]

  Client Component SSR:
    ./src/components/chat/chat-body.tsx [Client Component SSR]
    ./src/components/chat/chat-layout.tsx [Client Component SSR]
    ./src/components/chat/chat-layout.tsx [Server Component]
    ./src/app/dashboard/page.tsx [Server Component]


    at <unknown> (Error: ./src/components/chat/chat-body.tsx:107:9)
    at <unknown> (Error: (./src/components/chat/chat-body.tsx:107:9)
 GET /admin/roles 200 in 1954ms (next.js: 255ms, proxy.ts: 908ms, application-code: 791ms)
[browser] Clerk: Clerk has been loaded with development keys. Development instances have strict usage limits and should not be used when deploying your application to production. Learn more: https://clerk.com/docs/deployments/overview (file://C:/Users/Chirag Gupta/Desktop/enterprise-productivity/enterprise-productivity-frontend/.next/dev/static/chunks/node_modules_next_dist_1ybzpk2._.js:2489:13)
 GET /admin/roles 200 in 761ms (next.js: 268ms, proxy.ts: 364ms, application-code: 129ms)
 GET /admin/roles 200 in 912ms (next.js: 373ms, proxy.ts: 243ms, application-code: 296ms)
 GET /admin/roles 200 in 696ms (next.js: 246ms, proxy.ts: 318ms, application-code: 132ms)
 GET /admin/roles 200 in 200ms (next.js: 14ms, proxy.ts: 30ms, application-code: 156ms)
 GET /admin/roles 200 in 223ms (next.js: 22ms, proxy.ts: 24ms, application-code: 177ms)
 GET /admin/roles 200 in 112ms (next.js: 17ms, proxy.ts: 24ms, application-code: 71ms)
 GET /tasks 200 in 468ms (next.js: 345ms, proxy.ts: 30ms, application-code: 93ms)
 GET /dashboard?channel=%21members-0xCPyO6plHm8iUF2Ug6vw3B2P6GzF7LffMhoTwndlS8 200 in 597ms (next.js: 377ms, proxy.ts: 29ms, application-code: 190ms)
[browser] Consecutive calls to connectUser is detected, ideally you should only call this function once in your app. (file://C:/Users/Chirag Gupta/Desktop/enterprise-productivity/enterprise-productivity-frontend/.next/dev/static/chunks/node_modules_next_dist_1ybzpk2._.js:2489:13)
 GET /dashboard 200 in 63ms (next.js: 16ms, proxy.ts: 30ms, application-code: 17ms)
 GET /dashboard 200 in 81ms (next.js: 12ms, proxy.ts: 20ms, application-code: 48ms)
 GET /directory 200 in 446ms (next.js: 345ms, proxy.ts: 15ms, application-code: 86ms)
[browser] Consecutive calls to connectUser is detected, ideally you should only call this function once in your app. (file://C:/Users/Chirag Gupta/Desktop/enterprise-productivity/enterprise-productivity-frontend/.next/dev/static/chunks/node_modules_next_dist_1ybzpk2._.js:2489:13)
[browser] Consecutive calls to connectUser is detected, ideally you should only call this function once in your app. (file://C:/Users/Chirag Gupta/Desktop/enterprise-productivity/enterprise-productivity-frontend/.next/dev/static/chunks/node_modules_next_dist_1ybzpk2._.js:2489:13)
Error: Cannot apply unknown utility class `btn`
    [2m[at onInvalidCandidate (C:\Users\Chirag Gupta\Desktop\enterprise-productivity\enterprise-productivity-frontend\node_modules\tailwindcss\dist\lib.js:21:1879)][0m
    [2m[at Oe (C:\Users\Chirag Gupta\Desktop\enterprise-productivity\enterprise-productivity-frontend\node_modules\tailwindcss\dist\lib.js:16:39470)][0m
    [2m[at C:\Users\Chirag Gupta\Desktop\enterprise-productivity\enterprise-productivity-frontend\node_modules\tailwindcss\dist\lib.js:21:711][0m
    [2m[at ai (C:\Users\Chirag Gupta\Desktop\enterprise-productivity\enterprise-productivity-frontend\node_modules\tailwindcss\dist\lib.js:5:1775)][0m
    [2m[at O (C:\Users\Chirag Gupta\Desktop\enterprise-productivity\enterprise-productivity-frontend\node_modules\tailwindcss\dist\lib.js:5:1377)][0m
    [2m[at Pe (C:\Users\Chirag Gupta\Desktop\enterprise-productivity\enterprise-productivity-frontend\node_modules\tailwindcss\dist\lib.js:21:172)][0m
    [2m[at On (C:\Users\Chirag Gupta\Desktop\enterprise-productivity\enterprise-productivity-frontend\node_modules\tailwindcss\dist\lib.js:38:294)][0m
    [2m[at async _n (C:\Users\Chirag Gupta\Desktop\enterprise-productivity\enterprise-productivity-frontend\node_modules\tailwindcss\dist\lib.js:38:631)][0m
    [2m[at async an (C:\Users\Chirag Gupta\Desktop\enterprise-productivity\enterprise-productivity-frontend\node_modules\@tailwindcss\node\dist\index.js:10:3415)][0m
    [2m[at async E (C:\Users\Chirag Gupta\Desktop\enterprise-productivity\enterprise-productivity-frontend\node_modules\@tailwindcss\postcss\dist\index.js:10:3996)][0m
✓ Compiled in 1454ms
Error: Cannot apply unknown utility class `card`
    [2m[at onInvalidCandidate (C:\Users\Chirag Gupta\Desktop\enterprise-productivity\enterprise-productivity-frontend\node_modules\tailwindcss\dist\lib.js:21:1879)][0m
    [2m[at Oe (C:\Users\Chirag Gupta\Desktop\enterprise-productivity\enterprise-productivity-frontend\node_modules\tailwindcss\dist\lib.js:16:39470)][0m
    [2m[at C:\Users\Chirag Gupta\Desktop\enterprise-productivity\enterprise-productivity-frontend\node_modules\tailwindcss\dist\lib.js:21:711][0m
    [2m[at ai (C:\Users\Chirag Gupta\Desktop\enterprise-productivity\enterprise-productivity-frontend\node_modules\tailwindcss\dist\lib.js:5:1775)][0m
    [2m[at O (C:\Users\Chirag Gupta\Desktop\enterprise-productivity\enterprise-productivity-frontend\node_modules\tailwindcss\dist\lib.js:5:1377)][0m
    [2m[at Pe (C:\Users\Chirag Gupta\Desktop\enterprise-productivity\enterprise-productivity-frontend\node_modules\tailwindcss\dist\lib.js:21:172)][0m
    [2m[at On (C:\Users\Chirag Gupta\Desktop\enterprise-productivity\enterprise-productivity-frontend\node_modules\tailwindcss\dist\lib.js:38:294)][0m
    [2m[at async _n (C:\Users\Chirag Gupta\Desktop\enterprise-productivity\enterprise-productivity-frontend\node_modules\tailwindcss\dist\lib.js:38:631)][0m
    [2m[at async an (C:\Users\Chirag Gupta\Desktop\enterprise-productivity\enterprise-productivity-frontend\node_modules\@tailwindcss\node\dist\index.js:10:3415)][0m
    [2m[at async E (C:\Users\Chirag Gupta\Desktop\enterprise-productivity\enterprise-productivity-frontend\node_modules\@tailwindcss\postcss\dist\index.js:10:3996)][0m
✓ Compiled in 2.7s
 GET /directory 200 in 221ms (next.js: 17ms, proxy.ts: 112ms, application-code: 91ms)
 GET /directory 200 in 315ms (next.js: 15ms, proxy.ts: 20ms, application-code: 279ms)
 GET /directory 200 in 891ms (next.js: 53ms, proxy.ts: 39ms, application-code: 800ms)
 GET /directory 200 in 723ms (next.js: 122ms, proxy.ts: 64ms, application-code: 537ms)
 GET /directory 200 in 730ms (next.js: 46ms, proxy.ts: 64ms, application-code: 620ms)
 GET /directory 200 in 721ms (next.js: 344ms, proxy.ts: 73ms, application-code: 305ms)
 GET /directory 200 in 808ms (next.js: 227ms, proxy.ts: 73ms, application-code: 509ms)
 GET /directory 200 in 794ms (next.js: 418ms, proxy.ts: 67ms, application-code: 309ms)
 GET /directory 200 in 387ms (next.js: 31ms, proxy.ts: 31ms, application-code: 326ms)
 GET /directory 200 in 257ms (next.js: 42ms, proxy.ts: 40ms, application-code: 175ms)
 GET /directory 200 in 251ms (next.js: 125ms, proxy.ts: 38ms, application-code: 88ms)
[browser] ./src/app/globals.css
Error evaluating Node.js code
CssSyntaxError: tailwindcss: C:\Users\Chirag Gupta\Desktop\enterprise-productivity\enterprise-productivity-frontend\src\app\globals.css:1:1: Cannot apply unknown utility class `btn`
    [at Input.error (turbopack:///[project]/node_modules/postcss/lib/input.js:135:16)]
    [at Root.error (turbopack:///[project]/node_modules/postcss/lib/node.js:166:32)]
    [at Object.Once (C:\Users\Chirag Gupta\Desktop\enterprise-productivity\enterprise-productivity-frontend\node_modules\@tailwindcss\postcss\dist\index.js:10:7013)]
    [at async LazyResult.runAsync (turbopack:///[project]/node_modules/postcss/lib/lazy-result.js:299:11)]
    [at async transform (turbopack:///[turbopack-node]/transforms/postcss.ts:70:34)]
    [at async run (turbopack:///[turbopack-node]/child_process/evaluate.ts:89:23)]

Import trace:
  Client Component Browser:
    ./src/app/globals.css [Client Component Browser]
    ./src/app/layout.tsx [Server Component] 
    at handleErrors (file://C:/Users/Chirag Gupta/Desktop/enterprise-productivity/enterprise-productivity-frontend/.next/dev/static/chunks/node_modules_next_dist_client_0r5nbpw._.js:13951:21)
    at processMessage (file://C:/Users/Chirag Gupta/Desktop/enterprise-productivity/enterprise-productivity-frontend/.next/dev/static/chunks/node_modules_next_dist_client_0r5nbpw._.js:14014:21)
    at WebSocket.handleMessage (file://C:/Users/Chirag Gupta/Desktop/enterprise-productivity/enterprise-productivity-frontend/.next/dev/static/chunks/node_modules_next_dist_client_0r5nbpw._.js:13458:52) (file://C:/Users/Chirag Gupta/Desktop/enterprise-productivity/enterprise-productivity-frontend/.next/dev/static/chunks/node_modules_next_dist_client_0r5nbpw._.js:13951:21)
[browser] ./src/app/globals.css
Error evaluating Node.js code
CssSyntaxError: tailwindcss: C:\Users\Chirag Gupta\Desktop\enterprise-productivity\enterprise-productivity-frontend\src\app\globals.css:1:1: Cannot apply unknown utility class `card`
    [at Input.error (turbopack:///[project]/node_modules/postcss/lib/input.js:135:16)]
    [at Root.error (turbopack:///[project]/node_modules/postcss/lib/node.js:166:32)]
    [at Object.Once (C:\Users\Chirag Gupta\Desktop\enterprise-productivity\enterprise-productivity-frontend\node_modules\@tailwindcss\postcss\dist\index.js:10:7013)]
    [at async LazyResult.runAsync (turbopack:///[project]/node_modules/postcss/lib/lazy-result.js:299:11)]
    [at async transform (turbopack:///[turbopack-node]/transforms/postcss.ts:70:34)]
    [at async run (turbopack:///[turbopack-node]/child_process/evaluate.ts:89:23)]

Import trace:
  Client Component Browser:
    ./src/app/globals.css [Client Component Browser]
    ./src/app/layout.tsx [Server Component] 
    at handleErrors (file://C:/Users/Chirag Gupta/Desktop/enterprise-productivity/enterprise-productivity-frontend/.next/dev/static/chunks/node_modules_next_dist_client_0r5nbpw._.js:13951:21)
    at processMessage (file://C:/Users/Chirag Gupta/Desktop/enterprise-productivity/enterprise-productivity-frontend/.next/dev/static/chunks/node_modules_next_dist_client_0r5nbpw._.js:14014:21)
    at WebSocket.handleMessage (file://C:/Users/Chirag Gupta/Desktop/enterprise-productivity/enterprise-productivity-frontend/.next/dev/static/chunks/node_modules_next_dist_client_0r5nbpw._.js:13458:52) (file://C:/Users/Chirag Gupta/Desktop/enterprise-productivity/enterprise-productivity-frontend/.next/dev/static/chunks/node_modules_next_dist_client_0r5nbpw._.js:13951:21)
✓ Compiled in 469ms
✓ Compiled in 298ms
 GET /dashboard 200 in 105ms (next.js: 16ms, proxy.ts: 25ms, application-code: 64ms)
[browser] Consecutive calls to connectUser is detected, ideally you should only call this function once in your app. (file://C:/Users/Chirag Gupta/Desktop/enterprise-productivity/enterprise-productivity-frontend/.next/dev/static/chunks/node_modules_next_dist_1ybzpk2._.js:2489:13)
[browser] Consecutive calls to connectUser is detected, ideally you should only call this function once in your app. (file://C:/Users/Chirag Gupta/Desktop/enterprise-productivity/enterprise-productivity-frontend/.next/dev/static/chunks/node_modules_next_dist_1ybzpk2._.js:2489:13)
✓ Compiled in 792ms
 GET /dashboard 200 in 1385ms (next.js: 649ms, proxy.ts: 561ms, application-code: 175ms)
 GET /dashboard 200 in 312ms (next.js: 19ms, proxy.ts: 55ms, application-code: 237ms)
✓ Compiled in 297ms
✓ Compiled in 432ms
✓ Compiled in 402ms
✓ Compiled in 1130ms
 GET /dashboard 200 in 1453ms (next.js: 692ms, proxy.ts: 394ms, application-code: 367ms)
 GET /dashboard 200 in 733ms (next.js: 18ms, proxy.ts: 19ms, application-code: 696ms)
 GET /dashboard 200 in 643ms (next.js: 48ms, proxy.ts: 65ms, application-code: 530ms)
 GET /dashboard 200 in 643ms (next.js: 138ms, proxy.ts: 69ms, application-code: 436ms)
 GET /dashboard 200 in 703ms (next.js: 252ms, proxy.ts: 71ms, application-code: 381ms)
 GET /dashboard 200 in 954ms (next.js: 320ms, proxy.ts: 78ms, application-code: 557ms)
 GET /dashboard 200 in 974ms (next.js: 178ms, proxy.ts: 278ms, application-code: 518ms)
 GET /dashboard 200 in 1230ms (next.js: 100ms, proxy.ts: 341ms, application-code: 789ms)
 GET /dashboard 200 in 933ms (next.js: 112ms, proxy.ts: 242ms, application-code: 578ms)
 GET /dashboard 200 in 930ms (next.js: 261ms, proxy.ts: 240ms, application-code: 428ms)
 GET /dashboard 200 in 916ms (next.js: 361ms, proxy.ts: 249ms, application-code: 306ms)
 GET /dashboard 200 in 944ms (next.js: 167ms, proxy.ts: 512ms, application-code: 265ms)
 GET /dashboard 200 in 798ms (next.js: 234ms, proxy.ts: 369ms, application-code: 195ms)
 GET /dashboard 200 in 790ms (next.js: 60ms, proxy.ts: 87ms, application-code: 644ms)
 GET /dashboard 200 in 778ms (next.js: 147ms, proxy.ts: 97ms, application-code: 534ms)
 GET /dashboard 200 in 778ms (next.js: 135ms, proxy.ts: 200ms, application-code: 444ms)
 GET /dashboard 200 in 767ms (next.js: 135ms, proxy.ts: 253ms, application-code: 380ms)
 GET /dashboard 200 in 751ms (next.js: 138ms, proxy.ts: 314ms, application-code: 299ms)
 GET /dashboard 200 in 669ms (next.js: 215ms, proxy.ts: 224ms, application-code: 229ms)
 GET /dashboard 200 in 709ms (next.js: 86ms, proxy.ts: 54ms, application-code: 569ms)
 GET /dashboard 200 in 695ms (next.js: 131ms, proxy.ts: 96ms, application-code: 467ms)
 GET /dashboard 200 in 694ms (next.js: 111ms, proxy.ts: 182ms, application-code: 402ms)
 GET /dashboard 200 in 652ms (next.js: 55ms, proxy.ts: 298ms, application-code: 299ms)
 GET /dashboard 200 in 651ms (next.js: 137ms, proxy.ts: 299ms, application-code: 216ms)
 GET /dashboard 200 in 560ms (next.js: 218ms, proxy.ts: 206ms, application-code: 137ms)
 GET /dashboard 200 in 631ms (next.js: 54ms, proxy.ts: 52ms, application-code: 525ms)
 GET /dashboard 200 in 617ms (next.js: 169ms, proxy.ts: 67ms, application-code: 381ms)
 GET /dashboard 200 in 942ms (next.js: 247ms, proxy.ts: 145ms, application-code: 549ms)
 GET /dashboard 200 in 1234ms (next.js: 180ms, proxy.ts: 525ms, application-code: 529ms)
 GET /dashboard 200 in 1218ms (next.js: 54ms, proxy.ts: 528ms, application-code: 637ms)
 GET /dashboard 200 in 1130ms (next.js: 265ms, proxy.ts: 443ms, application-code: 422ms)
 GET /dashboard 200 in 333ms (next.js: 52ms, proxy.ts: 82ms, application-code: 199ms)
 GET /dashboard 200 in 668ms (next.js: 166ms, proxy.ts: 409ms, application-code: 93ms)
⚠ Fast Refresh had to perform a full reload when ./src/hooks/use-toast.tsx changed. Read more: https://nextjs.org/docs/messages/fast-refresh-reload
✓ Compiled in 2s
 GET /dashboard 200 in 5.4s (next.js: 1584ms, proxy.ts: 1369ms, application-code: 2.5s)
 GET /dashboard 200 in 5.5s (next.js: 1285ms, proxy.ts: 1349ms, application-code: 2.9s)
[browser] Clerk: Clerk has been loaded with development keys. Development instances have strict usage limits and should not be used when deploying your application to production. Learn more: https://clerk.com/docs/deployments/overview (file://C:/Users/Chirag Gupta/Desktop/enterprise-productivity/enterprise-productivity-frontend/.next/dev/static/chunks/node_modules_next_dist_1ybzpk2._.js:2489:13)
✓ Compiled in 2.1s
✓ Compiled in 223ms
⚠ Fast Refresh had to perform a full reload when ./src/hooks/use-role.tsx changed. Read more: https://nextjs.org/docs/messages/fast-refresh-reload
 GET /dashboard 200 in 3.5s (next.js: 770ms, proxy.ts: 1208ms, application-code: 1500ms)
 GET /dashboard 200 in 3.0s (next.js: 614ms, proxy.ts: 634ms, application-code: 1799ms)
[browser] Clerk: Clerk has been loaded with development keys. Development instances have strict usage limits and should not be used when deploying your application to production. Learn more: https://clerk.com/docs/deployments/overview (file://C:/Users/Chirag Gupta/Desktop/enterprise-productivity/enterprise-productivity-frontend/.next/dev/static/chunks/node_modules_next_dist_1ybzpk2._.js:2489:13)
✓ Compiled in 2.1s
✓ Compiled in 4ms
⨯ ReferenceError: IconCalendar is not defined
    at module evaluation (src\components\layout\app-shell.tsx:35:50)
  33 | ...ef: '/directory', label: 'Directory', icon: <IconUsers width={18} height={18} /> },
  34 | ...ef: '/tasks', label: 'Tasks', icon: <IconTasks width={18} height={18} /> },
> 35 | ...ef: '/meetings', label: 'Meetings', icon: <IconCalendar width={18} height={18} /> },
     |                                               ^
  36 | ...ef: '/announcements', label: 'Announcements', icon: <IconMegaphone width={18} height={1...
  37 | ...ef: '/organization-channels', label: 'Org Channels', icon: <IconBuilding width={18} hei...
  38 | ...ef: '/department-channels', label: 'Departments', icon: <IconDepartment width={18} heig... {
  digest: '1639440254'
}
 GET /dashboard 200 in 556ms (next.js: 109ms, proxy.ts: 116ms, application-code: 330ms)
 GET /dashboard 200 in 5.1s (next.js: 614ms, proxy.ts: 703ms, application-code: 3.8s)
 GET /dashboard 500 in 5.1s (next.js: 1020ms, proxy.ts: 700ms, application-code: 3.4s)
[browser] Uncaught ReferenceError: IconCalendar is not defined
    at module evaluation (file://C:/Users/Chirag Gupta/Desktop/enterprise-productivity/enterprise-productivity-frontend/.next/dev/static/chunks/src_02n2azd._.js:2804:218)
    at requireModule (file://C:/Users/Chirag Gupta/Desktop/enterprise-productivity/enterprise-productivity-frontend/.next/dev/static/chunks/node_modules_next_dist_compiled_react-server-dom-turbopack_164kp-6._.js:95:84)
    at initializeModuleChunk (file://C:/Users/Chirag Gupta/Desktop/enterprise-productivity/enterprise-productivity-frontend/.next/dev/static/chunks/node_modules_next_dist_compiled_react-server-dom-turbopack_164kp-6._.js:1110:25)
    at readChunk (file://C:/Users/Chirag Gupta/Desktop/enterprise-productivity/enterprise-productivity-frontend/.next/dev/static/chunks/node_modules_next_dist_compiled_react-server-dom-turbopack_164kp-6._.js:846:17)
    at Object.react_stack_bottom_frame (file://C:/Users/Chirag Gupta/Desktop/enterprise-productivity/enterprise-productivity-frontend/.next/dev/static/chunks/node_modules_next_dist_compiled_react-dom_096_9a-._.js:15101:20)
    at resolveLazy (file://C:/Users/Chirag Gupta/Desktop/enterprise-productivity/enterprise-productivity-frontend/.next/dev/static/chunks/node_modules_next_dist_compiled_react-dom_096_9a-._.js:3866:20)
    at beginWork (file://C:/Users/Chirag Gupta/Desktop/enterprise-productivity/enterprise-productivity-frontend/.next/dev/static/chunks/node_modules_next_dist_compiled_react-dom_096_9a-._.js:6665:77)
    at runWithFiberInDEV (file://C:/Users/Chirag Gupta/Desktop/enterprise-productivity/enterprise-productivity-frontend/.next/dev/static/chunks/node_modules_next_dist_compiled_react-dom_096_9a-._.js:965:74)
    at performUnitOfWork (file://C:/Users/Chirag Gupta/Desktop/enterprise-productivity/enterprise-productivity-frontend/.next/dev/static/chunks/node_modules_next_dist_compiled_react-dom_096_9a-._.js:9555:97)
    at workLoopSync (file://C:/Users/Chirag Gupta/Desktop/enterprise-productivity/enterprise-productivity-frontend/.next/dev/static/chunks/node_modules_next_dist_compiled_react-dom_096_9a-._.js:9449:40)
    at renderRootSync (file://C:/Users/Chirag Gupta/Desktop/enterprise-productivity/enterprise-productivity-frontend/.next/dev/static/chunks/node_modules_next_dist_compiled_react-dom_096_9a-._.js:9433:13)
    at performWorkOnRoot (file://C:/Users/Chirag Gupta/Desktop/enterprise-productivity/enterprise-productivity-frontend/.next/dev/static/chunks/node_modules_next_dist_compiled_react-dom_096_9a-._.js:9061:186)
    at performWorkOnRootViaSchedulerTask (file://C:/Users/Chirag Gupta/Desktop/enterprise-productivity/enterprise-productivity-frontend/.next/dev/static/chunks/node_modules_next_dist_compiled_react-dom_096_9a-._.js:10255:9)
    at MessagePort.performWorkUntilDeadline (file://C:/Users/Chirag Gupta/Desktop/enterprise-productivity/enterprise-productivity-frontend/.next/dev/static/chunks/node_modules_next_dist_compiled_1amofcm._.js:2647:64)
    at RootLayout (src\app\layout.tsx:22:15)
  20 |           <ToastProvider>
  21 |             <RoleProvider>
> 22 |               <AppShell>{children}</AppShell>
     |               ^
  23 |             </RoleProvider>
  24 |           </ToastProvider>
  25 |         </body>
[browser] Clerk: Clerk has been loaded with development keys. Development instances have strict usage limits and should not be used when deploying your application to production. Learn more: https://clerk.com/docs/deployments/overview (file://C:/Users/Chirag Gupta/Desktop/enterprise-productivity/enterprise-productivity-frontend/.next/dev/static/chunks/node_modules_next_dist_1ybzpk2._.js:2489:13)
⚠ Fast Refresh had to perform a full reload due to a runtime error.
⨯ ReferenceError: IconCalendar is not defined
    at module evaluation (src\components\layout\app-shell.tsx:35:50)
  33 | ...ef: '/directory', label: 'Directory', icon: <IconUsers width={18} height={18} /> },
  34 | ...ef: '/tasks', label: 'Tasks', icon: <IconTasks width={18} height={18} /> },
> 35 | ...ef: '/meetings', label: 'Meetings', icon: <IconCalendar width={18} height={18} /> },
     |                                               ^
  36 | ...ef: '/announcements', label: 'Announcements', icon: <IconMegaphone width={18} height={1...
  37 | ...ef: '/organization-channels', label: 'Org Channels', icon: <IconBuilding width={18} hei...
  38 | ...ef: '/department-channels', label: 'Departments', icon: <IconDepartment width={18} heig... {
  digest: '1639440254'
}
✓ Compiled in 1107ms
 GET /dashboard 500 in 2.6s (next.js: 26ms, proxy.ts: 22ms, application-code: 2.6s)
[browser] Uncaught ReferenceError: IconCalendar is not defined
    at module evaluation (file://C:/Users/Chirag Gupta/Desktop/enterprise-productivity/enterprise-productivity-frontend/.next/dev/static/chunks/src_02n2azd._.js:2804:218)
    at requireModule (file://C:/Users/Chirag Gupta/Desktop/enterprise-productivity/enterprise-productivity-frontend/.next/dev/static/chunks/node_modules_next_dist_compiled_react-server-dom-turbopack_164kp-6._.js:95:84)
    at initializeModuleChunk (file://C:/Users/Chirag Gupta/Desktop/enterprise-productivity/enterprise-productivity-frontend/.next/dev/static/chunks/node_modules_next_dist_compiled_react-server-dom-turbopack_164kp-6._.js:1110:25)
    at readChunk (file://C:/Users/Chirag Gupta/Desktop/enterprise-productivity/enterprise-productivity-frontend/.next/dev/static/chunks/node_modules_next_dist_compiled_react-server-dom-turbopack_164kp-6._.js:846:17)
    at Object.react_stack_bottom_frame (file://C:/Users/Chirag Gupta/Desktop/enterprise-productivity/enterprise-productivity-frontend/.next/dev/static/chunks/node_modules_next_dist_compiled_react-dom_096_9a-._.js:15101:20)
    at resolveLazy (file://C:/Users/Chirag Gupta/Desktop/enterprise-productivity/enterprise-productivity-frontend/.next/dev/static/chunks/node_modules_next_dist_compiled_react-dom_096_9a-._.js:3866:20)
    at beginWork (file://C:/Users/Chirag Gupta/Desktop/enterprise-productivity/enterprise-productivity-frontend/.next/dev/static/chunks/node_modules_next_dist_compiled_react-dom_096_9a-._.js:6665:77)
    at runWithFiberInDEV (file://C:/Users/Chirag Gupta/Desktop/enterprise-productivity/enterprise-productivity-frontend/.next/dev/static/chunks/node_modules_next_dist_compiled_react-dom_096_9a-._.js:965:74)
    at performUnitOfWork (file://C:/Users/Chirag Gupta/Desktop/enterprise-productivity/enterprise-productivity-frontend/.next/dev/static/chunks/node_modules_next_dist_compiled_react-dom_096_9a-._.js:9555:97)
    at workLoopSync (file://C:/Users/Chirag Gupta/Desktop/enterprise-productivity/enterprise-productivity-frontend/.next/dev/static/chunks/node_modules_next_dist_compiled_react-dom_096_9a-._.js:9449:40)
    at renderRootSync (file://C:/Users/Chirag Gupta/Desktop/enterprise-productivity/enterprise-productivity-frontend/.next/dev/static/chunks/node_modules_next_dist_compiled_react-dom_096_9a-._.js:9433:13)
    at performWorkOnRoot (file://C:/Users/Chirag Gupta/Desktop/enterprise-productivity/enterprise-productivity-frontend/.next/dev/static/chunks/node_modules_next_dist_compiled_react-dom_096_9a-._.js:9061:186)
    at performWorkOnRootViaSchedulerTask (file://C:/Users/Chirag Gupta/Desktop/enterprise-productivity/enterprise-productivity-frontend/.next/dev/static/chunks/node_modules_next_dist_compiled_react-dom_096_9a-._.js:10255:9)
    at MessagePort.performWorkUntilDeadline (file://C:/Users/Chirag Gupta/Desktop/enterprise-productivity/enterprise-productivity-frontend/.next/dev/static/chunks/node_modules_next_dist_compiled_1amofcm._.js:2647:64)
    at RootLayout (src\app\layout.tsx:22:15)
  20 |           <ToastProvider>
  21 |             <RoleProvider>
> 22 |               <AppShell>{children}</AppShell>
     |               ^
  23 |             </RoleProvider>
  24 |           </ToastProvider>
  25 |         </body>
✓ Compiled in 64ms
[browser] Clerk: Clerk has been loaded with development keys. Development instances have strict usage limits and should not be used when deploying your application to production. Learn more: https://clerk.com/docs/deployments/overview (file://C:/Users/Chirag Gupta/Desktop/enterprise-productivity/enterprise-productivity-frontend/.next/dev/static/chunks/node_modules_next_dist_1ybzpk2._.js:2489:13)
⚠ Fast Refresh had to perform a full reload due to a runtime error.
Clerk - DEPRECATION WARNING: "createRouteMatcher" is deprecated and will be removed in the next major release.
Use resource-based auth checks instead. Move auth checks into each page, layout, API route, or Server Function that accesses protected data. Middleware-based auth checks rely on path matching, which can diverge from how Next.js routes requests and leave protected resources reachable. For a migration guide, see: https://clerk.com/docs/guides/development/upgrading/upgrade-guides/migrate-from-create-route-matcher
✓ Compiled in 568ms
⨯ ReferenceError: IconCalendar is not defined
    at module evaluation (src\components\layout\app-shell.tsx:35:50)
  33 | ...ef: '/directory', label: 'Directory', icon: <IconUsers width={18} height={18} /> },
  34 | ...ef: '/tasks', label: 'Tasks', icon: <IconTasks width={18} height={18} /> },
> 35 | ...ef: '/meetings', label: 'Meetings', icon: <IconCalendar width={18} height={18} /> },
     |                                               ^
  36 | ...ef: '/announcements', label: 'Announcements', icon: <IconMegaphone width={18} height={1...
  37 | ...ef: '/organization-channels', label: 'Org Channels', icon: <IconBuilding width={18} hei...
  38 | ...ef: '/department-channels', label: 'Departments', icon: <IconDepartment width={18} heig... {
  digest: '1639440254'
}
 GET /dashboard 500 in 3.5s (next.js: 380ms, proxy.ts: 434ms, application-code: 2.7s)
[browser] Uncaught ReferenceError: IconCalendar is not defined
    at module evaluation (file://C:/Users/Chirag Gupta/Desktop/enterprise-productivity/enterprise-productivity-frontend/.next/dev/static/chunks/src_02n2azd._.js:2804:218)
    at requireModule (file://C:/Users/Chirag Gupta/Desktop/enterprise-productivity/enterprise-productivity-frontend/.next/dev/static/chunks/node_modules_next_dist_compiled_react-server-dom-turbopack_164kp-6._.js:95:84)
    at initializeModuleChunk (file://C:/Users/Chirag Gupta/Desktop/enterprise-productivity/enterprise-productivity-frontend/.next/dev/static/chunks/node_modules_next_dist_compiled_react-server-dom-turbopack_164kp-6._.js:1110:25)
    at readChunk (file://C:/Users/Chirag Gupta/Desktop/enterprise-productivity/enterprise-productivity-frontend/.next/dev/static/chunks/node_modules_next_dist_compiled_react-server-dom-turbopack_164kp-6._.js:846:17)
    at Object.react_stack_bottom_frame (file://C:/Users/Chirag Gupta/Desktop/enterprise-productivity/enterprise-productivity-frontend/.next/dev/static/chunks/node_modules_next_dist_compiled_react-dom_096_9a-._.js:15101:20)
    at resolveLazy (file://C:/Users/Chirag Gupta/Desktop/enterprise-productivity/enterprise-productivity-frontend/.next/dev/static/chunks/node_modules_next_dist_compiled_react-dom_096_9a-._.js:3866:20)
    at beginWork (file://C:/Users/Chirag Gupta/Desktop/enterprise-productivity/enterprise-productivity-frontend/.next/dev/static/chunks/node_modules_next_dist_compiled_react-dom_096_9a-._.js:6665:77)
    at runWithFiberInDEV (file://C:/Users/Chirag Gupta/Desktop/enterprise-productivity/enterprise-productivity-frontend/.next/dev/static/chunks/node_modules_next_dist_compiled_react-dom_096_9a-._.js:965:74)
    at performUnitOfWork (file://C:/Users/Chirag Gupta/Desktop/enterprise-productivity/enterprise-productivity-frontend/.next/dev/static/chunks/node_modules_next_dist_compiled_react-dom_096_9a-._.js:9555:97)
    at workLoopSync (file://C:/Users/Chirag Gupta/Desktop/enterprise-productivity/enterprise-productivity-frontend/.next/dev/static/chunks/node_modules_next_dist_compiled_react-dom_096_9a-._.js:9449:40)
    at renderRootSync (file://C:/Users/Chirag Gupta/Desktop/enterprise-productivity/enterprise-productivity-frontend/.next/dev/static/chunks/node_modules_next_dist_compiled_react-dom_096_9a-._.js:9433:13)
    at performWorkOnRoot (file://C:/Users/Chirag Gupta/Desktop/enterprise-productivity/enterprise-productivity-frontend/.next/dev/static/chunks/node_modules_next_dist_compiled_react-dom_096_9a-._.js:9061:186)
    at performWorkOnRootViaSchedulerTask (file://C:/Users/Chirag Gupta/Desktop/enterprise-productivity/enterprise-productivity-frontend/.next/dev/static/chunks/node_modules_next_dist_compiled_react-dom_096_9a-._.js:10255:9)
    at MessagePort.performWorkUntilDeadline (file://C:/Users/Chirag Gupta/Desktop/enterprise-productivity/enterprise-productivity-frontend/.next/dev/static/chunks/node_modules_next_dist_compiled_1amofcm._.js:2647:64)
    at RootLayout (src\app\layout.tsx:22:15)
  20 |           <ToastProvider>
  21 |             <RoleProvider>
> 22 |               <AppShell>{children}</AppShell>
     |               ^
  23 |             </RoleProvider>
  24 |           </ToastProvider>
  25 |         </body>
[browser] Clerk: Clerk has been loaded with development keys. Development instances have strict usage limits and should not be used when deploying your application to production. Learn more: https://clerk.com/docs/deployments/overview (file://C:/Users/Chirag Gupta/Desktop/enterprise-productivity/enterprise-productivity-frontend/.next/dev/static/chunks/node_modules_next_dist_1ybzpk2._.js:2489:13)
⚠ Fast Refresh had to perform a full reload due to a runtime error.
✓ Compiled in 711ms
⨯ ReferenceError: IconCalendar is not defined
    at module evaluation (src\components\layout\app-shell.tsx:35:50)
  33 | ...ef: '/directory', label: 'Directory', icon: <IconUsers width={18} height={18} /> },
  34 | ...ef: '/tasks', label: 'Tasks', icon: <IconTasks width={18} height={18} /> },
> 35 | ...ef: '/meetings', label: 'Meetings', icon: <IconCalendar width={18} height={18} /> },
     |                                               ^
  36 | ...ef: '/announcements', label: 'Announcements', icon: <IconMegaphone width={18} height={1...
  37 | ...ef: '/organization-channels', label: 'Org Channels', icon: <IconBuilding width={18} hei...
  38 | ...ef: '/department-channels', label: 'Departments', icon: <IconDepartment width={18} heig... {
  digest: '1639440254'
}
 GET /dashboard 500 in 1077ms (next.js: 23ms, proxy.ts: 45ms, application-code: 1009ms)
[browser] Uncaught ReferenceError: IconCalendar is not defined
    at module evaluation (file://C:/Users/Chirag Gupta/Desktop/enterprise-productivity/enterprise-productivity-frontend/.next/dev/static/chunks/src_02n2azd._.js:2804:218)
    at requireModule (file://C:/Users/Chirag Gupta/Desktop/enterprise-productivity/enterprise-productivity-frontend/.next/dev/static/chunks/node_modules_next_dist_compiled_react-server-dom-turbopack_164kp-6._.js:95:84)
    at initializeModuleChunk (file://C:/Users/Chirag Gupta/Desktop/enterprise-productivity/enterprise-productivity-frontend/.next/dev/static/chunks/node_modules_next_dist_compiled_react-server-dom-turbopack_164kp-6._.js:1110:25)
    at readChunk (file://C:/Users/Chirag Gupta/Desktop/enterprise-productivity/enterprise-productivity-frontend/.next/dev/static/chunks/node_modules_next_dist_compiled_react-server-dom-turbopack_164kp-6._.js:846:17)
    at Object.react_stack_bottom_frame (file://C:/Users/Chirag Gupta/Desktop/enterprise-productivity/enterprise-productivity-frontend/.next/dev/static/chunks/node_modules_next_dist_compiled_react-dom_096_9a-._.js:15101:20)
    at resolveLazy (file://C:/Users/Chirag Gupta/Desktop/enterprise-productivity/enterprise-productivity-frontend/.next/dev/static/chunks/node_modules_next_dist_compiled_react-dom_096_9a-._.js:3866:20)
    at beginWork (file://C:/Users/Chirag Gupta/Desktop/enterprise-productivity/enterprise-productivity-frontend/.next/dev/static/chunks/node_modules_next_dist_compiled_react-dom_096_9a-._.js:6665:77)
    at runWithFiberInDEV (file://C:/Users/Chirag Gupta/Desktop/enterprise-productivity/enterprise-productivity-frontend/.next/dev/static/chunks/node_modules_next_dist_compiled_react-dom_096_9a-._.js:965:74)
    at performUnitOfWork (file://C:/Users/Chirag Gupta/Desktop/enterprise-productivity/enterprise-productivity-frontend/.next/dev/static/chunks/node_modules_next_dist_compiled_react-dom_096_9a-._.js:9555:97)
    at workLoopSync (file://C:/Users/Chirag Gupta/Desktop/enterprise-productivity/enterprise-productivity-frontend/.next/dev/static/chunks/node_modules_next_dist_compiled_react-dom_096_9a-._.js:9449:40)
    at renderRootSync (file://C:/Users/Chirag Gupta/Desktop/enterprise-productivity/enterprise-productivity-frontend/.next/dev/static/chunks/node_modules_next_dist_compiled_react-dom_096_9a-._.js:9433:13)
    at performWorkOnRoot (file://C:/Users/Chirag Gupta/Desktop/enterprise-productivity/enterprise-productivity-frontend/.next/dev/static/chunks/node_modules_next_dist_compiled_react-dom_096_9a-._.js:9061:186)
    at performWorkOnRootViaSchedulerTask (file://C:/Users/Chirag Gupta/Desktop/enterprise-productivity/enterprise-productivity-frontend/.next/dev/static/chunks/node_modules_next_dist_compiled_react-dom_096_9a-._.js:10255:9)
    at MessagePort.performWorkUntilDeadline (file://C:/Users/Chirag Gupta/Desktop/enterprise-productivity/enterprise-productivity-frontend/.next/dev/static/chunks/node_modules_next_dist_compiled_1amofcm._.js:2647:64)
    at RootLayout (src\app\layout.tsx:22:15)
  20 |           <ToastProvider>
  21 |             <RoleProvider>
> 22 |               <AppShell>{children}</AppShell>
     |               ^
  23 |             </RoleProvider>
  24 |           </ToastProvider>
  25 |         </body>
[browser] Clerk: Clerk has been loaded with development keys. Development instances have strict usage limits and should not be used when deploying your application to production. Learn more: https://clerk.com/docs/deployments/overview (file://C:/Users/Chirag Gupta/Desktop/enterprise-productivity/enterprise-productivity-frontend/.next/dev/static/chunks/node_modules_next_dist_1ybzpk2._.js:2489:13)
⚠ Fast Refresh had to perform a full reload due to a runtime error.
✓ Compiled in 296ms
⨯ ReferenceError: IconCalendar is not defined
    at module evaluation (src\components\layout\app-shell.tsx:35:50)
  33 | ...ef: '/directory', label: 'Directory', icon: <IconUsers width={18} height={18} /> },
  34 | ...ef: '/tasks', label: 'Tasks', icon: <IconTasks width={18} height={18} /> },
> 35 | ...ef: '/meetings', label: 'Meetings', icon: <IconCalendar width={18} height={18} /> },
     |                                               ^
  36 | ...ef: '/announcements', label: 'Announcements', icon: <IconMegaphone width={18} height={1...
  37 | ...ef: '/organization-channels', label: 'Org Channels', icon: <IconBuilding width={18} hei...
  38 | ...ef: '/department-channels', label: 'Departments', icon: <IconDepartment width={18} heig... {
  digest: '1639440254'
}
 GET /dashboard 500 in 820ms (next.js: 26ms, proxy.ts: 24ms, application-code: 770ms)
[browser] Uncaught ReferenceError: IconCalendar is not defined
    at module evaluation (file://C:/Users/Chirag Gupta/Desktop/enterprise-productivity/enterprise-productivity-frontend/.next/dev/static/chunks/src_02n2azd._.js:2804:218)
    at requireModule (file://C:/Users/Chirag Gupta/Desktop/enterprise-productivity/enterprise-productivity-frontend/.next/dev/static/chunks/node_modules_next_dist_compiled_react-server-dom-turbopack_164kp-6._.js:95:84)
    at initializeModuleChunk (file://C:/Users/Chirag Gupta/Desktop/enterprise-productivity/enterprise-productivity-frontend/.next/dev/static/chunks/node_modules_next_dist_compiled_react-server-dom-turbopack_164kp-6._.js:1110:25)
    at readChunk (file://C:/Users/Chirag Gupta/Desktop/enterprise-productivity/enterprise-productivity-frontend/.next/dev/static/chunks/node_modules_next_dist_compiled_react-server-dom-turbopack_164kp-6._.js:846:17)
    at Object.react_stack_bottom_frame (file://C:/Users/Chirag Gupta/Desktop/enterprise-productivity/enterprise-productivity-frontend/.next/dev/static/chunks/node_modules_next_dist_compiled_react-dom_096_9a-._.js:15101:20)
    at resolveLazy (file://C:/Users/Chirag Gupta/Desktop/enterprise-productivity/enterprise-productivity-frontend/.next/dev/static/chunks/node_modules_next_dist_compiled_react-dom_096_9a-._.js:3866:20)
    at beginWork (file://C:/Users/Chirag Gupta/Desktop/enterprise-productivity/enterprise-productivity-frontend/.next/dev/static/chunks/node_modules_next_dist_compiled_react-dom_096_9a-._.js:6665:77)
    at runWithFiberInDEV (file://C:/Users/Chirag Gupta/Desktop/enterprise-productivity/enterprise-productivity-frontend/.next/dev/static/chunks/node_modules_next_dist_compiled_react-dom_096_9a-._.js:965:74)
    at performUnitOfWork (file://C:/Users/Chirag Gupta/Desktop/enterprise-productivity/enterprise-productivity-frontend/.next/dev/static/chunks/node_modules_next_dist_compiled_react-dom_096_9a-._.js:9555:97)
    at workLoopSync (file://C:/Users/Chirag Gupta/Desktop/enterprise-productivity/enterprise-productivity-frontend/.next/dev/static/chunks/node_modules_next_dist_compiled_react-dom_096_9a-._.js:9449:40)
    at renderRootSync (file://C:/Users/Chirag Gupta/Desktop/enterprise-productivity/enterprise-productivity-frontend/.next/dev/static/chunks/node_modules_next_dist_compiled_react-dom_096_9a-._.js:9433:13)
    at performWorkOnRoot (file://C:/Users/Chirag Gupta/Desktop/enterprise-productivity/enterprise-productivity-frontend/.next/dev/static/chunks/node_modules_next_dist_compiled_react-dom_096_9a-._.js:9061:186)
    at performWorkOnRootViaSchedulerTask (file://C:/Users/Chirag Gupta/Desktop/enterprise-productivity/enterprise-productivity-frontend/.next/dev/static/chunks/node_modules_next_dist_compiled_react-dom_096_9a-._.js:10255:9)
    at MessagePort.performWorkUntilDeadline (file://C:/Users/Chirag Gupta/Desktop/enterprise-productivity/enterprise-productivity-frontend/.next/dev/static/chunks/node_modules_next_dist_compiled_1amofcm._.js:2647:64)
    at RootLayout (src\app\layout.tsx:22:15)
  20 |           <ToastProvider>
  21 |             <RoleProvider>
> 22 |               <AppShell>{children}</AppShell>
     |               ^
  23 |             </RoleProvider>
  24 |           </ToastProvider>
  25 |         </body>
[browser] Clerk: Clerk has been loaded with development keys. Development instances have strict usage limits and should not be used when deploying your application to production. Learn more: https://clerk.com/docs/deployments/overview (file://C:/Users/Chirag Gupta/Desktop/enterprise-productivity/enterprise-productivity-frontend/.next/dev/static/chunks/node_modules_next_dist_1ybzpk2._.js:2489:13)
⨯ ./src/app/sign-in/[[...sign-in]]/page.tsx:4:1
Module not found: Can't resolve '@/components/auth/auth-card-skeleton'
  [90m2 |[0m [36mimport[0m { [33mSignIn[0m } [36mfrom[0m [32m'@clerk/nextjs'[0m;
  [90m3 |[0m [36mimport[0m { [33mAuthShell[0m } [36mfrom[0m [32m'@/components/auth/auth-shell'[0m;
[31m[1m>[0m [90m4 |[0m [36mimport[0m { [33mAuthCardSkeleton[0m } [36mfrom[0m [32m'@/components/auth/auth-card-skeleton'[0m;
  [90m  |[0m [31m[1m^^^^^^^^^^^^^^^^^^^^^^^^^^^^^^^^^^^^^^^^^^^^^^^^^^^^^^^^^^^^^^^^^^^^^^^^[0m
  [90m5 |[0m [36mimport[0m { clerkAppearance } [36mfrom[0m [32m'@/lib/clerk-appearance'[0m;
  [90m6 |[0m
  [90m7 |[0m [36mexport[0m [36mconst[0m metadata = { title: [32m'Sign in | Enterprise Hub'[0m };

Import map: aliased to relative './src/components/auth/auth-card-skeleton' inside of [project]/


https://nextjs.org/docs/messages/module-not-found


⨯ ./src/app/sign-in/[[...sign-in]]/page.tsx:4:1
Module not found: Can't resolve '@/components/auth/auth-card-skeleton'
  [90m2 |[0m [36mimport[0m { [33mSignIn[0m } [36mfrom[0m [32m'@clerk/nextjs'[0m;
  [90m3 |[0m [36mimport[0m { [33mAuthShell[0m } [36mfrom[0m [32m'@/components/auth/auth-shell'[0m;
[31m[1m>[0m [90m4 |[0m [36mimport[0m { [33mAuthCardSkeleton[0m } [36mfrom[0m [32m'@/components/auth/auth-card-skeleton'[0m;
  [90m  |[0m [31m[1m^^^^^^^^^^^^^^^^^^^^^^^^^^^^^^^^^^^^^^^^^^^^^^^^^^^^^^^^^^^^^^^^^^^^^^^^[0m
  [90m5 |[0m [36mimport[0m { clerkAppearance } [36mfrom[0m [32m'@/lib/clerk-appearance'[0m;
  [90m6 |[0m
  [90m7 |[0m [36mexport[0m [36mconst[0m metadata = { title: [32m'Sign in | Enterprise Hub'[0m };

Import map: aliased to relative './src/components/auth/auth-card-skeleton' inside of [project]/


https://nextjs.org/docs/messages/module-not-found


[browser] ./src/app/sign-in/[[...sign-in]]/page.tsx:4:1
Module not found: Can't resolve '@/components/auth/auth-card-skeleton'
  2 | import { SignIn } from '@clerk/nextjs';
  3 | import { AuthShell } from '@/components/auth/auth-shell';
> 4 | import { AuthCardSkeleton } from '@/components/auth/auth-card-skeleton';
    | ^^^^^^^^^^^^^^^^^^^^^^^^^^^^^^^^^^^^^^^^^^^^^^^^^^^^^^^^^^^^^^^^^^^^^^^^
  5 | import { clerkAppearance } from '@/lib/clerk-appearance';
  6 |
  7 | export const metadata = { title: 'Sign in | Enterprise Hub' };

Import map: aliased to relative './src/components/auth/auth-card-skeleton' inside of [project]/

https://nextjs.org/docs/messages/module-not-found 
    at handleErrors (file://C:/Users/Chirag Gupta/Desktop/enterprise-productivity/enterprise-productivity-frontend/.next/dev/static/chunks/node_modules_next_dist_client_0r5nbpw._.js:13951:21)
    at processMessage (file://C:/Users/Chirag Gupta/Desktop/enterprise-productivity/enterprise-productivity-frontend/.next/dev/static/chunks/node_modules_next_dist_client_0r5nbpw._.js:14014:21)
    at WebSocket.handleMessage (file://C:/Users/Chirag Gupta/Desktop/enterprise-productivity/enterprise-productivity-frontend/.next/dev/static/chunks/node_modules_next_dist_client_0r5nbpw._.js:13458:52) (file://C:/Users/Chirag Gupta/Desktop/enterprise-productivity/enterprise-productivity-frontend/.next/dev/static/chunks/node_modules_next_dist_client_0r5nbpw._.js:13951:21)
Clerk - DEPRECATION WARNING: "createRouteMatcher" is deprecated and will be removed in the next major release.
Use resource-based auth checks instead. Move auth checks into each page, layout, API route, or Server Function that accesses protected data. Middleware-based auth checks rely on path matching, which can diverge from how Next.js routes requests and leave protected resources reachable. For a migration guide, see: https://clerk.com/docs/guides/development/upgrading/upgrade-guides/migrate-from-create-route-matcher
[browser] ./src/app/sign-in/[[...sign-in]]/page.tsx:4:1
Module not found: Can't resolve '@/components/auth/auth-card-skeleton'
  2 | import { SignIn } from '@clerk/nextjs';
  3 | import { AuthShell } from '@/components/auth/auth-shell';
> 4 | import { AuthCardSkeleton } from '@/components/auth/auth-card-skeleton';
    | ^^^^^^^^^^^^^^^^^^^^^^^^^^^^^^^^^^^^^^^^^^^^^^^^^^^^^^^^^^^^^^^^^^^^^^^^
  5 | import { clerkAppearance } from '@/lib/clerk-appearance';
  6 |
  7 | export const metadata = { title: 'Sign in | Enterprise Hub' };

Import map: aliased to relative './src/components/auth/auth-card-skeleton' inside of [project]/

https://nextjs.org/docs/messages/module-not-found 
    at handleErrors (file://C:/Users/Chirag Gupta/Desktop/enterprise-productivity/enterprise-productivity-frontend/.next/dev/static/chunks/node_modules_next_dist_client_0r5nbpw._.js:13951:21)
    at processMessage (file://C:/Users/Chirag Gupta/Desktop/enterprise-productivity/enterprise-productivity-frontend/.next/dev/static/chunks/node_modules_next_dist_client_0r5nbpw._.js:14014:21)
    at WebSocket.handleMessage (file://C:/Users/Chirag Gupta/Desktop/enterprise-productivity/enterprise-productivity-frontend/.next/dev/static/chunks/node_modules_next_dist_client_0r5nbpw._.js:13458:52) (file://C:/Users/Chirag Gupta/Desktop/enterprise-productivity/enterprise-productivity-frontend/.next/dev/static/chunks/node_modules_next_dist_client_0r5nbpw._.js:13951:21)
[browser] ./src/app/sign-in/[[...sign-in]]/page.tsx:4:1
Module not found: Can't resolve '@/components/auth/auth-card-skeleton'
  2 | import { SignIn } from '@clerk/nextjs';
  3 | import { AuthShell } from '@/components/auth/auth-shell';
> 4 | import { AuthCardSkeleton } from '@/components/auth/auth-card-skeleton';
    | ^^^^^^^^^^^^^^^^^^^^^^^^^^^^^^^^^^^^^^^^^^^^^^^^^^^^^^^^^^^^^^^^^^^^^^^^
  5 | import { clerkAppearance } from '@/lib/clerk-appearance';
  6 |
  7 | export const metadata = { title: 'Sign in | Enterprise Hub' };

Import map: aliased to relative './src/components/auth/auth-card-skeleton' inside of [project]/

https://nextjs.org/docs/messages/module-not-found 
    at handleErrors (file://C:/Users/Chirag Gupta/Desktop/enterprise-productivity/enterprise-productivity-frontend/.next/dev/static/chunks/node_modules_next_dist_client_0r5nbpw._.js:13951:21)
    at processMessage (file://C:/Users/Chirag Gupta/Desktop/enterprise-productivity/enterprise-productivity-frontend/.next/dev/static/chunks/node_modules_next_dist_client_0r5nbpw._.js:14014:21)
    at WebSocket.handleMessage (file://C:/Users/Chirag Gupta/Desktop/enterprise-productivity/enterprise-productivity-frontend/.next/dev/static/chunks/node_modules_next_dist_client_0r5nbpw._.js:13458:52) (file://C:/Users/Chirag Gupta/Desktop/enterprise-productivity/enterprise-productivity-frontend/.next/dev/static/chunks/node_modules_next_dist_client_0r5nbpw._.js:13951:21)
[browser] ./src/app/sign-in/[[...sign-in]]/page.tsx:4:1
Module not found: Can't resolve '@/components/auth/auth-card-skeleton'
  2 | import { SignIn } from '@clerk/nextjs';
  3 | import { AuthShell } from '@/components/auth/auth-shell';
> 4 | import { AuthCardSkeleton } from '@/components/auth/auth-card-skeleton';
    | ^^^^^^^^^^^^^^^^^^^^^^^^^^^^^^^^^^^^^^^^^^^^^^^^^^^^^^^^^^^^^^^^^^^^^^^^
  5 | import { clerkAppearance } from '@/lib/clerk-appearance';
  6 |
  7 | export const metadata = { title: 'Sign in | Enterprise Hub' };

Import map: aliased to relative './src/components/auth/auth-card-skeleton' inside of [project]/

https://nextjs.org/docs/messages/module-not-found 
    at handleErrors (file://C:/Users/Chirag Gupta/Desktop/enterprise-productivity/enterprise-productivity-frontend/.next/dev/static/chunks/node_modules_next_dist_client_0r5nbpw._.js:13951:21)
    at processMessage (file://C:/Users/Chirag Gupta/Desktop/enterprise-productivity/enterprise-productivity-frontend/.next/dev/static/chunks/node_modules_next_dist_client_0r5nbpw._.js:14014:21)
    at WebSocket.handleMessage (file://C:/Users/Chirag Gupta/Desktop/enterprise-productivity/enterprise-productivity-frontend/.next/dev/static/chunks/node_modules_next_dist_client_0r5nbpw._.js:13458:52) (file://C:/Users/Chirag Gupta/Desktop/enterprise-productivity/enterprise-productivity-frontend/.next/dev/static/chunks/node_modules_next_dist_client_0r5nbpw._.js:13951:21)
 GET /dashboard 500 in 804ms (next.js: 42ms, proxy.ts: 683ms, application-code: 80ms)
[browser] ./src/app/sign-in/[[...sign-in]]/page.tsx:4:1
Module not found: Can't resolve '@/components/auth/auth-card-skeleton'
  2 | import { SignIn } from '@clerk/nextjs';
  3 | import { AuthShell } from '@/components/auth/auth-shell';
> 4 | import { AuthCardSkeleton } from '@/components/auth/auth-card-skeleton';
    | ^^^^^^^^^^^^^^^^^^^^^^^^^^^^^^^^^^^^^^^^^^^^^^^^^^^^^^^^^^^^^^^^^^^^^^^^
  5 | import { clerkAppearance } from '@/lib/clerk-appearance';
  6 |
  7 | export const metadata = { title: 'Sign in | Enterprise Hub' };

Import map: aliased to relative './src/components/auth/auth-card-skeleton' inside of [project]/

https://nextjs.org/docs/messages/module-not-found 
    at handleErrors (file://C:/Users/Chirag Gupta/Desktop/enterprise-productivity/enterprise-productivity-frontend/.next/dev/static/chunks/node_modules_next_dist_client_0r5nbpw._.js:13951:21)
    at processMessage (file://C:/Users/Chirag Gupta/Desktop/enterprise-productivity/enterprise-productivity-frontend/.next/dev/static/chunks/node_modules_next_dist_client_0r5nbpw._.js:14014:21)
    at WebSocket.handleMessage (file://C:/Users/Chirag Gupta/Desktop/enterprise-productivity/enterprise-productivity-frontend/.next/dev/static/chunks/node_modules_next_dist_client_0r5nbpw._.js:13458:52) (file://C:/Users/Chirag Gupta/Desktop/enterprise-productivity/enterprise-productivity-frontend/.next/dev/static/chunks/node_modules_next_dist_client_0r5nbpw._.js:13951:21)
[browser] Uncaught Error: ./src/app/sign-in/[[...sign-in]]/page.tsx:4:1
Module not found: Can't resolve '@/components/auth/auth-card-skeleton'
  2 | import { SignIn } from '@clerk/nextjs';
  3 | import { AuthShell } from '@/components/auth/auth-shell';
> 4 | import { AuthCardSkeleton } from '@/components/auth/auth-card-skeleton';
    | ^^^^^^^^^^^^^^^^^^^^^^^^^^^^^^^^^^^^^^^^^^^^^^^^^^^^^^^^^^^^^^^^^^^^^^^^
  5 | import { clerkAppearance } from '@/lib/clerk-appearance';
  6 |
  7 | export const metadata = { title: 'Sign in | Enterprise Hub' };

Import map: aliased to relative './src/components/auth/auth-card-skeleton' inside of [project]/


https://nextjs.org/docs/messages/module-not-found


    at <unknown> (Error: ./src/app/sign-in/[[...sign-in]]/page.tsx:4:1)
    at <unknown> (https://nextjs.org/docs/messages/module-not-found)
    at <unknown> (Error: (./src/app/sign-in/[[...sign-in]]/page.tsx:4:1)
    at <unknown> (https://nextjs.org/docs/messages/module-not-found)
[browser] ./src/app/sign-in/[[...sign-in]]/page.tsx:4:1
Module not found: Can't resolve '@/components/auth/auth-card-skeleton'
  2 | import { SignIn } from '@clerk/nextjs';
  3 | import { AuthShell } from '@/components/auth/auth-shell';
> 4 | import { AuthCardSkeleton } from '@/components/auth/auth-card-skeleton';
    | ^^^^^^^^^^^^^^^^^^^^^^^^^^^^^^^^^^^^^^^^^^^^^^^^^^^^^^^^^^^^^^^^^^^^^^^^
  5 | import { clerkAppearance } from '@/lib/clerk-appearance';
  6 |
  7 | export const metadata = { title: 'Sign in | Enterprise Hub' };

Import map: aliased to relative './src/components/auth/auth-card-skeleton' inside of [project]/

https://nextjs.org/docs/messages/module-not-found 
    at handleErrors (file://C:/Users/Chirag Gupta/Desktop/enterprise-productivity/enterprise-productivity-frontend/.next/dev/static/chunks/node_modules_next_dist_client_16lnmlo._.js:2774:21)
    at processMessage (file://C:/Users/Chirag Gupta/Desktop/enterprise-productivity/enterprise-productivity-frontend/.next/dev/static/chunks/node_modules_next_dist_client_16lnmlo._.js:2835:28)
    at <unknown> (file://C:/Users/Chirag Gupta/Desktop/enterprise-productivity/enterprise-productivity-frontend/.next/dev/static/chunks/node_modules_next_dist_client_16lnmlo._.js:2680:13)
    at WebSocket.handleMessage (file://C:/Users/Chirag Gupta/Desktop/enterprise-productivity/enterprise-productivity-frontend/.next/dev/static/chunks/node_modules_next_dist_client_16lnmlo._.js:2325:17) (file://C:/Users/Chirag Gupta/Desktop/enterprise-productivity/enterprise-productivity-frontend/.next/dev/static/chunks/node_modules_next_dist_client_16lnmlo._.js:2774:21)
[browser] ./src/app/sign-in/[[...sign-in]]/page.tsx:4:1
Module not found: Can't resolve '@/components/auth/auth-card-skeleton'
  2 | import { SignIn } from '@clerk/nextjs';
  3 | import { AuthShell } from '@/components/auth/auth-shell';
> 4 | import { AuthCardSkeleton } from '@/components/auth/auth-card-skeleton';
    | ^^^^^^^^^^^^^^^^^^^^^^^^^^^^^^^^^^^^^^^^^^^^^^^^^^^^^^^^^^^^^^^^^^^^^^^^
  5 | import { clerkAppearance } from '@/lib/clerk-appearance';
  6 |
  7 | export const metadata = { title: 'Sign in | Enterprise Hub' };

Import map: aliased to relative './src/components/auth/auth-card-skeleton' inside of [project]/

https://nextjs.org/docs/messages/module-not-found 
    at handleErrors (file://C:/Users/Chirag Gupta/Desktop/enterprise-productivity/enterprise-productivity-frontend/.next/dev/static/chunks/node_modules_next_dist_client_16lnmlo._.js:2774:21)
    at processMessage (file://C:/Users/Chirag Gupta/Desktop/enterprise-productivity/enterprise-productivity-frontend/.next/dev/static/chunks/node_modules_next_dist_client_16lnmlo._.js:2835:28)
    at <unknown> (file://C:/Users/Chirag Gupta/Desktop/enterprise-productivity/enterprise-productivity-frontend/.next/dev/static/chunks/node_modules_next_dist_client_16lnmlo._.js:2680:13)
    at WebSocket.handleMessage (file://C:/Users/Chirag Gupta/Desktop/enterprise-productivity/enterprise-productivity-frontend/.next/dev/static/chunks/node_modules_next_dist_client_16lnmlo._.js:2325:17) (file://C:/Users/Chirag Gupta/Desktop/enterprise-productivity/enterprise-productivity-frontend/.next/dev/static/chunks/node_modules_next_dist_client_16lnmlo._.js:2774:21)
[browser] ./src/app/sign-in/[[...sign-in]]/page.tsx:4:1
Module not found: Can't resolve '@/components/auth/auth-card-skeleton'
  2 | import { SignIn } from '@clerk/nextjs';
  3 | import { AuthShell } from '@/components/auth/auth-shell';
> 4 | import { AuthCardSkeleton } from '@/components/auth/auth-card-skeleton';
    | ^^^^^^^^^^^^^^^^^^^^^^^^^^^^^^^^^^^^^^^^^^^^^^^^^^^^^^^^^^^^^^^^^^^^^^^^
  5 | import { clerkAppearance } from '@/lib/clerk-appearance';
  6 |
  7 | export const metadata = { title: 'Sign in | Enterprise Hub' };

Import map: aliased to relative './src/components/auth/auth-card-skeleton' inside of [project]/

https://nextjs.org/docs/messages/module-not-found 
    at handleErrors (file://C:/Users/Chirag Gupta/Desktop/enterprise-productivity/enterprise-productivity-frontend/.next/dev/static/chunks/node_modules_next_dist_client_16lnmlo._.js:2774:21)
    at processMessage (file://C:/Users/Chirag Gupta/Desktop/enterprise-productivity/enterprise-productivity-frontend/.next/dev/static/chunks/node_modules_next_dist_client_16lnmlo._.js:2835:28)
    at <unknown> (file://C:/Users/Chirag Gupta/Desktop/enterprise-productivity/enterprise-productivity-frontend/.next/dev/static/chunks/node_modules_next_dist_client_16lnmlo._.js:2680:13)
    at WebSocket.handleMessage (file://C:/Users/Chirag Gupta/Desktop/enterprise-productivity/enterprise-productivity-frontend/.next/dev/static/chunks/node_modules_next_dist_client_16lnmlo._.js:2325:17) (file://C:/Users/Chirag Gupta/Desktop/enterprise-productivity/enterprise-productivity-frontend/.next/dev/static/chunks/node_modules_next_dist_client_16lnmlo._.js:2774:21)
✓ Compiled in 396ms
Clerk - DEPRECATION WARNING: "createRouteMatcher" is deprecated and will be removed in the next major release.
Use resource-based auth checks instead. Move auth checks into each page, layout, API route, or Server Function that accesses protected data. Middleware-based auth checks rely on path matching, which can diverge from how Next.js routes requests and leave protected resources reachable. For a migration guide, see: https://clerk.com/docs/guides/development/upgrading/upgrade-guides/migrate-from-create-route-matcher
⨯ ReferenceError: IconCalendar is not defined
    at module evaluation (src\components\layout\app-shell.tsx:35:50)
  33 | ...ef: '/directory', label: 'Directory', icon: <IconUsers width={18} height={18} /> },
  34 | ...ef: '/tasks', label: 'Tasks', icon: <IconTasks width={18} height={18} /> },
> 35 | ...ef: '/meetings', label: 'Meetings', icon: <IconCalendar width={18} height={18} /> },
     |                                               ^
  36 | ...ef: '/announcements', label: 'Announcements', icon: <IconMegaphone width={18} height={1...
  37 | ...ef: '/organization-channels', label: 'Org Channels', icon: <IconBuilding width={18} hei...
  38 | ...ef: '/department-channels', label: 'Departments', icon: <IconDepartment width={18} heig... {
  digest: '1639440254'
}
 GET /dashboard 500 in 2.9s (next.js: 416ms, proxy.ts: 174ms, application-code: 2.3s)
[browser] Uncaught ReferenceError: IconCalendar is not defined
    at module evaluation (file://C:/Users/Chirag Gupta/Desktop/enterprise-productivity/enterprise-productivity-frontend/.next/dev/static/chunks/src_02n2azd._.js:2804:218)
    at requireModule (file://C:/Users/Chirag Gupta/Desktop/enterprise-productivity/enterprise-productivity-frontend/.next/dev/static/chunks/node_modules_next_dist_compiled_react-server-dom-turbopack_164kp-6._.js:95:84)
    at initializeModuleChunk (file://C:/Users/Chirag Gupta/Desktop/enterprise-productivity/enterprise-productivity-frontend/.next/dev/static/chunks/node_modules_next_dist_compiled_react-server-dom-turbopack_164kp-6._.js:1110:25)
    at readChunk (file://C:/Users/Chirag Gupta/Desktop/enterprise-productivity/enterprise-productivity-frontend/.next/dev/static/chunks/node_modules_next_dist_compiled_react-server-dom-turbopack_164kp-6._.js:846:17)
    at Object.react_stack_bottom_frame (file://C:/Users/Chirag Gupta/Desktop/enterprise-productivity/enterprise-productivity-frontend/.next/dev/static/chunks/node_modules_next_dist_compiled_react-dom_096_9a-._.js:15101:20)
    at resolveLazy (file://C:/Users/Chirag Gupta/Desktop/enterprise-productivity/enterprise-productivity-frontend/.next/dev/static/chunks/node_modules_next_dist_compiled_react-dom_096_9a-._.js:3866:20)
    at beginWork (file://C:/Users/Chirag Gupta/Desktop/enterprise-productivity/enterprise-productivity-frontend/.next/dev/static/chunks/node_modules_next_dist_compiled_react-dom_096_9a-._.js:6665:77)
    at runWithFiberInDEV (file://C:/Users/Chirag Gupta/Desktop/enterprise-productivity/enterprise-productivity-frontend/.next/dev/static/chunks/node_modules_next_dist_compiled_react-dom_096_9a-._.js:965:74)
    at performUnitOfWork (file://C:/Users/Chirag Gupta/Desktop/enterprise-productivity/enterprise-productivity-frontend/.next/dev/static/chunks/node_modules_next_dist_compiled_react-dom_096_9a-._.js:9555:97)
    at workLoopSync (file://C:/Users/Chirag Gupta/Desktop/enterprise-productivity/enterprise-productivity-frontend/.next/dev/static/chunks/node_modules_next_dist_compiled_react-dom_096_9a-._.js:9449:40)
    at renderRootSync (file://C:/Users/Chirag Gupta/Desktop/enterprise-productivity/enterprise-productivity-frontend/.next/dev/static/chunks/node_modules_next_dist_compiled_react-dom_096_9a-._.js:9433:13)
    at performWorkOnRoot (file://C:/Users/Chirag Gupta/Desktop/enterprise-productivity/enterprise-productivity-frontend/.next/dev/static/chunks/node_modules_next_dist_compiled_react-dom_096_9a-._.js:9061:186)
    at performWorkOnRootViaSchedulerTask (file://C:/Users/Chirag Gupta/Desktop/enterprise-productivity/enterprise-productivity-frontend/.next/dev/static/chunks/node_modules_next_dist_compiled_react-dom_096_9a-._.js:10255:9)
    at MessagePort.performWorkUntilDeadline (file://C:/Users/Chirag Gupta/Desktop/enterprise-productivity/enterprise-productivity-frontend/.next/dev/static/chunks/node_modules_next_dist_compiled_1amofcm._.js:2647:64)
    at RootLayout (src\app\layout.tsx:22:15)
  20 |           <ToastProvider>
  21 |             <RoleProvider>
> 22 |               <AppShell>{children}</AppShell>
     |               ^
  23 |             </RoleProvider>
  24 |           </ToastProvider>
  25 |         </body>
[browser] Clerk: Clerk has been loaded with development keys. Development instances have strict usage limits and should not be used when deploying your application to production. Learn more: https://clerk.com/docs/deployments/overview (file://C:/Users/Chirag Gupta/Desktop/enterprise-productivity/enterprise-productivity-frontend/.next/dev/static/chunks/node_modules_next_dist_1ybzpk2._.js:2489:13)
✓ Compiled in 1448ms
⨯ ReferenceError: IconCalendar is not defined
    at module evaluation (src\components\layout\app-shell.tsx:35:50)
  33 | ...ef: '/directory', label: 'Directory', icon: <IconUsers width={18} height={18} /> },
  34 | ...ef: '/tasks', label: 'Tasks', icon: <IconTasks width={18} height={18} /> },
> 35 | ...ef: '/meetings', label: 'Meetings', icon: <IconCalendar width={18} height={18} /> },
     |                                               ^
  36 | ...ef: '/announcements', label: 'Announcements', icon: <IconMegaphone width={18} height={1...
  37 | ...ef: '/organization-channels', label: 'Org Channels', icon: <IconBuilding width={18} hei...
  38 | ...ef: '/department-channels', label: 'Departments', icon: <IconDepartment width={18} heig... {
  digest: '1639440254'
}
 GET /dashboard 500 in 4.4s (next.js: 351ms, proxy.ts: 1576ms, application-code: 2.5s)
[browser] Uncaught ReferenceError: IconCalendar is not defined
    at module evaluation (file://C:/Users/Chirag Gupta/Desktop/enterprise-productivity/enterprise-productivity-frontend/.next/dev/static/chunks/src_02n2azd._.js:2804:218)
    at requireModule (file://C:/Users/Chirag Gupta/Desktop/enterprise-productivity/enterprise-productivity-frontend/.next/dev/static/chunks/node_modules_next_dist_compiled_react-server-dom-turbopack_164kp-6._.js:95:84)
    at initializeModuleChunk (file://C:/Users/Chirag Gupta/Desktop/enterprise-productivity/enterprise-productivity-frontend/.next/dev/static/chunks/node_modules_next_dist_compiled_react-server-dom-turbopack_164kp-6._.js:1110:25)
    at readChunk (file://C:/Users/Chirag Gupta/Desktop/enterprise-productivity/enterprise-productivity-frontend/.next/dev/static/chunks/node_modules_next_dist_compiled_react-server-dom-turbopack_164kp-6._.js:846:17)
    at Object.react_stack_bottom_frame (file://C:/Users/Chirag Gupta/Desktop/enterprise-productivity/enterprise-productivity-frontend/.next/dev/static/chunks/node_modules_next_dist_compiled_react-dom_096_9a-._.js:15101:20)
    at resolveLazy (file://C:/Users/Chirag Gupta/Desktop/enterprise-productivity/enterprise-productivity-frontend/.next/dev/static/chunks/node_modules_next_dist_compiled_react-dom_096_9a-._.js:3866:20)
    at beginWork (file://C:/Users/Chirag Gupta/Desktop/enterprise-productivity/enterprise-productivity-frontend/.next/dev/static/chunks/node_modules_next_dist_compiled_react-dom_096_9a-._.js:6665:77)
    at runWithFiberInDEV (file://C:/Users/Chirag Gupta/Desktop/enterprise-productivity/enterprise-productivity-frontend/.next/dev/static/chunks/node_modules_next_dist_compiled_react-dom_096_9a-._.js:965:74)
    at performUnitOfWork (file://C:/Users/Chirag Gupta/Desktop/enterprise-productivity/enterprise-productivity-frontend/.next/dev/static/chunks/node_modules_next_dist_compiled_react-dom_096_9a-._.js:9555:97)
    at workLoopSync (file://C:/Users/Chirag Gupta/Desktop/enterprise-productivity/enterprise-productivity-frontend/.next/dev/static/chunks/node_modules_next_dist_compiled_react-dom_096_9a-._.js:9449:40)
    at renderRootSync (file://C:/Users/Chirag Gupta/Desktop/enterprise-productivity/enterprise-productivity-frontend/.next/dev/static/chunks/node_modules_next_dist_compiled_react-dom_096_9a-._.js:9433:13)
    at performWorkOnRoot (file://C:/Users/Chirag Gupta/Desktop/enterprise-productivity/enterprise-productivity-frontend/.next/dev/static/chunks/node_modules_next_dist_compiled_react-dom_096_9a-._.js:9061:186)
    at performWorkOnRootViaSchedulerTask (file://C:/Users/Chirag Gupta/Desktop/enterprise-productivity/enterprise-productivity-frontend/.next/dev/static/chunks/node_modules_next_dist_compiled_react-dom_096_9a-._.js:10255:9)
    at MessagePort.performWorkUntilDeadline (file://C:/Users/Chirag Gupta/Desktop/enterprise-productivity/enterprise-productivity-frontend/.next/dev/static/chunks/node_modules_next_dist_compiled_1amofcm._.js:2647:64)
    at RootLayout (src\app\layout.tsx:22:15)
  20 |           <ToastProvider>
  21 |             <RoleProvider>
> 22 |               <AppShell>{children}</AppShell>
     |               ^
  23 |             </RoleProvider>
  24 |           </ToastProvider>
  25 |         </body>
[browser] Clerk: Clerk has been loaded with development keys. Development instances have strict usage limits and should not be used when deploying your application to production. Learn more: https://clerk.com/docs/deployments/overview (file://C:/Users/Chirag Gupta/Desktop/enterprise-productivity/enterprise-productivity-frontend/.next/dev/static/chunks/node_modules_next_dist_1ybzpk2._.js:2489:13)
✓ Compiled in 639ms
⚠ Fast Refresh had to perform a full reload due to a runtime error.
Clerk - DEPRECATION WARNING: "createRouteMatcher" is deprecated and will be removed in the next major release.
Use resource-based auth checks instead. Move auth checks into each page, layout, API route, or Server Function that accesses protected data. Middleware-based auth checks rely on path matching, which can diverge from how Next.js routes requests and leave protected resources reachable. For a migration guide, see: https://clerk.com/docs/guides/development/upgrading/upgrade-guides/migrate-from-create-route-matcher
⨯ ReferenceError: IconCalendar is not defined
    at module evaluation (src\components\layout\app-shell.tsx:35:50)
  33 | ...ef: '/directory', label: 'Directory', icon: <IconUsers width={18} height={18} /> },
  34 | ...ef: '/tasks', label: 'Tasks', icon: <IconTasks width={18} height={18} /> },
> 35 | ...ef: '/meetings', label: 'Meetings', icon: <IconCalendar width={18} height={18} /> },
     |                                               ^
  36 | ...ef: '/announcements', label: 'Announcements', icon: <IconMegaphone width={18} height={1...
  37 | ...ef: '/organization-channels', label: 'Org Channels', icon: <IconBuilding width={18} hei...
  38 | ...ef: '/department-channels', label: 'Departments', icon: <IconDepartment width={18} heig... {
  digest: '1639440254'
}
 GET /dashboard 200 in 4.3s (next.js: 548ms, proxy.ts: 779ms, application-code: 2.9s)
 GET /dashboard 500 in 6.3s (next.js: 756ms, proxy.ts: 2.8s, application-code: 2.8s)
[browser] Uncaught ReferenceError: IconCalendar is not defined
    at module evaluation (file://C:/Users/Chirag Gupta/Desktop/enterprise-productivity/enterprise-productivity-frontend/.next/dev/static/chunks/src_02n2azd._.js:2804:218)
    at requireModule (file://C:/Users/Chirag Gupta/Desktop/enterprise-productivity/enterprise-productivity-frontend/.next/dev/static/chunks/node_modules_next_dist_compiled_react-server-dom-turbopack_164kp-6._.js:95:84)
    at initializeModuleChunk (file://C:/Users/Chirag Gupta/Desktop/enterprise-productivity/enterprise-productivity-frontend/.next/dev/static/chunks/node_modules_next_dist_compiled_react-server-dom-turbopack_164kp-6._.js:1110:25)
    at readChunk (file://C:/Users/Chirag Gupta/Desktop/enterprise-productivity/enterprise-productivity-frontend/.next/dev/static/chunks/node_modules_next_dist_compiled_react-server-dom-turbopack_164kp-6._.js:846:17)
    at Object.react_stack_bottom_frame (file://C:/Users/Chirag Gupta/Desktop/enterprise-productivity/enterprise-productivity-frontend/.next/dev/static/chunks/node_modules_next_dist_compiled_react-dom_096_9a-._.js:15101:20)
    at resolveLazy (file://C:/Users/Chirag Gupta/Desktop/enterprise-productivity/enterprise-productivity-frontend/.next/dev/static/chunks/node_modules_next_dist_compiled_react-dom_096_9a-._.js:3866:20)
    at beginWork (file://C:/Users/Chirag Gupta/Desktop/enterprise-productivity/enterprise-productivity-frontend/.next/dev/static/chunks/node_modules_next_dist_compiled_react-dom_096_9a-._.js:6665:77)
    at runWithFiberInDEV (file://C:/Users/Chirag Gupta/Desktop/enterprise-productivity/enterprise-productivity-frontend/.next/dev/static/chunks/node_modules_next_dist_compiled_react-dom_096_9a-._.js:965:74)
    at performUnitOfWork (file://C:/Users/Chirag Gupta/Desktop/enterprise-productivity/enterprise-productivity-frontend/.next/dev/static/chunks/node_modules_next_dist_compiled_react-dom_096_9a-._.js:9555:97)
    at workLoopSync (file://C:/Users/Chirag Gupta/Desktop/enterprise-productivity/enterprise-productivity-frontend/.next/dev/static/chunks/node_modules_next_dist_compiled_react-dom_096_9a-._.js:9449:40)
    at renderRootSync (file://C:/Users/Chirag Gupta/Desktop/enterprise-productivity/enterprise-productivity-frontend/.next/dev/static/chunks/node_modules_next_dist_compiled_react-dom_096_9a-._.js:9433:13)
    at performWorkOnRoot (file://C:/Users/Chirag Gupta/Desktop/enterprise-productivity/enterprise-productivity-frontend/.next/dev/static/chunks/node_modules_next_dist_compiled_react-dom_096_9a-._.js:9061:186)
    at performWorkOnRootViaSchedulerTask (file://C:/Users/Chirag Gupta/Desktop/enterprise-productivity/enterprise-productivity-frontend/.next/dev/static/chunks/node_modules_next_dist_compiled_react-dom_096_9a-._.js:10255:9)
    at MessagePort.performWorkUntilDeadline (file://C:/Users/Chirag Gupta/Desktop/enterprise-productivity/enterprise-productivity-frontend/.next/dev/static/chunks/node_modules_next_dist_compiled_1amofcm._.js:2647:64)
    at RootLayout (src\app\layout.tsx:22:15)
  20 |           <ToastProvider>
  21 |             <RoleProvider>
> 22 |               <AppShell>{children}</AppShell>
     |               ^
  23 |             </RoleProvider>
  24 |           </ToastProvider>
  25 |         </body>
[browser] Clerk: Clerk has been loaded with development keys. Development instances have strict usage limits and should not be used when deploying your application to production. Learn more: https://clerk.com/docs/deployments/overview (file://C:/Users/Chirag Gupta/Desktop/enterprise-productivity/enterprise-productivity-frontend/.next/dev/static/chunks/node_modules_next_dist_1ybzpk2._.js:2489:13)
✓ Compiled in 15.2s
⨯ ReferenceError: IconCalendar is not defined
    at module evaluation (src\components\layout\app-shell.tsx:35:50)
  33 | ...ef: '/directory', label: 'Directory', icon: <IconUsers width={18} height={18} /> },
  34 | ...ef: '/tasks', label: 'Tasks', icon: <IconTasks width={18} height={18} /> },
> 35 | ...ef: '/meetings', label: 'Meetings', icon: <IconCalendar width={18} height={18} /> },
     |                                               ^
  36 | ...ef: '/announcements', label: 'Announcements', icon: <IconMegaphone width={18} height={1...
  37 | ...ef: '/organization-channels', label: 'Org Channels', icon: <IconBuilding width={18} hei...
  38 | ...ef: '/department-channels', label: 'Departments', icon: <IconDepartment width={18} heig... {
  digest: '2936762343'
}
 GET /dashboard 500 in 26.8s (next.js: 17.9s, proxy.ts: 19ms, application-code: 8.9s)
[browser] Uncaught ReferenceError: IconCalendar is not defined
    at module evaluation (file://C:/Users/Chirag Gupta/Desktop/enterprise-productivity/enterprise-productivity-frontend/.next/dev/static/chunks/src_02n2azd._.js:2804:218)
    at requireModule (file://C:/Users/Chirag Gupta/Desktop/enterprise-productivity/enterprise-productivity-frontend/.next/dev/static/chunks/node_modules_next_dist_compiled_react-server-dom-turbopack_164kp-6._.js:95:84)
    at initializeModuleChunk (file://C:/Users/Chirag Gupta/Desktop/enterprise-productivity/enterprise-productivity-frontend/.next/dev/static/chunks/node_modules_next_dist_compiled_react-server-dom-turbopack_164kp-6._.js:1110:25)
    at readChunk (file://C:/Users/Chirag Gupta/Desktop/enterprise-productivity/enterprise-productivity-frontend/.next/dev/static/chunks/node_modules_next_dist_compiled_react-server-dom-turbopack_164kp-6._.js:846:17)
    at Object.react_stack_bottom_frame (file://C:/Users/Chirag Gupta/Desktop/enterprise-productivity/enterprise-productivity-frontend/.next/dev/static/chunks/node_modules_next_dist_compiled_react-dom_096_9a-._.js:15101:20)
    at resolveLazy (file://C:/Users/Chirag Gupta/Desktop/enterprise-productivity/enterprise-productivity-frontend/.next/dev/static/chunks/node_modules_next_dist_compiled_react-dom_096_9a-._.js:3866:20)
    at beginWork (file://C:/Users/Chirag Gupta/Desktop/enterprise-productivity/enterprise-productivity-frontend/.next/dev/static/chunks/node_modules_next_dist_compiled_react-dom_096_9a-._.js:6665:77)
    at runWithFiberInDEV (file://C:/Users/Chirag Gupta/Desktop/enterprise-productivity/enterprise-productivity-frontend/.next/dev/static/chunks/node_modules_next_dist_compiled_react-dom_096_9a-._.js:965:74)
    at performUnitOfWork (file://C:/Users/Chirag Gupta/Desktop/enterprise-productivity/enterprise-productivity-frontend/.next/dev/static/chunks/node_modules_next_dist_compiled_react-dom_096_9a-._.js:9555:97)
    at workLoopSync (file://C:/Users/Chirag Gupta/Desktop/enterprise-productivity/enterprise-productivity-frontend/.next/dev/static/chunks/node_modules_next_dist_compiled_react-dom_096_9a-._.js:9449:40)
    at renderRootSync (file://C:/Users/Chirag Gupta/Desktop/enterprise-productivity/enterprise-productivity-frontend/.next/dev/static/chunks/node_modules_next_dist_compiled_react-dom_096_9a-._.js:9433:13)
    at performWorkOnRoot (file://C:/Users/Chirag Gupta/Desktop/enterprise-productivity/enterprise-productivity-frontend/.next/dev/static/chunks/node_modules_next_dist_compiled_react-dom_096_9a-._.js:9061:186)
    at performWorkOnRootViaSchedulerTask (file://C:/Users/Chirag Gupta/Desktop/enterprise-productivity/enterprise-productivity-frontend/.next/dev/static/chunks/node_modules_next_dist_compiled_react-dom_096_9a-._.js:10255:9)
    at MessagePort.performWorkUntilDeadline (file://C:/Users/Chirag Gupta/Desktop/enterprise-productivity/enterprise-productivity-frontend/.next/dev/static/chunks/node_modules_next_dist_compiled_1amofcm._.js:2647:64)
    at RootLayout (src\app\layout.tsx:25:15)
  23 |           <ToastProvider>
  24 |             <RoleProvider>
> 25 |               <AppShell>{children}</AppShell>
     |               ^
  26 |             </RoleProvider>
  27 |           </ToastProvider>
  28 |         </body>
[browser] Clerk: Clerk has been loaded with development keys. Development instances have strict usage limits and should not be used when deploying your application to production. Learn more: https://clerk.com/docs/deployments/overview (file://C:/Users/Chirag Gupta/Desktop/enterprise-productivity/enterprise-productivity-frontend/.next/dev/static/chunks/node_modules_next_dist_1ybzpk2._.js:2489:13)
✓ Compiled in 407ms
⚠ Fast Refresh had to perform a full reload due to a runtime error.
⚠ Fast Refresh had to perform a full reload when ./src/components/layout/app-shell.tsx changed. Read more: https://nextjs.org/docs/messages/fast-refresh-reload
⚠ Fast Refresh had to perform a full reload due to a runtime error.
Clerk - DEPRECATION WARNING: "createRouteMatcher" is deprecated and will be removed in the next major release.
Use resource-based auth checks instead. Move auth checks into each page, layout, API route, or Server Function that accesses protected data. Middleware-based auth checks rely on path matching, which can diverge from how Next.js routes requests and leave protected resources reachable. For a migration guide, see: https://clerk.com/docs/guides/development/upgrading/upgrade-guides/migrate-from-create-route-matcher
 GET /dashboard 200 in 3.0s (next.js: 679ms, proxy.ts: 610ms, application-code: 1680ms)
[browser] Clerk: Clerk has been loaded with development keys. Development instances have strict usage limits and should not be used when deploying your application to production. Learn more: https://clerk.com/docs/deployments/overview (file://C:/Users/Chirag Gupta/Desktop/enterprise-productivity/enterprise-productivity-frontend/.next/dev/static/chunks/node_modules_next_dist_1ybzpk2._.js:2489:13)
✓ Compiled in 499ms
Clerk - DEPRECATION WARNING: "createRouteMatcher" is deprecated and will be removed in the next major release.
Use resource-based auth checks instead. Move auth checks into each page, layout, API route, or Server Function that accesses protected data. Middleware-based auth checks rely on path matching, which can diverge from how Next.js routes requests and leave protected resources reachable. For a migration guide, see: https://clerk.com/docs/guides/development/upgrading/upgrade-guides/migrate-from-create-route-matcher
 GET /dashboard 200 in 1119ms (next.js: 437ms, proxy.ts: 421ms, application-code: 261ms)
 GET /dashboard 200 in 123ms (next.js: 18ms, proxy.ts: 24ms, application-code: 81ms)
Clerk - DEPRECATION WARNING: "createRouteMatcher" is deprecated and will be removed in the next major release.
Use resource-based auth checks instead. Move auth checks into each page, layout, API route, or Server Function that accesses protected data. Middleware-based auth checks rely on path matching, which can diverge from how Next.js routes requests and leave protected resources reachable. For a migration guide, see: https://clerk.com/docs/guides/development/upgrading/upgrade-guides/migrate-from-create-route-matcher
 GET /dashboard 200 in 1240ms (next.js: 557ms, proxy.ts: 278ms, application-code: 404ms)
 GET /dashboard 200 in 250ms (next.js: 34ms, proxy.ts: 134ms, application-code: 81ms)
Clerk - DEPRECATION WARNING: "createRouteMatcher" is deprecated and will be removed in the next major release.
Use resource-based auth checks instead. Move auth checks into each page, layout, API route, or Server Function that accesses protected data. Middleware-based auth checks rely on path matching, which can diverge from how Next.js routes requests and leave protected resources reachable. For a migration guide, see: https://clerk.com/docs/guides/development/upgrading/upgrade-guides/migrate-from-create-route-matcher
 GET /dashboard 200 in 782ms (next.js: 354ms, proxy.ts: 291ms, application-code: 137ms)
✓ Compiled in 440ms
Clerk - DEPRECATION WARNING: "createRouteMatcher" is deprecated and will be removed in the next major release.
Use resource-based auth checks instead. Move auth checks into each page, layout, API route, or Server Function that accesses protected data. Middleware-based auth checks rely on path matching, which can diverge from how Next.js routes requests and leave protected resources reachable. For a migration guide, see: https://clerk.com/docs/guides/development/upgrading/upgrade-guides/migrate-from-create-route-matcher
 GET /dashboard 200 in 1199ms (next.js: 576ms, proxy.ts: 359ms, application-code: 264ms)
 GET /dashboard 200 in 136ms (next.js: 19ms, proxy.ts: 24ms, application-code: 94ms)
Clerk - DEPRECATION WARNING: "createRouteMatcher" is deprecated and will be removed in the next major release.
Use resource-based auth checks instead. Move auth checks into each page, layout, API route, or Server Function that accesses protected data. Middleware-based auth checks rely on path matching, which can diverge from how Next.js routes requests and leave protected resources reachable. For a migration guide, see: https://clerk.com/docs/guides/development/upgrading/upgrade-guides/migrate-from-create-route-matcher
 GET /dashboard 200 in 999ms (next.js: 408ms, proxy.ts: 382ms, application-code: 209ms)
✓ Compiled in 345ms
Clerk - DEPRECATION WARNING: "createRouteMatcher" is deprecated and will be removed in the next major release.
Use resource-based auth checks instead. Move auth checks into each page, layout, API route, or Server Function that accesses protected data. Middleware-based auth checks rely on path matching, which can diverge from how Next.js routes requests and leave protected resources reachable. For a migration guide, see: https://clerk.com/docs/guides/development/upgrading/upgrade-guides/migrate-from-create-route-matcher
[browser] ./src/components/tasks/task-detail-drawer.tsx:14:1
Export IconMessageCircle doesn't exist in target module
  12 | import { Avatar } from '@/components/ui/avatar';
  13 | import { Select } from '@/components/ui/form';
> 14 | import { IconClose, IconMessageCircle, IconPlus, IconTrash } from '@/components/ui/icons';
     | ^^^^^^^^^^^^^^^^^^^^^^^^^^^^^^^^^^^^^^^^^^^^^^^^^^^^^^^^^^^^^^^^^^^^^^^^^^^^^^^^^^^^^^^^^^
  15 | import { TaskForm } from './task-form';
  16 |
  17 | const STATUSES = ['Todo', 'In Progress', 'In Review', 'Completed', 'Closed'];

The export IconMessageCircle was not found in module [project]/src/components/ui/icons.tsx [app-client] (ecmascript).
Did you mean to import IconMail?
All exports of the module are statically known (It doesn't have dynamic exports). So it's known statically that the requested export doesn't exist.

Import traces:
  Client Component Browser:
    ./src/components/tasks/task-detail-drawer.tsx [Client Component Browser]
    ./src/app/tasks/page.tsx [Client Component Browser]
    ./src/app/tasks/page.tsx [Server Component]

  Client Component SSR:
    ./src/components/tasks/task-detail-drawer.tsx [Client Component SSR]
    ./src/app/tasks/page.tsx [Client Component SSR]
    ./src/app/tasks/page.tsx [Server Component] 
    at handleErrors (file://C:/Users/Chirag Gupta/Desktop/enterprise-productivity/enterprise-productivity-frontend/.next/dev/static/chunks/node_modules_next_dist_client_0r5nbpw._.js:13951:21)
    at processMessage (file://C:/Users/Chirag Gupta/Desktop/enterprise-productivity/enterprise-productivity-frontend/.next/dev/static/chunks/node_modules_next_dist_client_0r5nbpw._.js:14014:21)
    at WebSocket.handleMessage (file://C:/Users/Chirag Gupta/Desktop/enterprise-productivity/enterprise-productivity-frontend/.next/dev/static/chunks/node_modules_next_dist_client_0r5nbpw._.js:13458:52) (file://C:/Users/Chirag Gupta/Desktop/enterprise-productivity/enterprise-productivity-frontend/.next/dev/static/chunks/node_modules_next_dist_client_0r5nbpw._.js:13951:21)
[browser] ./src/components/tasks/task-detail-drawer.tsx:14:1
Export IconMessageCircle doesn't exist in target module
  12 | import { Avatar } from '@/components/ui/avatar';
  13 | import { Select } from '@/components/ui/form';
> 14 | import { IconClose, IconMessageCircle, IconPlus, IconTrash } from '@/components/ui/icons';
     | ^^^^^^^^^^^^^^^^^^^^^^^^^^^^^^^^^^^^^^^^^^^^^^^^^^^^^^^^^^^^^^^^^^^^^^^^^^^^^^^^^^^^^^^^^^
  15 | import { TaskForm } from './task-form';
  16 |
  17 | const STATUSES = ['Todo', 'In Progress', 'In Review', 'Completed', 'Closed'];

The export IconMessageCircle was not found in module [project]/src/components/ui/icons.tsx [app-ssr] (ecmascript).
Did you mean to import IconMail?
All exports of the module are statically known (It doesn't have dynamic exports). So it's known statically that the requested export doesn't exist.

Import traces:
  Client Component Browser:
    ./src/components/tasks/task-detail-drawer.tsx [Client Component Browser]
    ./src/app/tasks/page.tsx [Client Component Browser]
    ./src/app/tasks/page.tsx [Server Component]

  Client Component SSR:
    ./src/components/tasks/task-detail-drawer.tsx [Client Component SSR]
    ./src/app/tasks/page.tsx [Client Component SSR]
    ./src/app/tasks/page.tsx [Server Component] 
    at handleErrors (file://C:/Users/Chirag Gupta/Desktop/enterprise-productivity/enterprise-productivity-frontend/.next/dev/static/chunks/node_modules_next_dist_client_0r5nbpw._.js:13951:21)
    at processMessage (file://C:/Users/Chirag Gupta/Desktop/enterprise-productivity/enterprise-productivity-frontend/.next/dev/static/chunks/node_modules_next_dist_client_0r5nbpw._.js:14014:21)
    at WebSocket.handleMessage (file://C:/Users/Chirag Gupta/Desktop/enterprise-productivity/enterprise-productivity-frontend/.next/dev/static/chunks/node_modules_next_dist_client_0r5nbpw._.js:13458:52) (file://C:/Users/Chirag Gupta/Desktop/enterprise-productivity/enterprise-productivity-frontend/.next/dev/static/chunks/node_modules_next_dist_client_0r5nbpw._.js:13951:21)
 GET /dashboard 500 in 396ms (next.js: 28ms, proxy.ts: 323ms, application-code: 45ms)
[browser] ./src/components/tasks/task-detail-drawer.tsx:14:1
Export IconMessageCircle doesn't exist in target module
  12 | import { Avatar } from '@/components/ui/avatar';
  13 | import { Select } from '@/components/ui/form';
> 14 | import { IconClose, IconMessageCircle, IconPlus, IconTrash } from '@/components/ui/icons';
     | ^^^^^^^^^^^^^^^^^^^^^^^^^^^^^^^^^^^^^^^^^^^^^^^^^^^^^^^^^^^^^^^^^^^^^^^^^^^^^^^^^^^^^^^^^^
  15 | import { TaskForm } from './task-form';
  16 |
  17 | const STATUSES = ['Todo', 'In Progress', 'In Review', 'Completed', 'Closed'];

The export IconMessageCircle was not found in module [project]/src/components/ui/icons.tsx [app-client] (ecmascript).
Did you mean to import IconMail?
All exports of the module are statically known (It doesn't have dynamic exports). So it's known statically that the requested export doesn't exist.

Import traces:
  Client Component Browser:
    ./src/components/tasks/task-detail-drawer.tsx [Client Component Browser]
    ./src/app/tasks/page.tsx [Client Component Browser]
    ./src/app/tasks/page.tsx [Server Component]

  Client Component SSR:
    ./src/components/tasks/task-detail-drawer.tsx [Client Component SSR]
    ./src/app/tasks/page.tsx [Client Component SSR]
    ./src/app/tasks/page.tsx [Server Component] 
    at handleErrors (file://C:/Users/Chirag Gupta/Desktop/enterprise-productivity/enterprise-productivity-frontend/.next/dev/static/chunks/node_modules_next_dist_client_0r5nbpw._.js:13951:21)
    at processMessage (file://C:/Users/Chirag Gupta/Desktop/enterprise-productivity/enterprise-productivity-frontend/.next/dev/static/chunks/node_modules_next_dist_client_0r5nbpw._.js:14014:21)
    at WebSocket.handleMessage (file://C:/Users/Chirag Gupta/Desktop/enterprise-productivity/enterprise-productivity-frontend/.next/dev/static/chunks/node_modules_next_dist_client_0r5nbpw._.js:13458:52) (file://C:/Users/Chirag Gupta/Desktop/enterprise-productivity/enterprise-productivity-frontend/.next/dev/static/chunks/node_modules_next_dist_client_0r5nbpw._.js:13951:21)
[browser] ./src/components/tasks/task-detail-drawer.tsx:14:1
Export IconMessageCircle doesn't exist in target module
  12 | import { Avatar } from '@/components/ui/avatar';
  13 | import { Select } from '@/components/ui/form';
> 14 | import { IconClose, IconMessageCircle, IconPlus, IconTrash } from '@/components/ui/icons';
     | ^^^^^^^^^^^^^^^^^^^^^^^^^^^^^^^^^^^^^^^^^^^^^^^^^^^^^^^^^^^^^^^^^^^^^^^^^^^^^^^^^^^^^^^^^^
  15 | import { TaskForm } from './task-form';
  16 |
  17 | const STATUSES = ['Todo', 'In Progress', 'In Review', 'Completed', 'Closed'];

The export IconMessageCircle was not found in module [project]/src/components/ui/icons.tsx [app-ssr] (ecmascript).
Did you mean to import IconMail?
All exports of the module are statically known (It doesn't have dynamic exports). So it's known statically that the requested export doesn't exist.

Import traces:
  Client Component Browser:
    ./src/components/tasks/task-detail-drawer.tsx [Client Component Browser]
    ./src/app/tasks/page.tsx [Client Component Browser]
    ./src/app/tasks/page.tsx [Server Component]

  Client Component SSR:
    ./src/components/tasks/task-detail-drawer.tsx [Client Component SSR]
    ./src/app/tasks/page.tsx [Client Component SSR]
    ./src/app/tasks/page.tsx [Server Component] 
    at handleErrors (file://C:/Users/Chirag Gupta/Desktop/enterprise-productivity/enterprise-productivity-frontend/.next/dev/static/chunks/node_modules_next_dist_client_0r5nbpw._.js:13951:21)
    at processMessage (file://C:/Users/Chirag Gupta/Desktop/enterprise-productivity/enterprise-productivity-frontend/.next/dev/static/chunks/node_modules_next_dist_client_0r5nbpw._.js:14014:21)
    at WebSocket.handleMessage (file://C:/Users/Chirag Gupta/Desktop/enterprise-productivity/enterprise-productivity-frontend/.next/dev/static/chunks/node_modules_next_dist_client_0r5nbpw._.js:13458:52) (file://C:/Users/Chirag Gupta/Desktop/enterprise-productivity/enterprise-productivity-frontend/.next/dev/static/chunks/node_modules_next_dist_client_0r5nbpw._.js:13951:21)
 GET /dashboard 500 in 103ms (next.js: 27ms, proxy.ts: 31ms, application-code: 45ms)
[browser] ./src/components/tasks/task-detail-drawer.tsx:14:1
Export IconMessageCircle doesn't exist in target module
  12 | import { Avatar } from '@/components/ui/avatar';
  13 | import { Select } from '@/components/ui/form';
> 14 | import { IconClose, IconMessageCircle, IconPlus, IconTrash } from '@/components/ui/icons';
     | ^^^^^^^^^^^^^^^^^^^^^^^^^^^^^^^^^^^^^^^^^^^^^^^^^^^^^^^^^^^^^^^^^^^^^^^^^^^^^^^^^^^^^^^^^^
  15 | import { TaskForm } from './task-form';
  16 |
  17 | const STATUSES = ['Todo', 'In Progress', 'In Review', 'Completed', 'Closed'];

The export IconMessageCircle was not found in module [project]/src/components/ui/icons.tsx [app-client] (ecmascript).
Did you mean to import IconMail?
All exports of the module are statically known (It doesn't have dynamic exports). So it's known statically that the requested export doesn't exist.

Import traces:
  Client Component Browser:
    ./src/components/tasks/task-detail-drawer.tsx [Client Component Browser]
    ./src/app/tasks/page.tsx [Client Component Browser]
    ./src/app/tasks/page.tsx [Server Component]

  Client Component SSR:
    ./src/components/tasks/task-detail-drawer.tsx [Client Component SSR]
    ./src/app/tasks/page.tsx [Client Component SSR]
    ./src/app/tasks/page.tsx [Server Component] 
    at handleErrors (file://C:/Users/Chirag Gupta/Desktop/enterprise-productivity/enterprise-productivity-frontend/.next/dev/static/chunks/node_modules_next_dist_client_16lnmlo._.js:2774:21)
    at processMessage (file://C:/Users/Chirag Gupta/Desktop/enterprise-productivity/enterprise-productivity-frontend/.next/dev/static/chunks/node_modules_next_dist_client_16lnmlo._.js:2835:28)
    at <unknown> (file://C:/Users/Chirag Gupta/Desktop/enterprise-productivity/enterprise-productivity-frontend/.next/dev/static/chunks/node_modules_next_dist_client_16lnmlo._.js:2680:13)
    at WebSocket.handleMessage (file://C:/Users/Chirag Gupta/Desktop/enterprise-productivity/enterprise-productivity-frontend/.next/dev/static/chunks/node_modules_next_dist_client_16lnmlo._.js:2325:17) (file://C:/Users/Chirag Gupta/Desktop/enterprise-productivity/enterprise-productivity-frontend/.next/dev/static/chunks/node_modules_next_dist_client_16lnmlo._.js:2774:21)
[browser] ./src/components/tasks/task-detail-drawer.tsx:14:1
Export IconMessageCircle doesn't exist in target module
  12 | import { Avatar } from '@/components/ui/avatar';
  13 | import { Select } from '@/components/ui/form';
> 14 | import { IconClose, IconMessageCircle, IconPlus, IconTrash } from '@/components/ui/icons';
     | ^^^^^^^^^^^^^^^^^^^^^^^^^^^^^^^^^^^^^^^^^^^^^^^^^^^^^^^^^^^^^^^^^^^^^^^^^^^^^^^^^^^^^^^^^^
  15 | import { TaskForm } from './task-form';
  16 |
  17 | const STATUSES = ['Todo', 'In Progress', 'In Review', 'Completed', 'Closed'];

The export IconMessageCircle was not found in module [project]/src/components/ui/icons.tsx [app-ssr] (ecmascript).
Did you mean to import IconMail?
All exports of the module are statically known (It doesn't have dynamic exports). So it's known statically that the requested export doesn't exist.

Import traces:
  Client Component Browser:
    ./src/components/tasks/task-detail-drawer.tsx [Client Component Browser]
    ./src/app/tasks/page.tsx [Client Component Browser]
    ./src/app/tasks/page.tsx [Server Component]

  Client Component SSR:
    ./src/components/tasks/task-detail-drawer.tsx [Client Component SSR]
    ./src/app/tasks/page.tsx [Client Component SSR]
    ./src/app/tasks/page.tsx [Server Component] 
    at handleErrors (file://C:/Users/Chirag Gupta/Desktop/enterprise-productivity/enterprise-productivity-frontend/.next/dev/static/chunks/node_modules_next_dist_client_16lnmlo._.js:2774:21)
    at processMessage (file://C:/Users/Chirag Gupta/Desktop/enterprise-productivity/enterprise-productivity-frontend/.next/dev/static/chunks/node_modules_next_dist_client_16lnmlo._.js:2835:28)
    at <unknown> (file://C:/Users/Chirag Gupta/Desktop/enterprise-productivity/enterprise-productivity-frontend/.next/dev/static/chunks/node_modules_next_dist_client_16lnmlo._.js:2680:13)
    at WebSocket.handleMessage (file://C:/Users/Chirag Gupta/Desktop/enterprise-productivity/enterprise-productivity-frontend/.next/dev/static/chunks/node_modules_next_dist_client_16lnmlo._.js:2325:17) (file://C:/Users/Chirag Gupta/Desktop/enterprise-productivity/enterprise-productivity-frontend/.next/dev/static/chunks/node_modules_next_dist_client_16lnmlo._.js:2774:21)
[browser] Uncaught Error: ./src/components/tasks/task-detail-drawer.tsx:14:1
Export IconMessageCircle doesn't exist in target module
  12 | import { Avatar } from '@/components/ui/avatar';
  13 | import { Select } from '@/components/ui/form';
> 14 | import { IconClose, IconMessageCircle, IconPlus, IconTrash } from '@/components/ui/icons';
     | ^^^^^^^^^^^^^^^^^^^^^^^^^^^^^^^^^^^^^^^^^^^^^^^^^^^^^^^^^^^^^^^^^^^^^^^^^^^^^^^^^^^^^^^^^^
  15 | import { TaskForm } from './task-form';
  16 |
  17 | const STATUSES = ['Todo', 'In Progress', 'In Review', 'Completed', 'Closed'];

The export IconMessageCircle was not found in module [project]/src/components/ui/icons.tsx [app-client] (ecmascript).
Did you mean to import IconMail?
All exports of the module are statically known (It doesn't have dynamic exports). So it's known statically that the requested export doesn't exist.

Import traces:
  Client Component Browser:
    ./src/components/tasks/task-detail-drawer.tsx [Client Component Browser]
    ./src/app/tasks/page.tsx [Client Component Browser]
    ./src/app/tasks/page.tsx [Server Component]

  Client Component SSR:
    ./src/components/tasks/task-detail-drawer.tsx [Client Component SSR]
    ./src/app/tasks/page.tsx [Client Component SSR]
    ./src/app/tasks/page.tsx [Server Component]


    at <unknown> (Error: ./src/components/tasks/task-detail-drawer.tsx:14:1)
    at <unknown> (Error: (./src/components/tasks/task-detail-drawer.tsx:14:1)
[browser] ./src/components/tasks/task-detail-drawer.tsx:14:1
Export IconMessageCircle doesn't exist in target module
  12 | import { Avatar } from '@/components/ui/avatar';
  13 | import { Select } from '@/components/ui/form';
> 14 | import { IconClose, IconMessageCircle, IconPlus, IconTrash } from '@/components/ui/icons';
     | ^^^^^^^^^^^^^^^^^^^^^^^^^^^^^^^^^^^^^^^^^^^^^^^^^^^^^^^^^^^^^^^^^^^^^^^^^^^^^^^^^^^^^^^^^^
  15 | import { TaskForm } from './task-form';
  16 |
  17 | const STATUSES = ['Todo', 'In Progress', 'In Review', 'Completed', 'Closed'];

The export IconMessageCircle was not found in module [project]/src/components/ui/icons.tsx [app-client] (ecmascript).
Did you mean to import IconMail?
All exports of the module are statically known (It doesn't have dynamic exports). So it's known statically that the requested export doesn't exist.

Import traces:
  Client Component Browser:
    ./src/components/tasks/task-detail-drawer.tsx [Client Component Browser]
    ./src/app/tasks/page.tsx [Client Component Browser]
    ./src/app/tasks/page.tsx [Server Component]

  Client Component SSR:
    ./src/components/tasks/task-detail-drawer.tsx [Client Component SSR]
    ./src/app/tasks/page.tsx [Client Component SSR]
    ./src/app/tasks/page.tsx [Server Component] 
    at handleErrors (file://C:/Users/Chirag Gupta/Desktop/enterprise-productivity/enterprise-productivity-frontend/.next/dev/static/chunks/node_modules_next_dist_client_16lnmlo._.js:2774:21)
    at processMessage (file://C:/Users/Chirag Gupta/Desktop/enterprise-productivity/enterprise-productivity-frontend/.next/dev/static/chunks/node_modules_next_dist_client_16lnmlo._.js:2835:28)
    at <unknown> (file://C:/Users/Chirag Gupta/Desktop/enterprise-productivity/enterprise-productivity-frontend/.next/dev/static/chunks/node_modules_next_dist_client_16lnmlo._.js:2680:13)
    at WebSocket.handleMessage (file://C:/Users/Chirag Gupta/Desktop/enterprise-productivity/enterprise-productivity-frontend/.next/dev/static/chunks/node_modules_next_dist_client_16lnmlo._.js:2325:17) (file://C:/Users/Chirag Gupta/Desktop/enterprise-productivity/enterprise-productivity-frontend/.next/dev/static/chunks/node_modules_next_dist_client_16lnmlo._.js:2774:21)
[browser] ./src/components/tasks/task-detail-drawer.tsx:14:1
Export IconMessageCircle doesn't exist in target module
  12 | import { Avatar } from '@/components/ui/avatar';
  13 | import { Select } from '@/components/ui/form';
> 14 | import { IconClose, IconMessageCircle, IconPlus, IconTrash } from '@/components/ui/icons';
     | ^^^^^^^^^^^^^^^^^^^^^^^^^^^^^^^^^^^^^^^^^^^^^^^^^^^^^^^^^^^^^^^^^^^^^^^^^^^^^^^^^^^^^^^^^^
  15 | import { TaskForm } from './task-form';
  16 |
  17 | const STATUSES = ['Todo', 'In Progress', 'In Review', 'Completed', 'Closed'];

The export IconMessageCircle was not found in module [project]/src/components/ui/icons.tsx [app-ssr] (ecmascript).
Did you mean to import IconMail?
All exports of the module are statically known (It doesn't have dynamic exports). So it's known statically that the requested export doesn't exist.

Import traces:
  Client Component Browser:
    ./src/components/tasks/task-detail-drawer.tsx [Client Component Browser]
    ./src/app/tasks/page.tsx [Client Component Browser]
    ./src/app/tasks/page.tsx [Server Component]

  Client Component SSR:
    ./src/components/tasks/task-detail-drawer.tsx [Client Component SSR]
    ./src/app/tasks/page.tsx [Client Component SSR]
    ./src/app/tasks/page.tsx [Server Component] 
    at handleErrors (file://C:/Users/Chirag Gupta/Desktop/enterprise-productivity/enterprise-productivity-frontend/.next/dev/static/chunks/node_modules_next_dist_client_16lnmlo._.js:2774:21)
    at processMessage (file://C:/Users/Chirag Gupta/Desktop/enterprise-productivity/enterprise-productivity-frontend/.next/dev/static/chunks/node_modules_next_dist_client_16lnmlo._.js:2835:28)
    at <unknown> (file://C:/Users/Chirag Gupta/Desktop/enterprise-productivity/enterprise-productivity-frontend/.next/dev/static/chunks/node_modules_next_dist_client_16lnmlo._.js:2680:13)
    at WebSocket.handleMessage (file://C:/Users/Chirag Gupta/Desktop/enterprise-productivity/enterprise-productivity-frontend/.next/dev/static/chunks/node_modules_next_dist_client_16lnmlo._.js:2325:17) (file://C:/Users/Chirag Gupta/Desktop/enterprise-productivity/enterprise-productivity-frontend/.next/dev/static/chunks/node_modules_next_dist_client_16lnmlo._.js:2774:21)
✓ Compiled in 440ms
Clerk - DEPRECATION WARNING: "createRouteMatcher" is deprecated and will be removed in the next major release.
Use resource-based auth checks instead. Move auth checks into each page, layout, API route, or Server Function that accesses protected data. Middleware-based auth checks rely on path matching, which can diverge from how Next.js routes requests and leave protected resources reachable. For a migration guide, see: https://clerk.com/docs/guides/development/upgrading/upgrade-guides/migrate-from-create-route-matcher
 GET /dashboard 200 in 2.7s (next.js: 780ms, proxy.ts: 329ms, application-code: 1632ms)
[browser] Clerk: Clerk has been loaded with development keys. Development instances have strict usage limits and should not be used when deploying your application to production. Learn more: https://clerk.com/docs/deployments/overview (file://C:/Users/Chirag Gupta/Desktop/enterprise-productivity/enterprise-productivity-frontend/.next/dev/static/chunks/node_modules_next_dist_1ybzpk2._.js:2489:13)
Clerk - DEPRECATION WARNING: "createRouteMatcher" is deprecated and will be removed in the next major release.
Use resource-based auth checks instead. Move auth checks into each page, layout, API route, or Server Function that accesses protected data. Middleware-based auth checks rely on path matching, which can diverge from how Next.js routes requests and leave protected resources reachable. For a migration guide, see: https://clerk.com/docs/guides/development/upgrading/upgrade-guides/migrate-from-create-route-matcher
 GET /dashboard 200 in 1072ms (next.js: 499ms, proxy.ts: 331ms, application-code: 242ms)
 GET /dashboard 200 in 115ms (next.js: 20ms, proxy.ts: 21ms, application-code: 74ms)
Clerk - DEPRECATION WARNING: "createRouteMatcher" is deprecated and will be removed in the next major release.
Use resource-based auth checks instead. Move auth checks into each page, layout, API route, or Server Function that accesses protected data. Middleware-based auth checks rely on path matching, which can diverge from how Next.js routes requests and leave protected resources reachable. For a migration guide, see: https://clerk.com/docs/guides/development/upgrading/upgrade-guides/migrate-from-create-route-matcher
✓ Compiled in 359ms
Clerk - DEPRECATION WARNING: "createRouteMatcher" is deprecated and will be removed in the next major release.
Use resource-based auth checks instead. Move auth checks into each page, layout, API route, or Server Function that accesses protected data. Middleware-based auth checks rely on path matching, which can diverge from how Next.js routes requests and leave protected resources reachable. For a migration guide, see: https://clerk.com/docs/guides/development/upgrading/upgrade-guides/migrate-from-create-route-matcher
 GET /dashboard 200 in 2.2s (next.js: 595ms, proxy.ts: 987ms, application-code: 638ms)
 GET /dashboard 200 in 779ms (next.js: 14ms, proxy.ts: 573ms, application-code: 192ms)
 GET /dashboard 200 in 143ms (next.js: 19ms, proxy.ts: 20ms, application-code: 104ms)
✓ Compiled in 415ms
Clerk - DEPRECATION WARNING: "createRouteMatcher" is deprecated and will be removed in the next major release.
Use resource-based auth checks instead. Move auth checks into each page, layout, API route, or Server Function that accesses protected data. Middleware-based auth checks rely on path matching, which can diverge from how Next.js routes requests and leave protected resources reachable. For a migration guide, see: https://clerk.com/docs/guides/development/upgrading/upgrade-guides/migrate-from-create-route-matcher
 GET /dashboard 200 in 1198ms (next.js: 606ms, proxy.ts: 422ms, application-code: 169ms)
Clerk - DEPRECATION WARNING: "createRouteMatcher" is deprecated and will be removed in the next major release.
Use resource-based auth checks instead. Move auth checks into each page, layout, API route, or Server Function that accesses protected data. Middleware-based auth checks rely on path matching, which can diverge from how Next.js routes requests and leave protected resources reachable. For a migration guide, see: https://clerk.com/docs/guides/development/upgrading/upgrade-guides/migrate-from-create-route-matcher
 GET /dashboard 200 in 1397ms (next.js: 497ms, proxy.ts: 453ms, application-code: 446ms)
 GET /dashboard 200 in 241ms (next.js: 76ms, proxy.ts: 44ms, application-code: 121ms)
Clerk - DEPRECATION WARNING: "createRouteMatcher" is deprecated and will be removed in the next major release.
Use resource-based auth checks instead. Move auth checks into each page, layout, API route, or Server Function that accesses protected data. Middleware-based auth checks rely on path matching, which can diverge from how Next.js routes requests and leave protected resources reachable. For a migration guide, see: https://clerk.com/docs/guides/development/upgrading/upgrade-guides/migrate-from-create-route-matcher
 GET /dashboard 200 in 1248ms (next.js: 450ms, proxy.ts: 421ms, application-code: 376ms)
 GET /dashboard 200 in 279ms (next.js: 40ms, proxy.ts: 34ms, application-code: 205ms)
✓ Compiled in 482ms
Clerk - DEPRECATION WARNING: "createRouteMatcher" is deprecated and will be removed in the next major release.
Use resource-based auth checks instead. Move auth checks into each page, layout, API route, or Server Function that accesses protected data. Middleware-based auth checks rely on path matching, which can diverge from how Next.js routes requests and leave protected resources reachable. For a migration guide, see: https://clerk.com/docs/guides/development/upgrading/upgrade-guides/migrate-from-create-route-matcher
 GET /dashboard 200 in 1186ms (next.js: 610ms, proxy.ts: 444ms, application-code: 132ms)
✓ Compiled in 306ms
Clerk - DEPRECATION WARNING: "createRouteMatcher" is deprecated and will be removed in the next major release.
Use resource-based auth checks instead. Move auth checks into each page, layout, API route, or Server Function that accesses protected data. Middleware-based auth checks rely on path matching, which can diverge from how Next.js routes requests and leave protected resources reachable. For a migration guide, see: https://clerk.com/docs/guides/development/upgrading/upgrade-guides/migrate-from-create-route-matcher
 GET /dashboard 200 in 1219ms (next.js: 482ms, proxy.ts: 360ms, application-code: 377ms)
 GET /dashboard 200 in 244ms (next.js: 66ms, proxy.ts: 37ms, application-code: 141ms)
Clerk - DEPRECATION WARNING: "createRouteMatcher" is deprecated and will be removed in the next major release.
Use resource-based auth checks instead. Move auth checks into each page, layout, API route, or Server Function that accesses protected data. Middleware-based auth checks rely on path matching, which can diverge from how Next.js routes requests and leave protected resources reachable. For a migration guide, see: https://clerk.com/docs/guides/development/upgrading/upgrade-guides/migrate-from-create-route-matcher
 GET /dashboard 200 in 856ms (next.js: 357ms, proxy.ts: 341ms, application-code: 158ms)
Clerk - DEPRECATION WARNING: "createRouteMatcher" is deprecated and will be removed in the next major release.
Use resource-based auth checks instead. Move auth checks into each page, layout, API route, or Server Function that accesses protected data. Middleware-based auth checks rely on path matching, which can diverge from how Next.js routes requests and leave protected resources reachable. For a migration guide, see: https://clerk.com/docs/guides/development/upgrading/upgrade-guides/migrate-from-create-route-matcher
 GET /dashboard 200 in 946ms (next.js: 416ms, proxy.ts: 282ms, application-code: 247ms)
Clerk - DEPRECATION WARNING: "createRouteMatcher" is deprecated and will be removed in the next major release.
Use resource-based auth checks instead. Move auth checks into each page, layout, API route, or Server Function that accesses protected data. Middleware-based auth checks rely on path matching, which can diverge from how Next.js routes requests and leave protected resources reachable. For a migration guide, see: https://clerk.com/docs/guides/development/upgrading/upgrade-guides/migrate-from-create-route-matcher
 GET /dashboard 200 in 1442ms (next.js: 459ms, proxy.ts: 738ms, application-code: 245ms)
 GET /dashboard 200 in 135ms (next.js: 14ms, proxy.ts: 27ms, application-code: 93ms)
✓ Compiled in 427ms
Clerk - DEPRECATION WARNING: "createRouteMatcher" is deprecated and will be removed in the next major release.
Use resource-based auth checks instead. Move auth checks into each page, layout, API route, or Server Function that accesses protected data. Middleware-based auth checks rely on path matching, which can diverge from how Next.js routes requests and leave protected resources reachable. For a migration guide, see: https://clerk.com/docs/guides/development/upgrading/upgrade-guides/migrate-from-create-route-matcher
 GET /dashboard 200 in 1274ms (next.js: 513ms, proxy.ts: 473ms, application-code: 288ms)
 GET /dashboard 200 in 153ms (next.js: 17ms, proxy.ts: 23ms, application-code: 114ms)
✓ Compiled in 480ms
Clerk - DEPRECATION WARNING: "createRouteMatcher" is deprecated and will be removed in the next major release.
Use resource-based auth checks instead. Move auth checks into each page, layout, API route, or Server Function that accesses protected data. Middleware-based auth checks rely on path matching, which can diverge from how Next.js routes requests and leave protected resources reachable. For a migration guide, see: https://clerk.com/docs/guides/development/upgrading/upgrade-guides/migrate-from-create-route-matcher
 GET /dashboard 200 in 999ms (next.js: 341ms, proxy.ts: 438ms, application-code: 221ms)
Clerk - DEPRECATION WARNING: "createRouteMatcher" is deprecated and will be removed in the next major release.
Use resource-based auth checks instead. Move auth checks into each page, layout, API route, or Server Function that accesses protected data. Middleware-based auth checks rely on path matching, which can diverge from how Next.js routes requests and leave protected resources reachable. For a migration guide, see: https://clerk.com/docs/guides/development/upgrading/upgrade-guides/migrate-from-create-route-matcher
 GET /dashboard 200 in 1787ms (next.js: 566ms, proxy.ts: 718ms, application-code: 503ms)
 GET /dashboard 200 in 321ms (next.js: 73ms, proxy.ts: 38ms, application-code: 210ms)
✓ Compiled in 491ms
Clerk - DEPRECATION WARNING: "createRouteMatcher" is deprecated and will be removed in the next major release.
Use resource-based auth checks instead. Move auth checks into each page, layout, API route, or Server Function that accesses protected data. Middleware-based auth checks rely on path matching, which can diverge from how Next.js routes requests and leave protected resources reachable. For a migration guide, see: https://clerk.com/docs/guides/development/upgrading/upgrade-guides/migrate-from-create-route-matcher
Clerk - DEPRECATION WARNING: "createRouteMatcher" is deprecated and will be removed in the next major release.
Use resource-based auth checks instead. Move auth checks into each page, layout, API route, or Server Function that accesses protected data. Middleware-based auth checks rely on path matching, which can diverge from how Next.js routes requests and leave protected resources reachable. For a migration guide, see: https://clerk.com/docs/guides/development/upgrading/upgrade-guides/migrate-from-create-route-matcher
 GET /dashboard 200 in 3.6s (next.js: 556ms, proxy.ts: 1823ms, application-code: 1209ms)
 GET /dashboard 200 in 1439ms (next.js: 65ms, proxy.ts: 1010ms, application-code: 364ms)
 GET /dashboard 200 in 614ms (next.js: 56ms, proxy.ts: 37ms, application-code: 520ms)
 GET /dashboard 200 in 416ms (next.js: 74ms, proxy.ts: 55ms, application-code: 287ms)
 GET /dashboard 200 in 423ms (next.js: 168ms, proxy.ts: 57ms, application-code: 198ms)
✓ Compiled in 449ms
Clerk - DEPRECATION WARNING: "createRouteMatcher" is deprecated and will be removed in the next major release.
Use resource-based auth checks instead. Move auth checks into each page, layout, API route, or Server Function that accesses protected data. Middleware-based auth checks rely on path matching, which can diverge from how Next.js routes requests and leave protected resources reachable. For a migration guide, see: https://clerk.com/docs/guides/development/upgrading/upgrade-guides/migrate-from-create-route-matcher
 GET /dashboard 200 in 1516ms (next.js: 568ms, proxy.ts: 601ms, application-code: 347ms)
✓ Compiled in 511ms
Clerk - DEPRECATION WARNING: "createRouteMatcher" is deprecated and will be removed in the next major release.
Use resource-based auth checks instead. Move auth checks into each page, layout, API route, or Server Function that accesses protected data. Middleware-based auth checks rely on path matching, which can diverge from how Next.js routes requests and leave protected resources reachable. For a migration guide, see: https://clerk.com/docs/guides/development/upgrading/upgrade-guides/migrate-from-create-route-matcher
 GET /dashboard 200 in 1085ms (next.js: 298ms, proxy.ts: 402ms, application-code: 384ms)
 GET /dashboard 200 in 274ms (next.js: 63ms, proxy.ts: 26ms, application-code: 185ms)
Clerk - DEPRECATION WARNING: "createRouteMatcher" is deprecated and will be removed in the next major release.
Use resource-based auth checks instead. Move auth checks into each page, layout, API route, or Server Function that accesses protected data. Middleware-based auth checks rely on path matching, which can diverge from how Next.js routes requests and leave protected resources reachable. For a migration guide, see: https://clerk.com/docs/guides/development/upgrading/upgrade-guides/migrate-from-create-route-matcher
 GET /dashboard 200 in 1239ms (next.js: 485ms, proxy.ts: 400ms, application-code: 354ms)
 GET /dashboard 200 in 207ms (next.js: 39ms, proxy.ts: 38ms, application-code: 130ms)
✓ Compiled in 660ms
Clerk - DEPRECATION WARNING: "createRouteMatcher" is deprecated and will be removed in the next major release.
Use resource-based auth checks instead. Move auth checks into each page, layout, API route, or Server Function that accesses protected data. Middleware-based auth checks rely on path matching, which can diverge from how Next.js routes requests and leave protected resources reachable. For a migration guide, see: https://clerk.com/docs/guides/development/upgrading/upgrade-guides/migrate-from-create-route-matcher
 GET /dashboard 200 in 1632ms (next.js: 886ms, proxy.ts: 580ms, application-code: 167ms)
✓ Compiled in 577ms
Clerk - DEPRECATION WARNING: "createRouteMatcher" is deprecated and will be removed in the next major release.
Use resource-based auth checks instead. Move auth checks into each page, layout, API route, or Server Function that accesses protected data. Middleware-based auth checks rely on path matching, which can diverge from how Next.js routes requests and leave protected resources reachable. For a migration guide, see: https://clerk.com/docs/guides/development/upgrading/upgrade-guides/migrate-from-create-route-matcher
 GET /dashboard 200 in 1342ms (next.js: 629ms, proxy.ts: 421ms, application-code: 293ms)
 GET /dashboard 200 in 464ms (next.js: 35ms, proxy.ts: 39ms, application-code: 390ms)
 GET /dashboard 200 in 353ms (next.js: 22ms, proxy.ts: 68ms, application-code: 263ms)
 GET /dashboard 200 in 358ms (next.js: 130ms, proxy.ts: 74ms, application-code: 155ms)
✓ Compiled in 779ms
Clerk - DEPRECATION WARNING: "createRouteMatcher" is deprecated and will be removed in the next major release.
Use resource-based auth checks instead. Move auth checks into each page, layout, API route, or Server Function that accesses protected data. Middleware-based auth checks rely on path matching, which can diverge from how Next.js routes requests and leave protected resources reachable. For a migration guide, see: https://clerk.com/docs/guides/development/upgrading/upgrade-guides/migrate-from-create-route-matcher
 GET /dashboard 200 in 1700ms (next.js: 1004ms, proxy.ts: 382ms, application-code: 314ms)
✓ Compiled in 170ms
Clerk - DEPRECATION WARNING: "createRouteMatcher" is deprecated and will be removed in the next major release.
Use resource-based auth checks instead. Move auth checks into each page, layout, API route, or Server Function that accesses protected data. Middleware-based auth checks rely on path matching, which can diverge from how Next.js routes requests and leave protected resources reachable. For a migration guide, see: https://clerk.com/docs/guides/development/upgrading/upgrade-guides/migrate-from-create-route-matcher
 GET /dashboard 200 in 1158ms (next.js: 634ms, proxy.ts: 377ms, application-code: 147ms)
✓ Compiled in 224ms
Clerk - DEPRECATION WARNING: "createRouteMatcher" is deprecated and will be removed in the next major release.
Use resource-based auth checks instead. Move auth checks into each page, layout, API route, or Server Function that accesses protected data. Middleware-based auth checks rely on path matching, which can diverge from how Next.js routes requests and leave protected resources reachable. For a migration guide, see: https://clerk.com/docs/guides/development/upgrading/upgrade-guides/migrate-from-create-route-matcher
 GET /dashboard 200 in 1417ms (next.js: 908ms, proxy.ts: 378ms, application-code: 131ms)
✓ Compiled in 157ms
Clerk - DEPRECATION WARNING: "createRouteMatcher" is deprecated and will be removed in the next major release.
Use resource-based auth checks instead. Move auth checks into each page, layout, API route, or Server Function that accesses protected data. Middleware-based auth checks rely on path matching, which can diverge from how Next.js routes requests and leave protected resources reachable. For a migration guide, see: https://clerk.com/docs/guides/development/upgrading/upgrade-guides/migrate-from-create-route-matcher
 GET /dashboard 200 in 1214ms (next.js: 616ms, proxy.ts: 484ms, application-code: 114ms)
✓ Compiled in 175ms
Clerk - DEPRECATION WARNING: "createRouteMatcher" is deprecated and will be removed in the next major release.
Use resource-based auth checks instead. Move auth checks into each page, layout, API route, or Server Function that accesses protected data. Middleware-based auth checks rely on path matching, which can diverge from how Next.js routes requests and leave protected resources reachable. For a migration guide, see: https://clerk.com/docs/guides/development/upgrading/upgrade-guides/migrate-from-create-route-matcher
 GET /dashboard 200 in 1228ms (next.js: 718ms, proxy.ts: 404ms, application-code: 105ms)
Clerk - DEPRECATION WARNING: "createRouteMatcher" is deprecated and will be removed in the next major release.
Use resource-based auth checks instead. Move auth checks into each page, layout, API route, or Server Function that accesses protected data. Middleware-based auth checks rely on path matching, which can diverge from how Next.js routes requests and leave protected resources reachable. For a migration guide, see: https://clerk.com/docs/guides/development/upgrading/upgrade-guides/migrate-from-create-route-matcher
 GET /dashboard 200 in 1202ms (next.js: 645ms, proxy.ts: 422ms, application-code: 135ms)
✓ Compiled in 208ms
Clerk - DEPRECATION WARNING: "createRouteMatcher" is deprecated and will be removed in the next major release.
Use resource-based auth checks instead. Move auth checks into each page, layout, API route, or Server Function that accesses protected data. Middleware-based auth checks rely on path matching, which can diverge from how Next.js routes requests and leave protected resources reachable. For a migration guide, see: https://clerk.com/docs/guides/development/upgrading/upgrade-guides/migrate-from-create-route-matcher
 GET /dashboard 200 in 1840ms (next.js: 1050ms, proxy.ts: 602ms, application-code: 188ms)
✓ Compiled in 515ms
Clerk - DEPRECATION WARNING: "createRouteMatcher" is deprecated and will be removed in the next major release.
Use resource-based auth checks instead. Move auth checks into each page, layout, API route, or Server Function that accesses protected data. Middleware-based auth checks rely on path matching, which can diverge from how Next.js routes requests and leave protected resources reachable. For a migration guide, see: https://clerk.com/docs/guides/development/upgrading/upgrade-guides/migrate-from-create-route-matcher
 GET /dashboard 200 in 4.3s (next.js: 2.6s, proxy.ts: 1168ms, application-code: 489ms)
✓ Compiled in 463ms
Clerk - DEPRECATION WARNING: "createRouteMatcher" is deprecated and will be removed in the next major release.
Use resource-based auth checks instead. Move auth checks into each page, layout, API route, or Server Function that accesses protected data. Middleware-based auth checks rely on path matching, which can diverge from how Next.js routes requests and leave protected resources reachable. For a migration guide, see: https://clerk.com/docs/guides/development/upgrading/upgrade-guides/migrate-from-create-route-matcher
 GET /dashboard 200 in 2.1s (next.js: 1092ms, proxy.ts: 641ms, application-code: 381ms)
 GET /dashboard 200 in 536ms (next.js: 234ms, proxy.ts: 104ms, application-code: 198ms)
✓ Compiled in 547ms
Clerk - DEPRECATION WARNING: "createRouteMatcher" is deprecated and will be removed in the next major release.
Use resource-based auth checks instead. Move auth checks into each page, layout, API route, or Server Function that accesses protected data. Middleware-based auth checks rely on path matching, which can diverge from how Next.js routes requests and leave protected resources reachable. For a migration guide, see: https://clerk.com/docs/guides/development/upgrading/upgrade-guides/migrate-from-create-route-matcher
 GET /dashboard 200 in 1884ms (next.js: 910ms, proxy.ts: 716ms, application-code: 257ms)
✓ Compiled in 257ms
Clerk - DEPRECATION WARNING: "createRouteMatcher" is deprecated and will be removed in the next major release.
Use resource-based auth checks instead. Move auth checks into each page, layout, API route, or Server Function that accesses protected data. Middleware-based auth checks rely on path matching, which can diverge from how Next.js routes requests and leave protected resources reachable. For a migration guide, see: https://clerk.com/docs/guides/development/upgrading/upgrade-guides/migrate-from-create-route-matcher
 GET /dashboard 200 in 1731ms (next.js: 761ms, proxy.ts: 660ms, application-code: 310ms)
 GET /dashboard 200 in 196ms (next.js: 18ms, proxy.ts: 26ms, application-code: 151ms)
Clerk - DEPRECATION WARNING: "createRouteMatcher" is deprecated and will be removed in the next major release.
Use resource-based auth checks instead. Move auth checks into each page, layout, API route, or Server Function that accesses protected data. Middleware-based auth checks rely on path matching, which can diverge from how Next.js routes requests and leave protected resources reachable. For a migration guide, see: https://clerk.com/docs/guides/development/upgrading/upgrade-guides/migrate-from-create-route-matcher
Clerk - DEPRECATION WARNING: "createRouteMatcher" is deprecated and will be removed in the next major release.
Use resource-based auth checks instead. Move auth checks into each page, layout, API route, or Server Function that accesses protected data. Middleware-based auth checks rely on path matching, which can diverge from how Next.js routes requests and leave protected resources reachable. For a migration guide, see: https://clerk.com/docs/guides/development/upgrading/upgrade-guides/migrate-from-create-route-matcher
 GET /dashboard 200 in 2.3s (next.js: 642ms, proxy.ts: 1260ms, application-code: 367ms)
 GET /dashboard 200 in 391ms (next.js: 14ms, proxy.ts: 269ms, application-code: 107ms)
Clerk - DEPRECATION WARNING: "createRouteMatcher" is deprecated and will be removed in the next major release.
Use resource-based auth checks instead. Move auth checks into each page, layout, API route, or Server Function that accesses protected data. Middleware-based auth checks rely on path matching, which can diverge from how Next.js routes requests and leave protected resources reachable. For a migration guide, see: https://clerk.com/docs/guides/development/upgrading/upgrade-guides/migrate-from-create-route-matcher
Clerk - DEPRECATION WARNING: "createRouteMatcher" is deprecated and will be removed in the next major release.
Use resource-based auth checks instead. Move auth checks into each page, layout, API route, or Server Function that accesses protected data. Middleware-based auth checks rely on path matching, which can diverge from how Next.js routes requests and leave protected resources reachable. For a migration guide, see: https://clerk.com/docs/guides/development/upgrading/upgrade-guides/migrate-from-create-route-matcher
 GET /dashboard 200 in 2.6s (next.js: 478ms, proxy.ts: 928ms, application-code: 1226ms)
 GET /dashboard 200 in 1118ms (next.js: 16ms, proxy.ts: 984ms, application-code: 118ms)
Clerk - DEPRECATION WARNING: "createRouteMatcher" is deprecated and will be removed in the next major release.
Use resource-based auth checks instead. Move auth checks into each page, layout, API route, or Server Function that accesses protected data. Middleware-based auth checks rely on path matching, which can diverge from how Next.js routes requests and leave protected resources reachable. For a migration guide, see: https://clerk.com/docs/guides/development/upgrading/upgrade-guides/migrate-from-create-route-matcher
 GET /dashboard 200 in 990ms (next.js: 533ms, proxy.ts: 298ms, application-code: 160ms)
Clerk - DEPRECATION WARNING: "createRouteMatcher" is deprecated and will be removed in the next major release.
Use resource-based auth checks instead. Move auth checks into each page, layout, API route, or Server Function that accesses protected data. Middleware-based auth checks rely on path matching, which can diverge from how Next.js routes requests and leave protected resources reachable. For a migration guide, see: https://clerk.com/docs/guides/development/upgrading/upgrade-guides/migrate-from-create-route-matcher
Clerk - DEPRECATION WARNING: "createRouteMatcher" is deprecated and will be removed in the next major release.
Use resource-based auth checks instead. Move auth checks into each page, layout, API route, or Server Function that accesses protected data. Middleware-based auth checks rely on path matching, which can diverge from how Next.js routes requests and leave protected resources reachable. For a migration guide, see: https://clerk.com/docs/guides/development/upgrading/upgrade-guides/migrate-from-create-route-matcher
 GET /dashboard 200 in 3.5s (next.js: 536ms, proxy.ts: 531ms, application-code: 2.4s)
 GET /dashboard 200 in 1214ms (next.js: 423ms, proxy.ts: 367ms, application-code: 423ms)
 GET /dashboard 200 in 224ms (next.js: 75ms, proxy.ts: 34ms, application-code: 114ms)
 GET /dashboard 200 in 468ms (next.js: 125ms, proxy.ts: 30ms, application-code: 313ms)
 GET /dashboard 200 in 466ms (next.js: 227ms, proxy.ts: 45ms, application-code: 195ms)
Clerk - DEPRECATION WARNING: "createRouteMatcher" is deprecated and will be removed in the next major release.
Use resource-based auth checks instead. Move auth checks into each page, layout, API route, or Server Function that accesses protected data. Middleware-based auth checks rely on path matching, which can diverge from how Next.js routes requests and leave protected resources reachable. For a migration guide, see: https://clerk.com/docs/guides/development/upgrading/upgrade-guides/migrate-from-create-route-matcher
Clerk - DEPRECATION WARNING: "createRouteMatcher" is deprecated and will be removed in the next major release.
Use resource-based auth checks instead. Move auth checks into each page, layout, API route, or Server Function that accesses protected data. Middleware-based auth checks rely on path matching, which can diverge from how Next.js routes requests and leave protected resources reachable. For a migration guide, see: https://clerk.com/docs/guides/development/upgrading/upgrade-guides/migrate-from-create-route-matcher
 GET /dashboard 200 in 2.5s (next.js: 671ms, proxy.ts: 458ms, application-code: 1383ms)
✓ Compiled in 1ms
 GET /dashboard 200 in 1399ms (next.js: 752ms, proxy.ts: 347ms, application-code: 299ms)
 GET /dashboard 200 in 198ms (next.js: 51ms, proxy.ts: 42ms, application-code: 105ms)
 GET /dashboard 200 in 1865ms (next.js: 18ms, proxy.ts: 52ms, application-code: 1795ms)
[browser] Clerk: Clerk has been loaded with development keys. Development instances have strict usage limits and should not be used when deploying your application to production. Learn more: https://clerk.com/docs/deployments/overview (file://C:/Users/Chirag Gupta/Desktop/enterprise-productivity/enterprise-productivity-frontend/.next/dev/static/chunks/node_modules_next_dist_1ybzpk2._.js:2489:13)
 GET /organization-channels 200 in 2.8s (next.js: 2.2s, proxy.ts: 53ms, application-code: 551ms)
 GET /dashboard 200 in 223ms (next.js: 31ms, proxy.ts: 75ms, application-code: 117ms)
[browser] Consecutive calls to connectUser is detected, ideally you should only call this function once in your app. (file://C:/Users/Chirag Gupta/Desktop/enterprise-productivity/enterprise-productivity-frontend/.next/dev/static/chunks/node_modules_next_dist_1ybzpk2._.js:2489:13)
[browser] Consecutive calls to connectUser is detected, ideally you should only call this function once in your app. (file://C:/Users/Chirag Gupta/Desktop/enterprise-productivity/enterprise-productivity-frontend/.next/dev/static/chunks/node_modules_next_dist_1ybzpk2._.js:2489:13)
✓ Compiled in 1506ms
Clerk - DEPRECATION WARNING: "createRouteMatcher" is deprecated and will be removed in the next major release.
Use resource-based auth checks instead. Move auth checks into each page, layout, API route, or Server Function that accesses protected data. Middleware-based auth checks rely on path matching, which can diverge from how Next.js routes requests and leave protected resources reachable. For a migration guide, see: https://clerk.com/docs/guides/development/upgrading/upgrade-guides/migrate-from-create-route-matcher
 GET /dashboard 200 in 2.3s (next.js: 1246ms, proxy.ts: 730ms, application-code: 294ms)
✓ Compiled in 1174ms
Clerk - DEPRECATION WARNING: "createRouteMatcher" is deprecated and will be removed in the next major release.
Use resource-based auth checks instead. Move auth checks into each page, layout, API route, or Server Function that accesses protected data. Middleware-based auth checks rely on path matching, which can diverge from how Next.js routes requests and leave protected resources reachable. For a migration guide, see: https://clerk.com/docs/guides/development/upgrading/upgrade-guides/migrate-from-create-route-matcher
 GET /dashboard 200 in 4.0s (next.js: 2.2s, proxy.ts: 38ms, application-code: 1785ms)
 GET /dashboard 200 in 4.7s (next.js: 2.4s, proxy.ts: 1146ms, application-code: 1128ms)
✓ Compiled in 3.7s
[browser] ReferenceError: ChannelHeader is not defined
    at ChatBody (file://C:/Users/Chirag Gupta/Desktop/enterprise-productivity/enterprise-productivity-frontend/.next/dev/static/chunks/src_0_4oiwq._.js?id=%255Bproject%255D%252Fsrc%252Fcomponents%252Fchat%252Fchat-body.tsx+%255Bapp-client%255D+%2528ecmascript%2529:180:240)
    at Object.react_stack_bottom_frame (file://C:/Users/Chirag Gupta/Desktop/enterprise-productivity/enterprise-productivity-frontend/.next/dev/static/chunks/node_modules_next_dist_compiled_react-dom_096_9a-._.js:15037:24)
    at renderWithHooks (file://C:/Users/Chirag Gupta/Desktop/enterprise-productivity/enterprise-productivity-frontend/.next/dev/static/chunks/node_modules_next_dist_compiled_react-dom_096_9a-._.js:4620:24)
    at updateFunctionComponent (file://C:/Users/Chirag Gupta/Desktop/enterprise-productivity/enterprise-productivity-frontend/.next/dev/static/chunks/node_modules_next_dist_compiled_react-dom_096_9a-._.js:6081:21)
    at beginWork (file://C:/Users/Chirag Gupta/Desktop/enterprise-productivity/enterprise-productivity-frontend/.next/dev/static/chunks/node_modules_next_dist_compiled_react-dom_096_9a-._.js:6691:24)
    at runWithFiberInDEV (file://C:/Users/Chirag Gupta/Desktop/enterprise-productivity/enterprise-productivity-frontend/.next/dev/static/chunks/node_modules_next_dist_compiled_react-dom_096_9a-._.js:965:74)
    at performUnitOfWork (file://C:/Users/Chirag Gupta/Desktop/enterprise-productivity/enterprise-productivity-frontend/.next/dev/static/chunks/node_modules_next_dist_compiled_react-dom_096_9a-._.js:9555:97)
    at workLoopSync (file://C:/Users/Chirag Gupta/Desktop/enterprise-productivity/enterprise-productivity-frontend/.next/dev/static/chunks/node_modules_next_dist_compiled_react-dom_096_9a-._.js:9449:40)
    at renderRootSync (file://C:/Users/Chirag Gupta/Desktop/enterprise-productivity/enterprise-productivity-frontend/.next/dev/static/chunks/node_modules_next_dist_compiled_react-dom_096_9a-._.js:9433:13)
    at performWorkOnRoot (file://C:/Users/Chirag Gupta/Desktop/enterprise-productivity/enterprise-productivity-frontend/.next/dev/static/chunks/node_modules_next_dist_compiled_react-dom_096_9a-._.js:9061:186)
    at performSyncWorkOnRoot (file://C:/Users/Chirag Gupta/Desktop/enterprise-productivity/enterprise-productivity-frontend/.next/dev/static/chunks/node_modules_next_dist_compiled_react-dom_096_9a-._.js:10263:9)
    at flushSyncWorkAcrossRoots_impl (file://C:/Users/Chirag Gupta/Desktop/enterprise-productivity/enterprise-productivity-frontend/.next/dev/static/chunks/node_modules_next_dist_compiled_react-dom_096_9a-._.js:10179:316)
    at processRootScheduleInMicrotask (file://C:/Users/Chirag Gupta/Desktop/enterprise-productivity/enterprise-productivity-frontend/.next/dev/static/chunks/node_modules_next_dist_compiled_react-dom_096_9a-._.js:10200:106)
    at <unknown> (file://C:/Users/Chirag Gupta/Desktop/enterprise-productivity/enterprise-productivity-frontend/.next/dev/static/chunks/node_modules_next_dist_compiled_react-dom_096_9a-._.js:10274:158)
    at ErrorBoundaryHandler.render (file://C:/Users/Chirag Gupta/Desktop/enterprise-productivity/enterprise-productivity-frontend/.next/dev/static/chunks/node_modules_next_dist_client_0r5nbpw._.js:1556:55)
    at ErrorBoundary (file://C:/Users/Chirag Gupta/Desktop/enterprise-productivity/enterprise-productivity-frontend/.next/dev/static/chunks/node_modules_next_dist_client_0r5nbpw._.js:1574:50)
    at OuterLayoutRouter (file://C:/Users/Chirag Gupta/Desktop/enterprise-productivity/enterprise-productivity-frontend/.next/dev/static/chunks/node_modules_next_21amnnm._.js:2176:51) (file://C:/Users/Chirag Gupta/Desktop/enterprise-productivity/enterprise-productivity-frontend/.next/dev/static/chunks/src_app_error_tsx_0ts9uj7._.js:19:21)
✓ Finished filesystem cache database compaction in 11.4s
Clerk - DEPRECATION WARNING: "createRouteMatcher" is deprecated and will be removed in the next major release.
Use resource-based auth checks instead. Move auth checks into each page, layout, API route, or Server Function that accesses protected data. Middleware-based auth checks rely on path matching, which can diverge from how Next.js routes requests and leave protected resources reachable. For a migration guide, see: https://clerk.com/docs/guides/development/upgrading/upgrade-guides/migrate-from-create-route-matcher
[browser] ReferenceError: ChannelHeader is not defined
    at ChatBody (file://C:/Users/Chirag Gupta/Desktop/enterprise-productivity/enterprise-productivity-frontend/.next/dev/static/chunks/src_0_4oiwq._.js?id=%255Bproject%255D%252Fsrc%252Fcomponents%252Fchat%252Fchat-body.tsx+%255Bapp-client%255D+%2528ecmascript%2529:180:240)
    at Object.react_stack_bottom_frame (file://C:/Users/Chirag Gupta/Desktop/enterprise-productivity/enterprise-productivity-frontend/.next/dev/static/chunks/node_modules_next_dist_compiled_react-dom_096_9a-._.js:15037:24)
    at renderWithHooks (file://C:/Users/Chirag Gupta/Desktop/enterprise-productivity/enterprise-productivity-frontend/.next/dev/static/chunks/node_modules_next_dist_compiled_react-dom_096_9a-._.js:4620:24)
    at updateFunctionComponent (file://C:/Users/Chirag Gupta/Desktop/enterprise-productivity/enterprise-productivity-frontend/.next/dev/static/chunks/node_modules_next_dist_compiled_react-dom_096_9a-._.js:6081:21)
    at beginWork (file://C:/Users/Chirag Gupta/Desktop/enterprise-productivity/enterprise-productivity-frontend/.next/dev/static/chunks/node_modules_next_dist_compiled_react-dom_096_9a-._.js:6691:24)
    at runWithFiberInDEV (file://C:/Users/Chirag Gupta/Desktop/enterprise-productivity/enterprise-productivity-frontend/.next/dev/static/chunks/node_modules_next_dist_compiled_react-dom_096_9a-._.js:965:74)
    at performUnitOfWork (file://C:/Users/Chirag Gupta/Desktop/enterprise-productivity/enterprise-productivity-frontend/.next/dev/static/chunks/node_modules_next_dist_compiled_react-dom_096_9a-._.js:9555:97)
    at workLoopSync (file://C:/Users/Chirag Gupta/Desktop/enterprise-productivity/enterprise-productivity-frontend/.next/dev/static/chunks/node_modules_next_dist_compiled_react-dom_096_9a-._.js:9449:40)
    at renderRootSync (file://C:/Users/Chirag Gupta/Desktop/enterprise-productivity/enterprise-productivity-frontend/.next/dev/static/chunks/node_modules_next_dist_compiled_react-dom_096_9a-._.js:9433:13)
    at performWorkOnRoot (file://C:/Users/Chirag Gupta/Desktop/enterprise-productivity/enterprise-productivity-frontend/.next/dev/static/chunks/node_modules_next_dist_compiled_react-dom_096_9a-._.js:9061:186)
    at performSyncWorkOnRoot (file://C:/Users/Chirag Gupta/Desktop/enterprise-productivity/enterprise-productivity-frontend/.next/dev/static/chunks/node_modules_next_dist_compiled_react-dom_096_9a-._.js:10263:9)
    at flushSyncWorkAcrossRoots_impl (file://C:/Users/Chirag Gupta/Desktop/enterprise-productivity/enterprise-productivity-frontend/.next/dev/static/chunks/node_modules_next_dist_compiled_react-dom_096_9a-._.js:10179:316)
    at processRootScheduleInMicrotask (file://C:/Users/Chirag Gupta/Desktop/enterprise-productivity/enterprise-productivity-frontend/.next/dev/static/chunks/node_modules_next_dist_compiled_react-dom_096_9a-._.js:10200:106)
    at <unknown> (file://C:/Users/Chirag Gupta/Desktop/enterprise-productivity/enterprise-productivity-frontend/.next/dev/static/chunks/node_modules_next_dist_compiled_react-dom_096_9a-._.js:10274:158)
    at ErrorBoundaryHandler.render (file://C:/Users/Chirag Gupta/Desktop/enterprise-productivity/enterprise-productivity-frontend/.next/dev/static/chunks/node_modules_next_dist_client_0r5nbpw._.js:1556:55)
    at ErrorBoundary (file://C:/Users/Chirag Gupta/Desktop/enterprise-productivity/enterprise-productivity-frontend/.next/dev/static/chunks/node_modules_next_dist_client_0r5nbpw._.js:1574:50)
    at OuterLayoutRouter (file://C:/Users/Chirag Gupta/Desktop/enterprise-productivity/enterprise-productivity-frontend/.next/dev/static/chunks/node_modules_next_21amnnm._.js:2176:51) (file://C:/Users/Chirag Gupta/Desktop/enterprise-productivity/enterprise-productivity-frontend/.next/dev/static/chunks/src_app_error_tsx_0ts9uj7._.js:19:21)
 GET /dashboard 200 in 9.8s (next.js: 8.1s, proxy.ts: 527ms, application-code: 1234ms)
[browser] Consecutive calls to connectUser is detected, ideally you should only call this function once in your app. (file://C:/Users/Chirag Gupta/Desktop/enterprise-productivity/enterprise-productivity-frontend/.next/dev/static/chunks/node_modules_next_dist_1ybzpk2._.js:2489:13)
 GET /dashboard 200 in 1475ms (next.js: 33ms, proxy.ts: 807ms, application-code: 635ms)
 GET /dashboard 200 in 1017ms (next.js: 65ms, proxy.ts: 92ms, application-code: 860ms)
 GET /dashboard 200 in 573ms (next.js: 93ms, proxy.ts: 80ms, application-code: 400ms)
 GET /dashboard 200 in 568ms (next.js: 245ms, proxy.ts: 121ms, application-code: 202ms)
✓ Compiled in 688ms
✓ Compiled in 916ms
Clerk - DEPRECATION WARNING: "createRouteMatcher" is deprecated and will be removed in the next major release.
Use resource-based auth checks instead. Move auth checks into each page, layout, API route, or Server Function that accesses protected data. Middleware-based auth checks rely on path matching, which can diverge from how Next.js routes requests and leave protected resources reachable. For a migration guide, see: https://clerk.com/docs/guides/development/upgrading/upgrade-guides/migrate-from-create-route-matcher
 GET /dashboard 200 in 1493ms (next.js: 708ms, proxy.ts: 556ms, application-code: 230ms)
⚠ Fast Refresh had to perform a full reload due to a runtime error.
Clerk - DEPRECATION WARNING: "createRouteMatcher" is deprecated and will be removed in the next major release.
Use resource-based auth checks instead. Move auth checks into each page, layout, API route, or Server Function that accesses protected data. Middleware-based auth checks rely on path matching, which can diverge from how Next.js routes requests and leave protected resources reachable. For a migration guide, see: https://clerk.com/docs/guides/development/upgrading/upgrade-guides/migrate-from-create-route-matcher
⨯ ReferenceError: LogoMark is not defined
    at AppShell (src\components\layout\app-shell.tsx:88:14)
  86 |         <div className={`flex h-16 items-center border-b border-white/10 ${isCollapsed ? '...
  87 |           <div className="flex min-w-0 items-center gap-2.5">
> 88 |             <LogoMark className="h-8 w-8 shrink-0" />
     |              ^
  89 |             {!isCollapsed && (
  90 |               <div className="min-w-0">
  91 |                 <p className="truncate text-sm font-semibold tracking-tight text-white">En... {
  digest: '4257836782'
}
[browser] Uncaught ReferenceError: LogoMark is not defined
    at AppShell (file://C:/Users/Chirag Gupta/Desktop/enterprise-productivity/enterprise-productivity-frontend/.next/dev/static/chunks/src_02n2azd._.js?id=%255Bproject%255D%252Fsrc%252Fcomponents%252Flayout%252Fapp-shell.tsx+%255Bapp-client%255D+%2528ecmascript%2529:180:240)
    at Object.react_stack_bottom_frame (file://C:/Users/Chirag Gupta/Desktop/enterprise-productivity/enterprise-productivity-frontend/.next/dev/static/chunks/node_modules_next_dist_compiled_react-dom_096_9a-._.js:15037:24)
    at renderWithHooks (file://C:/Users/Chirag Gupta/Desktop/enterprise-productivity/enterprise-productivity-frontend/.next/dev/static/chunks/node_modules_next_dist_compiled_react-dom_096_9a-._.js:4620:24)
    at updateFunctionComponent (file://C:/Users/Chirag Gupta/Desktop/enterprise-productivity/enterprise-productivity-frontend/.next/dev/static/chunks/node_modules_next_dist_compiled_react-dom_096_9a-._.js:6081:21)
    at beginWork (file://C:/Users/Chirag Gupta/Desktop/enterprise-productivity/enterprise-productivity-frontend/.next/dev/static/chunks/node_modules_next_dist_compiled_react-dom_096_9a-._.js:6665:639)
    at runWithFiberInDEV (file://C:/Users/Chirag Gupta/Desktop/enterprise-productivity/enterprise-productivity-frontend/.next/dev/static/chunks/node_modules_next_dist_compiled_react-dom_096_9a-._.js:965:74)
    at performUnitOfWork (file://C:/Users/Chirag Gupta/Desktop/enterprise-productivity/enterprise-productivity-frontend/.next/dev/static/chunks/node_modules_next_dist_compiled_react-dom_096_9a-._.js:9555:97)
    at workLoopSync (file://C:/Users/Chirag Gupta/Desktop/enterprise-productivity/enterprise-productivity-frontend/.next/dev/static/chunks/node_modules_next_dist_compiled_react-dom_096_9a-._.js:9449:40)
    at renderRootSync (file://C:/Users/Chirag Gupta/Desktop/enterprise-productivity/enterprise-productivity-frontend/.next/dev/static/chunks/node_modules_next_dist_compiled_react-dom_096_9a-._.js:9433:13)
    at performWorkOnRoot (file://C:/Users/Chirag Gupta/Desktop/enterprise-productivity/enterprise-productivity-frontend/.next/dev/static/chunks/node_modules_next_dist_compiled_react-dom_096_9a-._.js:9061:186)
    at performSyncWorkOnRoot (file://C:/Users/Chirag Gupta/Desktop/enterprise-productivity/enterprise-productivity-frontend/.next/dev/static/chunks/node_modules_next_dist_compiled_react-dom_096_9a-._.js:10263:9)
    at flushSyncWorkAcrossRoots_impl (file://C:/Users/Chirag Gupta/Desktop/enterprise-productivity/enterprise-productivity-frontend/.next/dev/static/chunks/node_modules_next_dist_compiled_react-dom_096_9a-._.js:10179:316)
    at processRootScheduleInMicrotask (file://C:/Users/Chirag Gupta/Desktop/enterprise-productivity/enterprise-productivity-frontend/.next/dev/static/chunks/node_modules_next_dist_compiled_react-dom_096_9a-._.js:10200:106)
    at <unknown> (file://C:/Users/Chirag Gupta/Desktop/enterprise-productivity/enterprise-productivity-frontend/.next/dev/static/chunks/node_modules_next_dist_compiled_react-dom_096_9a-._.js:10274:158)
    at RootLayout (src\app\layout.tsx:25:15)
  23 |           <ToastProvider>
  24 |             <RoleProvider>
> 25 |               <AppShell>{children}</AppShell>
     |               ^
  26 |             </RoleProvider>
  27 |           </ToastProvider>
  28 |         </body>
[browser] Uncaught ReferenceError: LogoMark is not defined
    at AppShell (file://C:/Users/Chirag Gupta/Desktop/enterprise-productivity/enterprise-productivity-frontend/.next/dev/static/chunks/src_02n2azd._.js?id=%255Bproject%255D%252Fsrc%252Fcomponents%252Flayout%252Fapp-shell.tsx+%255Bapp-client%255D+%2528ecmascript%2529:180:240)
    at Object.react_stack_bottom_frame (file://C:/Users/Chirag Gupta/Desktop/enterprise-productivity/enterprise-productivity-frontend/.next/dev/static/chunks/node_modules_next_dist_compiled_react-dom_096_9a-._.js:15037:24)
    at renderWithHooks (file://C:/Users/Chirag Gupta/Desktop/enterprise-productivity/enterprise-productivity-frontend/.next/dev/static/chunks/node_modules_next_dist_compiled_react-dom_096_9a-._.js:4620:24)
    at updateFunctionComponent (file://C:/Users/Chirag Gupta/Desktop/enterprise-productivity/enterprise-productivity-frontend/.next/dev/static/chunks/node_modules_next_dist_compiled_react-dom_096_9a-._.js:6081:21)
    at beginWork (file://C:/Users/Chirag Gupta/Desktop/enterprise-productivity/enterprise-productivity-frontend/.next/dev/static/chunks/node_modules_next_dist_compiled_react-dom_096_9a-._.js:6665:639)
    at runWithFiberInDEV (file://C:/Users/Chirag Gupta/Desktop/enterprise-productivity/enterprise-productivity-frontend/.next/dev/static/chunks/node_modules_next_dist_compiled_react-dom_096_9a-._.js:965:74)
    at performUnitOfWork (file://C:/Users/Chirag Gupta/Desktop/enterprise-productivity/enterprise-productivity-frontend/.next/dev/static/chunks/node_modules_next_dist_compiled_react-dom_096_9a-._.js:9555:97)
    at workLoopSync (file://C:/Users/Chirag Gupta/Desktop/enterprise-productivity/enterprise-productivity-frontend/.next/dev/static/chunks/node_modules_next_dist_compiled_react-dom_096_9a-._.js:9449:40)
    at renderRootSync (file://C:/Users/Chirag Gupta/Desktop/enterprise-productivity/enterprise-productivity-frontend/.next/dev/static/chunks/node_modules_next_dist_compiled_react-dom_096_9a-._.js:9433:13)
    at performWorkOnRoot (file://C:/Users/Chirag Gupta/Desktop/enterprise-productivity/enterprise-productivity-frontend/.next/dev/static/chunks/node_modules_next_dist_compiled_react-dom_096_9a-._.js:9098:47)
    at performSyncWorkOnRoot (file://C:/Users/Chirag Gupta/Desktop/enterprise-productivity/enterprise-productivity-frontend/.next/dev/static/chunks/node_modules_next_dist_compiled_react-dom_096_9a-._.js:10263:9)
    at flushSyncWorkAcrossRoots_impl (file://C:/Users/Chirag Gupta/Desktop/enterprise-productivity/enterprise-productivity-frontend/.next/dev/static/chunks/node_modules_next_dist_compiled_react-dom_096_9a-._.js:10179:316)
    at flushSyncWork$1 (file://C:/Users/Chirag Gupta/Desktop/enterprise-productivity/enterprise-productivity-frontend/.next/dev/static/chunks/node_modules_next_dist_compiled_react-dom_096_9a-._.js:9230:86)
    at Object.scheduleRefresh (file://C:/Users/Chirag Gupta/Desktop/enterprise-productivity/enterprise-productivity-frontend/.next/dev/static/chunks/node_modules_next_dist_compiled_react-dom_096_9a-._.js:299:13)
    at <unknown> (file://C:/Users/Chirag Gupta/Desktop/enterprise-productivity/enterprise-productivity-frontend/.next/dev/static/chunks/node_modules_next_dist_compiled_1amofcm._.js:391:33)
    at Set.forEach (<anonymous>)
    at Object.performReactRefresh (file://C:/Users/Chirag Gupta/Desktop/enterprise-productivity/enterprise-productivity-frontend/.next/dev/static/chunks/node_modules_next_dist_compiled_1amofcm._.js:384:38)
    at applyUpdate (file://C:/Users/Chirag Gupta/Desktop/enterprise-productivity/enterprise-productivity-frontend/.next/dev/static/chunks/node_modules_next_dist_compiled_1amofcm._.js:878:31)
    at <unknown> (file://C:/Users/Chirag Gupta/Desktop/enterprise-productivity/enterprise-productivity-frontend/.next/dev/static/chunks/node_modules_next_dist_compiled_1amofcm._.js:886:13)
    at RootLayout (src\app\layout.tsx:25:15)
  23 |           <ToastProvider>
  24 |             <RoleProvider>
> 25 |               <AppShell>{children}</AppShell>
     |               ^
  26 |             </RoleProvider>
  27 |           </ToastProvider>
  28 |         </body>
✓ Compiled in 2.9s
✓ Compiled in 15ms
⚠ Fast Refresh had to perform a full reload due to a runtime error.
 GET /dashboard 500 in 8.9s (next.js: 813ms, proxy.ts: 1264ms, application-code: 6.8s)
[browser] Clerk: Clerk has been loaded with development keys. Development instances have strict usage limits and should not be used when deploying your application to production. Learn more: https://clerk.com/docs/deployments/overview (file://C:/Users/Chirag Gupta/Desktop/enterprise-productivity/enterprise-productivity-frontend/.next/dev/static/chunks/node_modules_next_dist_1ybzpk2._.js:2489:13)
✓ Compiled in 6.1s
Clerk - DEPRECATION WARNING: "createRouteMatcher" is deprecated and will be removed in the next major release.
Use resource-based auth checks instead. Move auth checks into each page, layout, API route, or Server Function that accesses protected data. Middleware-based auth checks rely on path matching, which can diverge from how Next.js routes requests and leave protected resources reachable. For a migration guide, see: https://clerk.com/docs/guides/development/upgrading/upgrade-guides/migrate-from-create-route-matcher
✓ Compiled in 10ms
 GET /dashboard 200 in 5.1s (next.js: 1193ms, proxy.ts: 955ms, application-code: 2.9s)
 GET /dashboard 200 in 4.5s (next.js: 48ms, proxy.ts: 1534ms, application-code: 2.9s)
[browser] Clerk: Clerk has been loaded with development keys. Development instances have strict usage limits and should not be used when deploying your application to production. Learn more: https://clerk.com/docs/deployments/overview (file://C:/Users/Chirag Gupta/Desktop/enterprise-productivity/enterprise-productivity-frontend/.next/dev/static/chunks/node_modules_next_dist_1ybzpk2._.js:2489:13)
✓ Compiled in 173ms
Clerk - DEPRECATION WARNING: "createRouteMatcher" is deprecated and will be removed in the next major release.
Use resource-based auth checks instead. Move auth checks into each page, layout, API route, or Server Function that accesses protected data. Middleware-based auth checks rely on path matching, which can diverge from how Next.js routes requests and leave protected resources reachable. For a migration guide, see: https://clerk.com/docs/guides/development/upgrading/upgrade-guides/migrate-from-create-route-matcher
✓ Compiled in 197ms
✓ Compiled in 271ms
Clerk - DEPRECATION WARNING: "createRouteMatcher" is deprecated and will be removed in the next major release.
Use resource-based auth checks instead. Move auth checks into each page, layout, API route, or Server Function that accesses protected data. Middleware-based auth checks rely on path matching, which can diverge from how Next.js routes requests and leave protected resources reachable. For a migration guide, see: https://clerk.com/docs/guides/development/upgrading/upgrade-guides/migrate-from-create-route-matcher
 GET /dashboard 200 in 3.0s (next.js: 707ms, proxy.ts: 1671ms, application-code: 617ms)
 GET /dashboard 200 in 733ms (next.js: 17ms, proxy.ts: 399ms, application-code: 316ms)
 GET /dashboard 200 in 835ms (next.js: 78ms, proxy.ts: 32ms, application-code: 724ms)
 GET /dashboard 200 in 583ms (next.js: 31ms, proxy.ts: 125ms, application-code: 426ms)
 GET /dashboard 200 in 581ms (next.js: 195ms, proxy.ts: 128ms, application-code: 258ms)
 GET /dashboard 200 in 594ms (next.js: 364ms, proxy.ts: 120ms, application-code: 109ms)
 GET /dashboard 200 in 2.1s (next.js: 1691ms, proxy.ts: 19ms, application-code: 424ms)
Clerk - DEPRECATION WARNING: "createRouteMatcher" is deprecated and will be removed in the next major release.
Use resource-based auth checks instead. Move auth checks into each page, layout, API route, or Server Function that accesses protected data. Middleware-based auth checks rely on path matching, which can diverge from how Next.js routes requests and leave protected resources reachable. For a migration guide, see: https://clerk.com/docs/guides/development/upgrading/upgrade-guides/migrate-from-create-route-matcher
 GET /dashboard 200 in 1743ms (next.js: 14ms, proxy.ts: 1221ms, application-code: 508ms)
 GET /dashboard 200 in 1470ms (next.js: 124ms, proxy.ts: 138ms, application-code: 1209ms)
 GET /dashboard 200 in 1274ms (next.js: 96ms, proxy.ts: 128ms, application-code: 1049ms)
 GET /dashboard 200 in 1319ms (next.js: 261ms, proxy.ts: 141ms, application-code: 918ms)
 GET /dashboard 200 in 1315ms (next.js: 386ms, proxy.ts: 162ms, application-code: 767ms)
 GET /dashboard 200 in 1310ms (next.js: 535ms, proxy.ts: 141ms, application-code: 634ms)
 GET /dashboard 200 in 1332ms (next.js: 701ms, proxy.ts: 144ms, application-code: 486ms)
 GET /dashboard 200 in 507ms (next.js: 49ms, proxy.ts: 71ms, application-code: 387ms)
 GET /dashboard 200 in 855ms (next.js: 146ms, proxy.ts: 140ms, application-code: 569ms)
 GET /dashboard 200 in 830ms (next.js: 407ms, proxy.ts: 119ms, application-code: 305ms)
 GET /dashboard 200 in 826ms (next.js: 535ms, proxy.ts: 127ms, application-code: 164ms)
✓ Compiled in 240ms
Clerk - DEPRECATION WARNING: "createRouteMatcher" is deprecated and will be removed in the next major release.
Use resource-based auth checks instead. Move auth checks into each page, layout, API route, or Server Function that accesses protected data. Middleware-based auth checks rely on path matching, which can diverge from how Next.js routes requests and leave protected resources reachable. For a migration guide, see: https://clerk.com/docs/guides/development/upgrading/upgrade-guides/migrate-from-create-route-matcher
 GET /dashboard 200 in 1499ms (next.js: 659ms, proxy.ts: 440ms, application-code: 400ms)
 GET /dashboard 200 in 189ms (next.js: 25ms, proxy.ts: 29ms, application-code: 135ms)
✓ Compiled in 1354ms
 GET /dashboard 200 in 3.2s (next.js: 97ms, proxy.ts: 126ms, application-code: 2.9s)
[browser] Clerk: Clerk has been loaded with development keys. Development instances have strict usage limits and should not be used when deploying your application to production. Learn more: https://clerk.com/docs/deployments/overview (file://C:/Users/Chirag Gupta/Desktop/enterprise-productivity/enterprise-productivity-frontend/.next/dev/static/chunks/node_modules_next_dist_1ybzpk2._.js:2489:13)
[browser] ⨯ unhandledRejection: Error: You can't use a channel after client.disconnect() was called
    at Channel.getClient (file://C:/Users/Chirag Gupta/Desktop/enterprise-productivity/enterprise-productivity-frontend/.next/dev/static/chunks/node_modules_1vxps3s._.js:13116:19)
    at Channel.getConfig (file://C:/Users/Chirag Gupta/Desktop/enterprise-productivity/enterprise-productivity-frontend/.next/dev/static/chunks/node_modules_1vxps3s._.js:13125:29)
    at get enabled (file://C:/Users/Chirag Gupta/Desktop/enterprise-productivity/enterprise-productivity-frontend/.next/dev/static/chunks/node_modules_1vxps3s._.js:11036:31)
    at _LinkPreviewsManager.initState (file://C:/Users/Chirag Gupta/Desktop/enterprise-productivity/enterprise-productivity-frontend/.next/dev/static/chunks/node_modules_1vxps3s._.js:10890:31)
    at _MessageComposer.initState (file://C:/Users/Chirag Gupta/Desktop/enterprise-productivity/enterprise-productivity-frontend/.next/dev/static/chunks/node_modules_1vxps3s._.js:11944:38)
    at _MessageComposer.clear (file://C:/Users/Chirag Gupta/Desktop/enterprise-productivity/enterprise-productivity-frontend/.next/dev/static/chunks/node_modules_1vxps3s._.js:12201:18)
    at MessageComposerProvider.useEffect (file://C:/Users/Chirag Gupta/Desktop/enterprise-productivity/enterprise-productivity-frontend/.next/dev/static/chunks/node_modules_stream-chat-react_dist_es_index_mjs_1jhj-59._.js:21480:82)
✓ Compiled in 552ms
Clerk - DEPRECATION WARNING: "createRouteMatcher" is deprecated and will be removed in the next major release.
Use resource-based auth checks instead. Move auth checks into each page, layout, API route, or Server Function that accesses protected data. Middleware-based auth checks rely on path matching, which can diverge from how Next.js routes requests and leave protected resources reachable. For a migration guide, see: https://clerk.com/docs/guides/development/upgrading/upgrade-guides/migrate-from-create-route-matcher
 GET /dashboard 200 in 5.9s (next.js: 2.9s, proxy.ts: 2.5s, application-code: 454ms)
[browser] ⨯ unhandledRejection: AxiosError: Network Error
    at XMLHttpRequest.handleError (file://C:/Users/Chirag Gupta/Desktop/enterprise-productivity/enterprise-productivity-frontend/.next/dev/static/chunks/node_modules_axios_lib_1i00zly._.js:3186:25)
    at Axios.request (file://C:/Users/Chirag Gupta/Desktop/enterprise-productivity/enterprise-productivity-frontend/.next/dev/static/chunks/node_modules_axios_lib_1i00zly._.js:4313:49)
    at async fetchNotifications (file://C:/Users/Chirag Gupta/Desktop/enterprise-productivity/enterprise-productivity-frontend/.next/dev/static/chunks/src_05wn19d._.js:1777:17)
    at async useNotifications.useCallback[refresh] (file://C:/Users/Chirag Gupta/Desktop/enterprise-productivity/enterprise-productivity-frontend/.next/dev/static/chunks/src_05wn19d._.js:1958:35)
[browser] ⨯ unhandledRejection: AxiosError: Network Error
    at XMLHttpRequest.handleError (file://C:/Users/Chirag Gupta/Desktop/enterprise-productivity/enterprise-productivity-frontend/.next/dev/static/chunks/node_modules_axios_lib_1i00zly._.js:3186:25)
    at Axios.request (file://C:/Users/Chirag Gupta/Desktop/enterprise-productivity/enterprise-productivity-frontend/.next/dev/static/chunks/node_modules_axios_lib_1i00zly._.js:4313:49)
    at async fetchNotifications (file://C:/Users/Chirag Gupta/Desktop/enterprise-productivity/enterprise-productivity-frontend/.next/dev/static/chunks/src_05wn19d._.js:1777:17)
    at async useNotifications.useCallback[refresh] (file://C:/Users/Chirag Gupta/Desktop/enterprise-productivity/enterprise-productivity-frontend/.next/dev/static/chunks/src_05wn19d._.js:1958:35)
[browser] ⨯ unhandledRejection: AxiosError: Network Error
    at XMLHttpRequest.handleError (file://C:/Users/Chirag Gupta/Desktop/enterprise-productivity/enterprise-productivity-frontend/.next/dev/static/chunks/node_modules_axios_lib_1i00zly._.js:3186:25)
    at Axios.request (file://C:/Users/Chirag Gupta/Desktop/enterprise-productivity/enterprise-productivity-frontend/.next/dev/static/chunks/node_modules_axios_lib_1i00zly._.js:4313:49)
    at async fetchNotifications (file://C:/Users/Chirag Gupta/Desktop/enterprise-productivity/enterprise-productivity-frontend/.next/dev/static/chunks/src_05wn19d._.js:1777:17)
    at async useNotifications.useCallback[refresh] (file://C:/Users/Chirag Gupta/Desktop/enterprise-productivity/enterprise-productivity-frontend/.next/dev/static/chunks/src_05wn19d._.js:1958:35)
[browser] ⨯ unhandledRejection: AxiosError: Network Error
    at XMLHttpRequest.handleError (file://C:/Users/Chirag Gupta/Desktop/enterprise-productivity/enterprise-productivity-frontend/.next/dev/static/chunks/node_modules_axios_lib_1i00zly._.js:3186:25)
    at Axios.request (file://C:/Users/Chirag Gupta/Desktop/enterprise-productivity/enterprise-productivity-frontend/.next/dev/static/chunks/node_modules_axios_lib_1i00zly._.js:4313:49)
    at async fetchNotifications (file://C:/Users/Chirag Gupta/Desktop/enterprise-productivity/enterprise-productivity-frontend/.next/dev/static/chunks/src_05wn19d._.js:1777:17)
    at async useNotifications.useCallback[refresh] (file://C:/Users/Chirag Gupta/Desktop/enterprise-productivity/enterprise-productivity-frontend/.next/dev/static/chunks/src_05wn19d._.js:1958:35)
[browser] ⨯ unhandledRejection: AxiosError: Network Error
    at XMLHttpRequest.handleError (file://C:/Users/Chirag Gupta/Desktop/enterprise-productivity/enterprise-productivity-frontend/.next/dev/static/chunks/node_modules_axios_lib_1i00zly._.js:3186:25)
    at Axios.request (file://C:/Users/Chirag Gupta/Desktop/enterprise-productivity/enterprise-productivity-frontend/.next/dev/static/chunks/node_modules_axios_lib_1i00zly._.js:4313:49)
    at async fetchNotifications (file://C:/Users/Chirag Gupta/Desktop/enterprise-productivity/enterprise-productivity-frontend/.next/dev/static/chunks/src_05wn19d._.js:1777:17)
    at async useNotifications.useCallback[refresh] (file://C:/Users/Chirag Gupta/Desktop/enterprise-productivity/enterprise-productivity-frontend/.next/dev/static/chunks/src_05wn19d._.js:1958:35)
[browser] ⨯ unhandledRejection: AxiosError: Network Error
    at XMLHttpRequest.handleError (file://C:/Users/Chirag Gupta/Desktop/enterprise-productivity/enterprise-productivity-frontend/.next/dev/static/chunks/node_modules_axios_lib_1i00zly._.js:3186:25)
    at Axios.request (file://C:/Users/Chirag Gupta/Desktop/enterprise-productivity/enterprise-productivity-frontend/.next/dev/static/chunks/node_modules_axios_lib_1i00zly._.js:4313:49)
    at async fetchNotifications (file://C:/Users/Chirag Gupta/Desktop/enterprise-productivity/enterprise-productivity-frontend/.next/dev/static/chunks/src_05wn19d._.js:1777:17)
    at async useNotifications.useCallback[refresh] (file://C:/Users/Chirag Gupta/Desktop/enterprise-productivity/enterprise-productivity-frontend/.next/dev/static/chunks/src_05wn19d._.js:1958:35)
 GET /dashboard 200 in 5.8s (next.js: 25ms, proxy.ts: 36ms, application-code: 5.8s)
[browser] Clerk: Clerk has been loaded with development keys. Development instances have strict usage limits and should not be used when deploying your application to production. Learn more: https://clerk.com/docs/deployments/overview (file://C:/Users/Chirag Gupta/Desktop/enterprise-productivity/enterprise-productivity-frontend/.next/dev/static/chunks/node_modules_next_dist_1ybzpk2._.js:2489:13)
[browser] ⨯ unhandledRejection: AxiosError: Network Error
    at XMLHttpRequest.handleError (file://C:/Users/Chirag Gupta/Desktop/enterprise-productivity/enterprise-productivity-frontend/.next/dev/static/chunks/node_modules_axios_lib_1i00zly._.js:3186:25)
    at Axios.request (file://C:/Users/Chirag Gupta/Desktop/enterprise-productivity/enterprise-productivity-frontend/.next/dev/static/chunks/node_modules_axios_lib_1i00zly._.js:4313:49)
    at async fetchNotifications (file://C:/Users/Chirag Gupta/Desktop/enterprise-productivity/enterprise-productivity-frontend/.next/dev/static/chunks/src_05wn19d._.js:1777:17)
    at async useNotifications.useCallback[refresh] (file://C:/Users/Chirag Gupta/Desktop/enterprise-productivity/enterprise-productivity-frontend/.next/dev/static/chunks/src_05wn19d._.js:1958:35)
 GET /dashboard 200 in 357ms (next.js: 25ms, proxy.ts: 43ms, application-code: 290ms)
[browser] Clerk: Clerk has been loaded with development keys. Development instances have strict usage limits and should not be used when deploying your application to production. Learn more: https://clerk.com/docs/deployments/overview (file://C:/Users/Chirag Gupta/Desktop/enterprise-productivity/enterprise-productivity-frontend/.next/dev/static/chunks/node_modules_next_dist_1ybzpk2._.js:2489:13)
 GET /admin/roles 200 in 1653ms (next.js: 1439ms, proxy.ts: 37ms, application-code: 177ms)
 GET /tasks 200 in 1162ms (next.js: 969ms, proxy.ts: 33ms, application-code: 160ms)
 GET /dashboard 200 in 132ms (next.js: 17ms, proxy.ts: 37ms, application-code: 77ms)
[browser] Consecutive calls to connectUser is detected, ideally you should only call this function once in your app. (file://C:/Users/Chirag Gupta/Desktop/enterprise-productivity/enterprise-productivity-frontend/.next/dev/static/chunks/node_modules_next_dist_1ybzpk2._.js:2489:13)
[browser] Consecutive calls to connectUser is detected, ideally you should only call this function once in your app. (file://C:/Users/Chirag Gupta/Desktop/enterprise-productivity/enterprise-productivity-frontend/.next/dev/static/chunks/node_modules_next_dist_1ybzpk2._.js:2489:13)
[browser] ⨯ unhandledRejection: AxiosError: Internal server error
    at settle (file://C:/Users/Chirag Gupta/Desktop/enterprise-productivity/enterprise-productivity-frontend/.next/dev/static/chunks/node_modules_axios_lib_1i00zly._.js:2452:16)
    at XMLHttpRequest.onloadend (file://C:/Users/Chirag Gupta/Desktop/enterprise-productivity/enterprise-productivity-frontend/.next/dev/static/chunks/node_modules_axios_lib_1i00zly._.js:3139:174)
    at Axios.request (file://C:/Users/Chirag Gupta/Desktop/enterprise-productivity/enterprise-productivity-frontend/.next/dev/static/chunks/node_modules_axios_lib_1i00zly._.js:4313:49)
    at async fetchUnreadCount (file://C:/Users/Chirag Gupta/Desktop/enterprise-productivity/enterprise-productivity-frontend/.next/dev/static/chunks/src_05wn19d._.js:1785:17)
    at async useNotifications.useCallback[refresh] (file://C:/Users/Chirag Gupta/Desktop/enterprise-productivity/enterprise-productivity-frontend/.next/dev/static/chunks/src_05wn19d._.js:1958:35)
✓ Compiled in 1085ms
Clerk - DEPRECATION WARNING: "createRouteMatcher" is deprecated and will be removed in the next major release.
Use resource-based auth checks instead. Move auth checks into each page, layout, API route, or Server Function that accesses protected data. Middleware-based auth checks rely on path matching, which can diverge from how Next.js routes requests and leave protected resources reachable. For a migration guide, see: https://clerk.com/docs/guides/development/upgrading/upgrade-guides/migrate-from-create-route-matcher
 GET /dashboard 200 in 4.2s (next.js: 3.0s, proxy.ts: 851ms, application-code: 436ms)
 GET /dashboard 200 in 4.8s (next.js: 31ms, proxy.ts: 29ms, application-code: 4.7s)
[browser] Clerk: Clerk has been loaded with development keys. Development instances have strict usage limits and should not be used when deploying your application to production. Learn more: https://clerk.com/docs/deployments/overview (file://C:/Users/Chirag Gupta/Desktop/enterprise-productivity/enterprise-productivity-frontend/.next/dev/static/chunks/node_modules_next_dist_1ybzpk2._.js:2489:13)
✓ Compiled in 796ms
Clerk - DEPRECATION WARNING: "createRouteMatcher" is deprecated and will be removed in the next major release.
Use resource-based auth checks instead. Move auth checks into each page, layout, API route, or Server Function that accesses protected data. Middleware-based auth checks rely on path matching, which can diverge from how Next.js routes requests and leave protected resources reachable. For a migration guide, see: https://clerk.com/docs/guides/development/upgrading/upgrade-guides/migrate-from-create-route-matcher
 GET /dashboard 200 in 1567ms (next.js: 790ms, proxy.ts: 577ms, application-code: 200ms)
 GET /dashboard 200 in 3.1s (next.js: 13ms, proxy.ts: 26ms, application-code: 3.1s)
[browser] Clerk: Clerk has been loaded with development keys. Development instances have strict usage limits and should not be used when deploying your application to production. Learn more: https://clerk.com/docs/deployments/overview (file://C:/Users/Chirag Gupta/Desktop/enterprise-productivity/enterprise-productivity-frontend/.next/dev/static/chunks/node_modules_next_dist_1ybzpk2._.js:2489:13)
✓ Compiled in 1193ms
Clerk - DEPRECATION WARNING: "createRouteMatcher" is deprecated and will be removed in the next major release.
Use resource-based auth checks instead. Move auth checks into each page, layout, API route, or Server Function that accesses protected data. Middleware-based auth checks rely on path matching, which can diverge from how Next.js routes requests and leave protected resources reachable. For a migration guide, see: https://clerk.com/docs/guides/development/upgrading/upgrade-guides/migrate-from-create-route-matcher
 GET /dashboard 200 in 1289ms (next.js: 599ms, proxy.ts: 562ms, application-code: 129ms)
 GET /dashboard 200 in 1653ms (next.js: 14ms, proxy.ts: 38ms, application-code: 1602ms)
[browser] Clerk: Clerk has been loaded with development keys. Development instances have strict usage limits and should not be used when deploying your application to production. Learn more: https://clerk.com/docs/deployments/overview (file://C:/Users/Chirag Gupta/Desktop/enterprise-productivity/enterprise-productivity-frontend/.next/dev/static/chunks/node_modules_next_dist_1ybzpk2._.js:2489:13)
✓ Compiled in 334ms
Clerk - DEPRECATION WARNING: "createRouteMatcher" is deprecated and will be removed in the next major release.
Use resource-based auth checks instead. Move auth checks into each page, layout, API route, or Server Function that accesses protected data. Middleware-based auth checks rely on path matching, which can diverge from how Next.js routes requests and leave protected resources reachable. For a migration guide, see: https://clerk.com/docs/guides/development/upgrading/upgrade-guides/migrate-from-create-route-matcher
 GET /dashboard 200 in 934ms (next.js: 468ms, proxy.ts: 299ms, application-code: 168ms)
 GET /dashboard 200 in 1179ms (next.js: 12ms, proxy.ts: 18ms, application-code: 1149ms)
[browser] Clerk: Clerk has been loaded with development keys. Development instances have strict usage limits and should not be used when deploying your application to production. Learn more: https://clerk.com/docs/deployments/overview (file://C:/Users/Chirag Gupta/Desktop/enterprise-productivity/enterprise-productivity-frontend/.next/dev/static/chunks/node_modules_next_dist_1ybzpk2._.js:2489:13)
✓ Compiled in 888ms
Clerk - DEPRECATION WARNING: "createRouteMatcher" is deprecated and will be removed in the next major release.
Use resource-based auth checks instead. Move auth checks into each page, layout, API route, or Server Function that accesses protected data. Middleware-based auth checks rely on path matching, which can diverge from how Next.js routes requests and leave protected resources reachable. For a migration guide, see: https://clerk.com/docs/guides/development/upgrading/upgrade-guides/migrate-from-create-route-matcher
 GET /dashboard 200 in 2.6s (next.js: 429ms, proxy.ts: 2.1s, application-code: 118ms)
[browser] ⨯ unhandledRejection: AxiosError: Internal server error
    at settle (file://C:/Users/Chirag Gupta/Desktop/enterprise-productivity/enterprise-productivity-frontend/.next/dev/static/chunks/node_modules_axios_lib_1i00zly._.js:2452:16)
    at XMLHttpRequest.onloadend (file://C:/Users/Chirag Gupta/Desktop/enterprise-productivity/enterprise-productivity-frontend/.next/dev/static/chunks/node_modules_axios_lib_1i00zly._.js:3139:174)
    at Axios.request (file://C:/Users/Chirag Gupta/Desktop/enterprise-productivity/enterprise-productivity-frontend/.next/dev/static/chunks/node_modules_axios_lib_1i00zly._.js:4313:49)
    at async fetchUnreadCount (file://C:/Users/Chirag Gupta/Desktop/enterprise-productivity/enterprise-productivity-frontend/.next/dev/static/chunks/src_05wn19d._.js:1785:17)
    at async useNotifications.useCallback[refresh] (file://C:/Users/Chirag Gupta/Desktop/enterprise-productivity/enterprise-productivity-frontend/.next/dev/static/chunks/src_05wn19d._.js:1958:35)
✓ Compiled in 690ms
Clerk - DEPRECATION WARNING: "createRouteMatcher" is deprecated and will be removed in the next major release.
Use resource-based auth checks instead. Move auth checks into each page, layout, API route, or Server Function that accesses protected data. Middleware-based auth checks rely on path matching, which can diverge from how Next.js routes requests and leave protected resources reachable. For a migration guide, see: https://clerk.com/docs/guides/development/upgrading/upgrade-guides/migrate-from-create-route-matcher
 GET /dashboard 200 in 8.5s (next.js: 5.2s, proxy.ts: 3.1s, application-code: 225ms)
 POST /dashboard 200 in 1716ms (next.js: 217ms, proxy.ts: 694ms, application-code: 805ms)
  └─ ƒ invalidateCacheAction() in 60ms node_modules/@clerk/nextjs/dist/esm/app-router/server-actions.js
 GET /sign-in 200 in 3.1s (next.js: 1641ms, proxy.ts: 45ms, application-code: 1371ms)
[browser] ⨯ unhandledRejection: Error: You can't use a channel after client.disconnect() was called
    at Channel.getClient (file://C:/Users/Chirag Gupta/Desktop/enterprise-productivity/enterprise-productivity-frontend/.next/dev/static/chunks/node_modules_1vxps3s._.js:13116:19)
    at Channel.getConfig (file://C:/Users/Chirag Gupta/Desktop/enterprise-productivity/enterprise-productivity-frontend/.next/dev/static/chunks/node_modules_1vxps3s._.js:13125:29)
    at get enabled (file://C:/Users/Chirag Gupta/Desktop/enterprise-productivity/enterprise-productivity-frontend/.next/dev/static/chunks/node_modules_1vxps3s._.js:11036:31)
    at _LinkPreviewsManager.initState (file://C:/Users/Chirag Gupta/Desktop/enterprise-productivity/enterprise-productivity-frontend/.next/dev/static/chunks/node_modules_1vxps3s._.js:10890:31)
    at _MessageComposer.initState (file://C:/Users/Chirag Gupta/Desktop/enterprise-productivity/enterprise-productivity-frontend/.next/dev/static/chunks/node_modules_1vxps3s._.js:11944:38)
    at _MessageComposer.clear (file://C:/Users/Chirag Gupta/Desktop/enterprise-productivity/enterprise-productivity-frontend/.next/dev/static/chunks/node_modules_1vxps3s._.js:12201:18)
    at MessageComposerProvider.useEffect (file://C:/Users/Chirag Gupta/Desktop/enterprise-productivity/enterprise-productivity-frontend/.next/dev/static/chunks/node_modules_stream-chat-react_dist_es_index_mjs_1jhj-59._.js:21480:82)
 GET /sign-in 200 in 3.1s (next.js: 2.9s, proxy.ts: 53ms, application-code: 170ms)
 GET /sign-in/SignIn_clerk_catchall_check_1785771115612 200 in 3.2s (next.js: 281ms, proxy.ts: 53ms, application-code: 2.8s)
 GET /sign-in?redirect_url=http%3A%2F%2Flocalhost%3A3000%2F.well-known%2Fappspecific%2Fcom.chrome.devtools.json 200 in 1156ms (next.js: 244ms, proxy.ts: 139ms, application-code: 773ms)
 GET /dashboard 200 in 4.5s (next.js: 226ms, proxy.ts: 457ms, application-code: 3.8s)
[browser] Clerk: Clerk has been loaded with development keys. Development instances have strict usage limits and should not be used when deploying your application to production. Learn more: https://clerk.com/docs/deployments/overview (file://C:/Users/Chirag Gupta/Desktop/enterprise-productivity/enterprise-productivity-frontend/.next/dev/static/chunks/node_modules_next_dist_1ybzpk2._.js:2489:13)
