
> enterprise-productivity-backend@0.0.1 start:dev
> nest start --watch

[2J[3J[H[[90m1:32:44 pm[0m] Starting compilation in watch mode...

[[90m1:33:07 pm[0m] Found 0 errors. Watching for file changes.

[32m[Nest] 29356  - [39m03/08/2026, 1:33:16 pm [32m    LOG[39m [38;5;3m[NestFactory] [39m[32mStarting Nest application...[39m
[32m[Nest] 29356  - [39m03/08/2026, 1:33:16 pm [32m    LOG[39m [38;5;3m[InstanceLoader] [39m[32mAppModule dependencies initialized[39m[38;5;3m +42ms[39m
[32m[Nest] 29356  - [39m03/08/2026, 1:33:16 pm [32m    LOG[39m [38;5;3m[InstanceLoader] [39m[32mConfigModule dependencies initialized[39m[38;5;3m +1ms[39m
[32m[Nest] 29356  - [39m03/08/2026, 1:33:16 pm [32m    LOG[39m [38;5;3m[InstanceLoader] [39m[32mConfigHostModule dependencies initialized[39m[38;5;3m +0ms[39m
[32m[Nest] 29356  - [39m03/08/2026, 1:33:16 pm [32m    LOG[39m [38;5;3m[InstanceLoader] [39m[32mHealthModule dependencies initialized[39m[38;5;3m +25ms[39m
[32m[Nest] 29356  - [39m03/08/2026, 1:33:16 pm [32m    LOG[39m [38;5;3m[InstanceLoader] [39m[32mConfigModule dependencies initialized[39m[38;5;3m +0ms[39m
[32m[Nest] 29356  - [39m03/08/2026, 1:33:16 pm [32m    LOG[39m [38;5;3m[InstanceLoader] [39m[32mStreamModule dependencies initialized[39m[38;5;3m +0ms[39m
[32m[Nest] 29356  - [39m03/08/2026, 1:33:16 pm [32m    LOG[39m [38;5;3m[DrizzleProvider] [39m[32mPostgreSQL connection established successfully.[39m
[32m[Nest] 29356  - [39m03/08/2026, 1:33:16 pm [32m    LOG[39m [38;5;3m[InstanceLoader] [39m[32mDatabaseModule dependencies initialized[39m[38;5;3m +3ms[39m
[32m[Nest] 29356  - [39m03/08/2026, 1:33:16 pm [32m    LOG[39m [38;5;3m[InstanceLoader] [39m[32mUsersModule dependencies initialized[39m[38;5;3m +0ms[39m
[32m[Nest] 29356  - [39m03/08/2026, 1:33:16 pm [32m    LOG[39m [38;5;3m[InstanceLoader] [39m[32mNotificationsModule dependencies initialized[39m[38;5;3m +0ms[39m
[32m[Nest] 29356  - [39m03/08/2026, 1:33:16 pm [32m    LOG[39m [38;5;3m[InstanceLoader] [39m[32mDepartmentsModule dependencies initialized[39m[38;5;3m +1ms[39m
[32m[Nest] 29356  - [39m03/08/2026, 1:33:16 pm [32m    LOG[39m [38;5;3m[InstanceLoader] [39m[32mTasksModule dependencies initialized[39m[38;5;3m +0ms[39m
[32m[Nest] 29356  - [39m03/08/2026, 1:33:16 pm [32m    LOG[39m [38;5;3m[InstanceLoader] [39m[32mMeetingsModule dependencies initialized[39m[38;5;3m +0ms[39m
[32m[Nest] 29356  - [39m03/08/2026, 1:33:16 pm [32m    LOG[39m [38;5;3m[InstanceLoader] [39m[32mChannelsModule dependencies initialized[39m[38;5;3m +0ms[39m
[32m[Nest] 29356  - [39m03/08/2026, 1:33:16 pm [32m    LOG[39m [38;5;3m[InstanceLoader] [39m[32mClerkModule dependencies initialized[39m[38;5;3m +2ms[39m
[32m[Nest] 29356  - [39m03/08/2026, 1:33:16 pm [32m    LOG[39m [38;5;3m[RoutesResolver] [39m[32mHealthController {/health}:[39m[38;5;3m +11ms[39m
[32m[Nest] 29356  - [39m03/08/2026, 1:33:16 pm [32m    LOG[39m [38;5;3m[RouterExplorer] [39m[32mMapped {/health, GET} route[39m[38;5;3m +5ms[39m
[32m[Nest] 29356  - [39m03/08/2026, 1:33:16 pm [32m    LOG[39m [38;5;3m[RoutesResolver] [39m[32mClerkTestController {/clerk-test}:[39m[38;5;3m +1ms[39m
[32m[Nest] 29356  - [39m03/08/2026, 1:33:16 pm [32m    LOG[39m [38;5;3m[RouterExplorer] [39m[32mMapped {/clerk-test/me, GET} route[39m[38;5;3m +1ms[39m
[32m[Nest] 29356  - [39m03/08/2026, 1:33:16 pm [32m    LOG[39m [38;5;3m[RoutesResolver] [39m[32mStreamController {/stream}:[39m[38;5;3m +0ms[39m
[32m[Nest] 29356  - [39m03/08/2026, 1:33:16 pm [32m    LOG[39m [38;5;3m[RouterExplorer] [39m[32mMapped {/stream/token, GET} route[39m[38;5;3m +1ms[39m
[32m[Nest] 29356  - [39m03/08/2026, 1:33:16 pm [32m    LOG[39m [38;5;3m[RoutesResolver] [39m[32mUsersController {/users}:[39m[38;5;3m +0ms[39m
[32m[Nest] 29356  - [39m03/08/2026, 1:33:16 pm [32m    LOG[39m [38;5;3m[RouterExplorer] [39m[32mMapped {/users, GET} route[39m[38;5;3m +1ms[39m
[32m[Nest] 29356  - [39m03/08/2026, 1:33:16 pm [32m    LOG[39m [38;5;3m[RoutesResolver] [39m[32mChatController {/chat}:[39m[38;5;3m +0ms[39m
[32m[Nest] 29356  - [39m03/08/2026, 1:33:16 pm [32m    LOG[39m [38;5;3m[RouterExplorer] [39m[32mMapped {/chat/token, GET} route[39m[38;5;3m +1ms[39m
[32m[Nest] 29356  - [39m03/08/2026, 1:33:16 pm [32m    LOG[39m [38;5;3m[RouterExplorer] [39m[32mMapped {/chat/direct, POST} route[39m[38;5;3m +1ms[39m
[32m[Nest] 29356  - [39m03/08/2026, 1:33:16 pm [32m    LOG[39m [38;5;3m[RouterExplorer] [39m[32mMapped {/chat/group, POST} route[39m[38;5;3m +0ms[39m
[32m[Nest] 29356  - [39m03/08/2026, 1:33:16 pm [32m    LOG[39m [38;5;3m[RouterExplorer] [39m[32mMapped {/chat/groups/:channelId, GET} route[39m[38;5;3m +1ms[39m
[32m[Nest] 29356  - [39m03/08/2026, 1:33:16 pm [32m    LOG[39m [38;5;3m[RouterExplorer] [39m[32mMapped {/chat/groups/:channelId, PATCH} route[39m[38;5;3m +1ms[39m
[32m[Nest] 29356  - [39m03/08/2026, 1:33:16 pm [32m    LOG[39m [38;5;3m[RouterExplorer] [39m[32mMapped {/chat/groups/:channelId/members/:memberId, POST} route[39m[38;5;3m +1ms[39m
[32m[Nest] 29356  - [39m03/08/2026, 1:33:16 pm [32m    LOG[39m [38;5;3m[RouterExplorer] [39m[32mMapped {/chat/groups/:channelId/members/:memberId, DELETE} route[39m[38;5;3m +0ms[39m
[32m[Nest] 29356  - [39m03/08/2026, 1:33:16 pm [32m    LOG[39m [38;5;3m[RouterExplorer] [39m[32mMapped {/chat/groups/:channelId/leave, POST} route[39m[38;5;3m +1ms[39m
[32m[Nest] 29356  - [39m03/08/2026, 1:33:16 pm [32m    LOG[39m [38;5;3m[RouterExplorer] [39m[32mMapped {/chat/groups/:channelId/moderators/:memberId, POST} route[39m[38;5;3m +0ms[39m
[32m[Nest] 29356  - [39m03/08/2026, 1:33:16 pm [32m    LOG[39m [38;5;3m[RouterExplorer] [39m[32mMapped {/chat/groups/:channelId/moderators/:memberId, DELETE} route[39m[38;5;3m +0ms[39m
[32m[Nest] 29356  - [39m03/08/2026, 1:33:16 pm [32m    LOG[39m [38;5;3m[RoutesResolver] [39m[32mTasksController {/tasks}:[39m[38;5;3m +0ms[39m
[32m[Nest] 29356  - [39m03/08/2026, 1:33:16 pm [32m    LOG[39m [38;5;3m[RouterExplorer] [39m[32mMapped {/tasks, POST} route[39m[38;5;3m +1ms[39m
[32m[Nest] 29356  - [39m03/08/2026, 1:33:16 pm [32m    LOG[39m [38;5;3m[RouterExplorer] [39m[32mMapped {/tasks, GET} route[39m[38;5;3m +0ms[39m
[32m[Nest] 29356  - [39m03/08/2026, 1:33:16 pm [32m    LOG[39m [38;5;3m[RouterExplorer] [39m[32mMapped {/tasks/:id, GET} route[39m[38;5;3m +0ms[39m
[32m[Nest] 29356  - [39m03/08/2026, 1:33:16 pm [32m    LOG[39m [38;5;3m[RouterExplorer] [39m[32mMapped {/tasks/:id, PATCH} route[39m[38;5;3m +1ms[39m
[32m[Nest] 29356  - [39m03/08/2026, 1:33:16 pm [32m    LOG[39m [38;5;3m[RouterExplorer] [39m[32mMapped {/tasks/:id/status, PATCH} route[39m[38;5;3m +0ms[39m
[32m[Nest] 29356  - [39m03/08/2026, 1:33:16 pm [32m    LOG[39m [38;5;3m[RouterExplorer] [39m[32mMapped {/tasks/:id, DELETE} route[39m[38;5;3m +0ms[39m
[32m[Nest] 29356  - [39m03/08/2026, 1:33:16 pm [32m    LOG[39m [38;5;3m[RoutesResolver] [39m[32mMeetingsController {/meetings}:[39m[38;5;3m +0ms[39m
[32m[Nest] 29356  - [39m03/08/2026, 1:33:16 pm [32m    LOG[39m [38;5;3m[RouterExplorer] [39m[32mMapped {/meetings, POST} route[39m[38;5;3m +1ms[39m
[32m[Nest] 29356  - [39m03/08/2026, 1:33:16 pm [32m    LOG[39m [38;5;3m[RouterExplorer] [39m[32mMapped {/meetings, GET} route[39m[38;5;3m +0ms[39m
[32m[Nest] 29356  - [39m03/08/2026, 1:33:16 pm [32m    LOG[39m [38;5;3m[RouterExplorer] [39m[32mMapped {/meetings/:id, GET} route[39m[38;5;3m +0ms[39m
[32m[Nest] 29356  - [39m03/08/2026, 1:33:16 pm [32m    LOG[39m [38;5;3m[RouterExplorer] [39m[32mMapped {/meetings/:id, PATCH} route[39m[38;5;3m +0ms[39m
[32m[Nest] 29356  - [39m03/08/2026, 1:33:16 pm [32m    LOG[39m [38;5;3m[RouterExplorer] [39m[32mMapped {/meetings/:id, DELETE} route[39m[38;5;3m +1ms[39m
[32m[Nest] 29356  - [39m03/08/2026, 1:33:16 pm [32m    LOG[39m [38;5;3m[RouterExplorer] [39m[32mMapped {/meetings/:id/join, POST} route[39m[38;5;3m +0ms[39m
[32m[Nest] 29356  - [39m03/08/2026, 1:33:16 pm [32m    LOG[39m [38;5;3m[RouterExplorer] [39m[32mMapped {/meetings/:id/leave, POST} route[39m[38;5;3m +0ms[39m
[32m[Nest] 29356  - [39m03/08/2026, 1:33:16 pm [32m    LOG[39m [38;5;3m[RoutesResolver] [39m[32mDepartmentsController {/departments}:[39m[38;5;3m +0ms[39m
[32m[Nest] 29356  - [39m03/08/2026, 1:33:16 pm [32m    LOG[39m [38;5;3m[RouterExplorer] [39m[32mMapped {/departments, POST} route[39m[38;5;3m +1ms[39m
[32m[Nest] 29356  - [39m03/08/2026, 1:33:16 pm [32m    LOG[39m [38;5;3m[RouterExplorer] [39m[32mMapped {/departments/mine, GET} route[39m[38;5;3m +0ms[39m
[32m[Nest] 29356  - [39m03/08/2026, 1:33:16 pm [32m    LOG[39m [38;5;3m[RouterExplorer] [39m[32mMapped {/departments/:id, GET} route[39m[38;5;3m +0ms[39m
[32m[Nest] 29356  - [39m03/08/2026, 1:33:16 pm [32m    LOG[39m [38;5;3m[RouterExplorer] [39m[32mMapped {/departments/:id, PATCH} route[39m[38;5;3m +1ms[39m
[32m[Nest] 29356  - [39m03/08/2026, 1:33:16 pm [32m    LOG[39m [38;5;3m[RouterExplorer] [39m[32mMapped {/departments/:id, DELETE} route[39m[38;5;3m +0ms[39m
[32m[Nest] 29356  - [39m03/08/2026, 1:33:16 pm [32m    LOG[39m [38;5;3m[RouterExplorer] [39m[32mMapped {/departments/:id/members/:memberId, POST} route[39m[38;5;3m +0ms[39m
[32m[Nest] 29356  - [39m03/08/2026, 1:33:16 pm [32m    LOG[39m [38;5;3m[RouterExplorer] [39m[32mMapped {/departments/:id/members/:memberId, DELETE} route[39m[38;5;3m +0ms[39m
[32m[Nest] 29356  - [39m03/08/2026, 1:33:16 pm [32m    LOG[39m [38;5;3m[RoutesResolver] [39m[32mChannelsController {/channels}:[39m[38;5;3m +0ms[39m
[32m[Nest] 29356  - [39m03/08/2026, 1:33:16 pm [32m    LOG[39m [38;5;3m[RouterExplorer] [39m[32mMapped {/channels, POST} route[39m[38;5;3m +1ms[39m
[32m[Nest] 29356  - [39m03/08/2026, 1:33:16 pm [32m    LOG[39m [38;5;3m[RouterExplorer] [39m[32mMapped {/channels, GET} route[39m[38;5;3m +0ms[39m
[32m[Nest] 29356  - [39m03/08/2026, 1:33:16 pm [32m    LOG[39m [38;5;3m[RouterExplorer] [39m[32mMapped {/channels/:id, GET} route[39m[38;5;3m +0ms[39m
[32m[Nest] 29356  - [39m03/08/2026, 1:33:16 pm [32m    LOG[39m [38;5;3m[RouterExplorer] [39m[32mMapped {/channels/:id, PATCH} route[39m[38;5;3m +1ms[39m
[32m[Nest] 29356  - [39m03/08/2026, 1:33:16 pm [32m    LOG[39m [38;5;3m[RouterExplorer] [39m[32mMapped {/channels/:id, DELETE} route[39m[38;5;3m +0ms[39m
[32m[Nest] 29356  - [39m03/08/2026, 1:33:16 pm [32m    LOG[39m [38;5;3m[RouterExplorer] [39m[32mMapped {/channels/:id/join, POST} route[39m[38;5;3m +0ms[39m
[32m[Nest] 29356  - [39m03/08/2026, 1:33:16 pm [32m    LOG[39m [38;5;3m[RouterExplorer] [39m[32mMapped {/channels/:id/leave, POST} route[39m[38;5;3m +0ms[39m
[32m[Nest] 29356  - [39m03/08/2026, 1:33:16 pm [32m    LOG[39m [38;5;3m[RouterExplorer] [39m[32mMapped {/channels/:id/members, GET} route[39m[38;5;3m +1ms[39m
[32m[Nest] 29356  - [39m03/08/2026, 1:33:16 pm [32m    LOG[39m [38;5;3m[RouterExplorer] [39m[32mMapped {/channels/:id/members/:memberId, POST} route[39m[38;5;3m +0ms[39m
[32m[Nest] 29356  - [39m03/08/2026, 1:33:16 pm [32m    LOG[39m [38;5;3m[RouterExplorer] [39m[32mMapped {/channels/:id/members/:memberId, DELETE} route[39m[38;5;3m +0ms[39m
[32m[Nest] 29356  - [39m03/08/2026, 1:33:16 pm [32m    LOG[39m [38;5;3m[RoutesResolver] [39m[32mNotificationsController {/notifications}:[39m[38;5;3m +1ms[39m
[32m[Nest] 29356  - [39m03/08/2026, 1:33:16 pm [32m    LOG[39m [38;5;3m[RouterExplorer] [39m[32mMapped {/notifications, GET} route[39m[38;5;3m +0ms[39m
[32m[Nest] 29356  - [39m03/08/2026, 1:33:16 pm [32m    LOG[39m [38;5;3m[RouterExplorer] [39m[32mMapped {/notifications/unread-count, GET} route[39m[38;5;3m +0ms[39m
[32m[Nest] 29356  - [39m03/08/2026, 1:33:16 pm [32m    LOG[39m [38;5;3m[RouterExplorer] [39m[32mMapped {/notifications/:id/read, PATCH} route[39m[38;5;3m +0ms[39m
[32m[Nest] 29356  - [39m03/08/2026, 1:33:16 pm [32m    LOG[39m [38;5;3m[RouterExplorer] [39m[32mMapped {/notifications/read-all, PATCH} route[39m[38;5;3m +1ms[39m
[32m[Nest] 29356  - [39m03/08/2026, 1:33:16 pm [32m    LOG[39m [38;5;3m[RouterExplorer] [39m[32mMapped {/notifications/self, POST} route[39m[38;5;3m +0ms[39m
[32m[Nest] 29356  - [39m03/08/2026, 1:33:16 pm [32m    LOG[39m [38;5;3m[StreamService] [39m[32mStream Chat server client initialized.[39m
Attention: Clerk collects telemetry data from its SDKs when connected to development instances.
The data collected is used to inform Clerk's product roadmap.
To learn more, including how to opt-out from the telemetry program, visit: https://clerk.com/docs/telemetry.

[32m[Nest] 29356  - [39m03/08/2026, 1:33:17 pm [32m    LOG[39m [38;5;3m[NestApplication] [39m[32mNest application successfully started[39m[38;5;3m +595ms[39m
🚀 Application is running on: http://localhost:3001
[32m[Nest] 29356  - [39m03/08/2026, 1:33:18 pm [32m    LOG[39m [38;5;3m[StreamService] [39m[32mStream user synced: user_3HE0SV8kvYSMEx8ggz3MMpOGMYX[39m
[32m[Nest] 29356  - [39m03/08/2026, 1:33:18 pm [32m    LOG[39m [38;5;3m[StreamService] [39m[32mStream user synced: user_3HE0SV8kvYSMEx8ggz3MMpOGMYX[39m
[32m[Nest] 29356  - [39m03/08/2026, 1:33:27 pm [32m    LOG[39m [38;5;3m[StreamService] [39m[32mStream user synced: user_3HE0SV8kvYSMEx8ggz3MMpOGMYX[39m
[32m[Nest] 29356  - [39m03/08/2026, 1:33:27 pm [32m    LOG[39m [38;5;3m[StreamService] [39m[32mStream user synced: user_3HE0SV8kvYSMEx8ggz3MMpOGMYX[39m
[32m[Nest] 29356  - [39m03/08/2026, 1:33:37 pm [32m    LOG[39m [38;5;3m[StreamService] [39m[32mStream user synced: user_3HE0SV8kvYSMEx8ggz3MMpOGMYX[39m
[32m[Nest] 29356  - [39m03/08/2026, 1:33:37 pm [32m    LOG[39m [38;5;3m[StreamService] [39m[32mStream user synced: user_3HE0SV8kvYSMEx8ggz3MMpOGMYX[39m
[32m[Nest] 29356  - [39m03/08/2026, 1:33:47 pm [32m    LOG[39m [38;5;3m[StreamService] [39m[32mStream user synced: user_3HE0SV8kvYSMEx8ggz3MMpOGMYX[39m
[32m[Nest] 29356  - [39m03/08/2026, 1:33:47 pm [32m    LOG[39m [38;5;3m[StreamService] [39m[32mStream user synced: user_3HE0SV8kvYSMEx8ggz3MMpOGMYX[39m
[32m[Nest] 29356  - [39m03/08/2026, 1:33:57 pm [32m    LOG[39m [38;5;3m[StreamService] [39m[32mStream user synced: user_3HE0SV8kvYSMEx8ggz3MMpOGMYX[39m
[32m[Nest] 29356  - [39m03/08/2026, 1:33:57 pm [32m    LOG[39m [38;5;3m[StreamService] [39m[32mStream user synced: user_3HE0SV8kvYSMEx8ggz3MMpOGMYX[39m
[32m[Nest] 29356  - [39m03/08/2026, 1:34:07 pm [32m    LOG[39m [38;5;3m[StreamService] [39m[32mStream user synced: user_3HE0SV8kvYSMEx8ggz3MMpOGMYX[39m
[32m[Nest] 29356  - [39m03/08/2026, 1:34:07 pm [32m    LOG[39m [38;5;3m[StreamService] [39m[32mStream user synced: user_3HE0SV8kvYSMEx8ggz3MMpOGMYX[39m
[32m[Nest] 29356  - [39m03/08/2026, 1:34:10 pm [32m    LOG[39m [38;5;3m[StreamService] [39m[32mStream user synced: user_3HE0SV8kvYSMEx8ggz3MMpOGMYX[39m
[32m[Nest] 29356  - [39m03/08/2026, 1:34:10 pm [32m    LOG[39m [38;5;3m[StreamService] [39m[32mStream user synced: user_3HE0SV8kvYSMEx8ggz3MMpOGMYX[39m
[32m[Nest] 29356  - [39m03/08/2026, 1:34:10 pm [32m    LOG[39m [38;5;3m[StreamService] [39m[32mStream user synced: user_3HE0SV8kvYSMEx8ggz3MMpOGMYX[39m
[32m[Nest] 29356  - [39m03/08/2026, 1:34:11 pm [32m    LOG[39m [38;5;3m[StreamService] [39m[32mStream user synced: user_3HE0SV8kvYSMEx8ggz3MMpOGMYX[39m
[32m[Nest] 29356  - [39m03/08/2026, 1:34:12 pm [32m    LOG[39m [38;5;3m[StreamService] [39m[32mStream user synced: user_3HE0SV8kvYSMEx8ggz3MMpOGMYX[39m
[32m[Nest] 29356  - [39m03/08/2026, 1:34:14 pm [32m    LOG[39m [38;5;3m[StreamService] [39m[32mStream user synced: user_3HE0SV8kvYSMEx8ggz3MMpOGMYX[39m
[32m[Nest] 29356  - [39m03/08/2026, 1:34:14 pm [32m    LOG[39m [38;5;3m[StreamService] [39m[32mStream user synced: user_3HE0SV8kvYSMEx8ggz3MMpOGMYX[39m
[32m[Nest] 29356  - [39m03/08/2026, 1:34:15 pm [32m    LOG[39m [38;5;3m[StreamService] [39m[32mStream user synced: user_3HE0SV8kvYSMEx8ggz3MMpOGMYX[39m
[32m[Nest] 29356  - [39m03/08/2026, 1:34:15 pm [32m    LOG[39m [38;5;3m[StreamService] [39m[32mStream user synced: user_3HE0SV8kvYSMEx8ggz3MMpOGMYX[39m
[32m[Nest] 29356  - [39m03/08/2026, 1:34:20 pm [32m    LOG[39m [38;5;3m[StreamService] [39m[32mStream user synced: user_3HE0SV8kvYSMEx8ggz3MMpOGMYX[39m
[32m[Nest] 29356  - [39m03/08/2026, 1:34:20 pm [32m    LOG[39m [38;5;3m[StreamService] [39m[32mStream user synced: user_3HE0SV8kvYSMEx8ggz3MMpOGMYX[39m
[32m[Nest] 29356  - [39m03/08/2026, 1:34:30 pm [32m    LOG[39m [38;5;3m[StreamService] [39m[32mStream user synced: user_3HE0SV8kvYSMEx8ggz3MMpOGMYX[39m
[32m[Nest] 29356  - [39m03/08/2026, 1:34:30 pm [32m    LOG[39m [38;5;3m[StreamService] [39m[32mStream user synced: user_3HE0SV8kvYSMEx8ggz3MMpOGMYX[39m
[32m[Nest] 29356  - [39m03/08/2026, 1:34:41 pm [32m    LOG[39m [38;5;3m[StreamService] [39m[32mStream user synced: user_3HE0SV8kvYSMEx8ggz3MMpOGMYX[39m
[32m[Nest] 29356  - [39m03/08/2026, 1:34:41 pm [32m    LOG[39m [38;5;3m[StreamService] [39m[32mStream user synced: user_3HE0SV8kvYSMEx8ggz3MMpOGMYX[39m
[32m[Nest] 29356  - [39m03/08/2026, 1:34:50 pm [32m    LOG[39m [38;5;3m[StreamService] [39m[32mStream user synced: user_3HE0SV8kvYSMEx8ggz3MMpOGMYX[39m
[32m[Nest] 29356  - [39m03/08/2026, 1:34:51 pm [32m    LOG[39m [38;5;3m[StreamService] [39m[32mStream user synced: user_3HE0SV8kvYSMEx8ggz3MMpOGMYX[39m
[32m[Nest] 29356  - [39m03/08/2026, 1:35:00 pm [32m    LOG[39m [38;5;3m[StreamService] [39m[32mStream user synced: user_3HE0SV8kvYSMEx8ggz3MMpOGMYX[39m
[32m[Nest] 29356  - [39m03/08/2026, 1:35:01 pm [32m    LOG[39m [38;5;3m[StreamService] [39m[32mStream user synced: user_3HE0SV8kvYSMEx8ggz3MMpOGMYX[39m
[32m[Nest] 29356  - [39m03/08/2026, 1:35:11 pm [32m    LOG[39m [38;5;3m[StreamService] [39m[32mStream user synced: user_3HE0SV8kvYSMEx8ggz3MMpOGMYX[39m
[32m[Nest] 29356  - [39m03/08/2026, 1:35:11 pm [32m    LOG[39m [38;5;3m[StreamService] [39m[32mStream user synced: user_3HE0SV8kvYSMEx8ggz3MMpOGMYX[39m
[32m[Nest] 29356  - [39m03/08/2026, 1:35:21 pm [32m    LOG[39m [38;5;3m[StreamService] [39m[32mStream user synced: user_3HE0SV8kvYSMEx8ggz3MMpOGMYX[39m
[32m[Nest] 29356  - [39m03/08/2026, 1:35:21 pm [32m    LOG[39m [38;5;3m[StreamService] [39m[32mStream user synced: user_3HE0SV8kvYSMEx8ggz3MMpOGMYX[39m
[32m[Nest] 29356  - [39m03/08/2026, 1:35:30 pm [32m    LOG[39m [38;5;3m[StreamService] [39m[32mStream user synced: user_3HE0SV8kvYSMEx8ggz3MMpOGMYX[39m
[32m[Nest] 29356  - [39m03/08/2026, 1:35:30 pm [32m    LOG[39m [38;5;3m[StreamService] [39m[32mStream user synced: user_3HE0SV8kvYSMEx8ggz3MMpOGMYX[39m
[32m[Nest] 29356  - [39m03/08/2026, 1:35:52 pm [32m    LOG[39m [38;5;3m[StreamService] [39m[32mStream user synced: user_3HE0SV8kvYSMEx8ggz3MMpOGMYX[39m
[32m[Nest] 29356  - [39m03/08/2026, 1:35:52 pm [32m    LOG[39m [38;5;3m[StreamService] [39m[32mStream user synced: user_3HE0SV8kvYSMEx8ggz3MMpOGMYX[39m
[32m[Nest] 29356  - [39m03/08/2026, 1:36:52 pm [32m    LOG[39m [38;5;3m[StreamService] [39m[32mStream user synced: user_3HE0SV8kvYSMEx8ggz3MMpOGMYX[39m
[32m[Nest] 29356  - [39m03/08/2026, 1:36:52 pm [32m    LOG[39m [38;5;3m[StreamService] [39m[32mStream user synced: user_3HE0SV8kvYSMEx8ggz3MMpOGMYX[39m
[32m[Nest] 29356  - [39m03/08/2026, 1:37:52 pm [32m    LOG[39m [38;5;3m[StreamService] [39m[32mStream user synced: user_3HE0SV8kvYSMEx8ggz3MMpOGMYX[39m
[32m[Nest] 29356  - [39m03/08/2026, 1:37:52 pm [32m    LOG[39m [38;5;3m[StreamService] [39m[32mStream user synced: user_3HE0SV8kvYSMEx8ggz3MMpOGMYX[39m
[32m[Nest] 29356  - [39m03/08/2026, 1:38:52 pm [32m    LOG[39m [38;5;3m[StreamService] [39m[32mStream user synced: user_3HE0SV8kvYSMEx8ggz3MMpOGMYX[39m
[32m[Nest] 29356  - [39m03/08/2026, 1:38:52 pm [32m    LOG[39m [38;5;3m[StreamService] [39m[32mStream user synced: user_3HE0SV8kvYSMEx8ggz3MMpOGMYX[39m
[32m[Nest] 29356  - [39m03/08/2026, 1:39:52 pm [32m    LOG[39m [38;5;3m[StreamService] [39m[32mStream user synced: user_3HE0SV8kvYSMEx8ggz3MMpOGMYX[39m
[32m[Nest] 29356  - [39m03/08/2026, 1:39:52 pm [32m    LOG[39m [38;5;3m[StreamService] [39m[32mStream user synced: user_3HE0SV8kvYSMEx8ggz3MMpOGMYX[39m
[32m[Nest] 29356  - [39m03/08/2026, 1:40:52 pm [32m    LOG[39m [38;5;3m[StreamService] [39m[32mStream user synced: user_3HE0SV8kvYSMEx8ggz3MMpOGMYX[39m
[32m[Nest] 29356  - [39m03/08/2026, 1:40:52 pm [32m    LOG[39m [38;5;3m[StreamService] [39m[32mStream user synced: user_3HE0SV8kvYSMEx8ggz3MMpOGMYX[39m
[32m[Nest] 29356  - [39m03/08/2026, 1:41:52 pm [32m    LOG[39m [38;5;3m[StreamService] [39m[32mStream user synced: user_3HE0SV8kvYSMEx8ggz3MMpOGMYX[39m
[32m[Nest] 29356  - [39m03/08/2026, 1:41:52 pm [32m    LOG[39m [38;5;3m[StreamService] [39m[32mStream user synced: user_3HE0SV8kvYSMEx8ggz3MMpOGMYX[39m
[32m[Nest] 29356  - [39m03/08/2026, 1:42:52 pm [32m    LOG[39m [38;5;3m[StreamService] [39m[32mStream user synced: user_3HE0SV8kvYSMEx8ggz3MMpOGMYX[39m
[32m[Nest] 29356  - [39m03/08/2026, 1:42:52 pm [32m    LOG[39m [38;5;3m[StreamService] [39m[32mStream user synced: user_3HE0SV8kvYSMEx8ggz3MMpOGMYX[39m
[32m[Nest] 29356  - [39m03/08/2026, 1:43:52 pm [32m    LOG[39m [38;5;3m[StreamService] [39m[32mStream user synced: user_3HE0SV8kvYSMEx8ggz3MMpOGMYX[39m
[32m[Nest] 29356  - [39m03/08/2026, 1:43:52 pm [32m    LOG[39m [38;5;3m[StreamService] [39m[32mStream user synced: user_3HE0SV8kvYSMEx8ggz3MMpOGMYX[39m
[32m[Nest] 29356  - [39m03/08/2026, 1:44:11 pm [32m    LOG[39m [38;5;3m[StreamService] [39m[32mStream user synced: user_3HE0SV8kvYSMEx8ggz3MMpOGMYX[39m
[32m[Nest] 29356  - [39m03/08/2026, 1:44:11 pm [32m    LOG[39m [38;5;3m[StreamService] [39m[32mStream user synced: user_3HE0SV8kvYSMEx8ggz3MMpOGMYX[39m
[32m[Nest] 29356  - [39m03/08/2026, 1:44:20 pm [32m    LOG[39m [38;5;3m[StreamService] [39m[32mStream user synced: user_3HE0SV8kvYSMEx8ggz3MMpOGMYX[39m
[32m[Nest] 29356  - [39m03/08/2026, 1:44:20 pm [32m    LOG[39m [38;5;3m[StreamService] [39m[32mStream user synced: user_3HE0SV8kvYSMEx8ggz3MMpOGMYX[39m
[32m[Nest] 29356  - [39m03/08/2026, 1:44:30 pm [32m    LOG[39m [38;5;3m[StreamService] [39m[32mStream user synced: user_3HE0SV8kvYSMEx8ggz3MMpOGMYX[39m
[32m[Nest] 29356  - [39m03/08/2026, 1:44:30 pm [32m    LOG[39m [38;5;3m[StreamService] [39m[32mStream user synced: user_3HE0SV8kvYSMEx8ggz3MMpOGMYX[39m
[32m[Nest] 29356  - [39m03/08/2026, 1:44:40 pm [32m    LOG[39m [38;5;3m[StreamService] [39m[32mStream user synced: user_3HE0SV8kvYSMEx8ggz3MMpOGMYX[39m
[32m[Nest] 29356  - [39m03/08/2026, 1:44:40 pm [32m    LOG[39m [38;5;3m[StreamService] [39m[32mStream user synced: user_3HE0SV8kvYSMEx8ggz3MMpOGMYX[39m
[32m[Nest] 29356  - [39m03/08/2026, 1:44:50 pm [32m    LOG[39m [38;5;3m[StreamService] [39m[32mStream user synced: user_3HE0SV8kvYSMEx8ggz3MMpOGMYX[39m
[32m[Nest] 29356  - [39m03/08/2026, 1:44:50 pm [32m    LOG[39m [38;5;3m[StreamService] [39m[32mStream user synced: user_3HE0SV8kvYSMEx8ggz3MMpOGMYX[39m
[32m[Nest] 29356  - [39m03/08/2026, 1:45:08 pm [32m    LOG[39m [38;5;3m[StreamService] [39m[32mStream user synced: user_3HE0SV8kvYSMEx8ggz3MMpOGMYX[39m
[32m[Nest] 29356  - [39m03/08/2026, 1:45:08 pm [32m    LOG[39m [38;5;3m[StreamService] [39m[32mStream user synced: user_3HE0SV8kvYSMEx8ggz3MMpOGMYX[39m
[2J[3J[H[[90m1:46:46 pm[0m] File change detected. Starting incremental compilation...

[96msrc/database/schema/users.schema.ts[0m:[93m20[0m:[93m48[0m - [91merror[0m[90m TS2345: [0mArgument of type '"member"' is not assignable to parameter of type '"super_admin" | "organization_owner" | "admin" | "manager" | "team_lead" | "employee" | "guest" | SQL<unknown>'.

[7m20[0m   role: userRoleEnum('role').notNull().default('member'),
[7m  [0m [91m                                               ~~~~~~~~[0m

[[90m1:46:55 pm[0m] Found 1 error. Watching for file changes.

[2J[3J[H[[90m1:46:55 pm[0m] File change detected. Starting incremental compilation...

[[90m1:46:59 pm[0m] Found 0 errors. Watching for file changes.

[2J[3J[H[[90m1:47:00 pm[0m] File change detected. Starting incremental compilation...

[[90m1:47:02 pm[0m] Found 0 errors. Watching for file changes.

[2J[3J[H[[90m1:47:02 pm[0m] File change detected. Starting incremental compilation...

[[90m1:47:04 pm[0m] Found 0 errors. Watching for file changes.

[2J[3J[H[[90m1:47:05 pm[0m] File change detected. Starting incremental compilation...

[[90m1:47:06 pm[0m] Found 0 errors. Watching for file changes.

[2J[3J[H[[90m1:47:06 pm[0m] File change detected. Starting incremental compilation...

[2J[3J[H[[90m1:47:13 pm[0m] File change detected. Starting incremental compilation...

[[90m1:47:15 pm[0m] Found 0 errors. Watching for file changes.

[2J[3J[H[[90m1:47:15 pm[0m] File change detected. Starting incremental compilation...

[[90m1:47:18 pm[0m] Found 0 errors. Watching for file changes.

[2J[3J[H[[90m1:47:28 pm[0m] File change detected. Starting incremental compilation...

[[90m1:47:33 pm[0m] Found 0 errors. Watching for file changes.

[2J[3J[H[[90m1:47:35 pm[0m] File change detected. Starting incremental compilation...

[[90m1:47:37 pm[0m] Found 0 errors. Watching for file changes.

[2J[3J[H[[90m1:47:42 pm[0m] File change detected. Starting incremental compilation...

[[90m1:47:43 pm[0m] Found 0 errors. Watching for file changes.

[2J[3J[H[[90m1:47:47 pm[0m] File change detected. Starting incremental compilation...

[[90m1:47:48 pm[0m] Found 0 errors. Watching for file changes.

[2J[3J[H[[90m1:47:51 pm[0m] File change detected. Starting incremental compilation...

[[90m1:47:52 pm[0m] Found 0 errors. Watching for file changes.

[2J[3J[H[[90m1:47:56 pm[0m] File change detected. Starting incremental compilation...

[[90m1:47:57 pm[0m] Found 0 errors. Watching for file changes.

[2J[3J[H[[90m1:48:04 pm[0m] File change detected. Starting incremental compilation...

[[90m1:48:06 pm[0m] Found 0 errors. Watching for file changes.

[2J[3J[H[[90m1:48:07 pm[0m] File change detected. Starting incremental compilation...

[[90m1:48:09 pm[0m] Found 0 errors. Watching for file changes.

[2J[3J[H[[90m1:48:10 pm[0m] File change detected. Starting incremental compilation...

[[90m1:48:12 pm[0m] Found 0 errors. Watching for file changes.

[2J[3J[H[[90m1:48:19 pm[0m] File change detected. Starting incremental compilation...

[[90m1:48:20 pm[0m] Found 0 errors. Watching for file changes.

[2J[3J[H[[90m1:48:22 pm[0m] File change detected. Starting incremental compilation...

[96msrc/users/users.controller.ts[0m:[93m56[0m:[93m7[0m - [91merror[0m[90m TS2322: [0mType '{ id: string; name: string; email: string; imageUrl: string | null; online: boolean; lastSeen: string | null; joinedAt: string; }[]' is not assignable to type 'UserDirectoryItem[]'.
  Property 'role' is missing in type '{ id: string; name: string; email: string; imageUrl: string | null; online: boolean; lastSeen: string | null; joinedAt: string; }' but required in type 'UserDirectoryItem'.

[7m56[0m       users: usersResponse,
[7m  [0m [91m      ~~~~~[0m

  [96msrc/users/dto/user-directory-response.dto.ts[0m:[93m11[0m:[93m3[0m
    [7m11[0m   role: string;
    [7m  [0m [96m  ~~~~[0m
    'role' is declared here.
  [96msrc/users/dto/user-directory-response.dto.ts[0m:[93m15[0m:[93m3[0m
    [7m15[0m   users: UserDirectoryItem[];
    [7m  [0m [96m  ~~~~~[0m
    The expected type comes from property 'users' which is declared here on type 'UserDirectoryResponse'

[[90m1:48:23 pm[0m] Found 1 error. Watching for file changes.

[2J[3J[H[[90m1:48:28 pm[0m] File change detected. Starting incremental compilation...

[96msrc/users/users.controller.ts[0m:[93m56[0m:[93m7[0m - [91merror[0m[90m TS2322: [0mType '{ id: string; name: string; email: string; imageUrl: string | null; online: boolean; lastSeen: string | null; joinedAt: string; }[]' is not assignable to type 'UserDirectoryItem[]'.
  Property 'role' is missing in type '{ id: string; name: string; email: string; imageUrl: string | null; online: boolean; lastSeen: string | null; joinedAt: string; }' but required in type 'UserDirectoryItem'.

[7m56[0m       users: usersResponse,
[7m  [0m [91m      ~~~~~[0m

  [96msrc/users/dto/user-directory-response.dto.ts[0m:[93m11[0m:[93m3[0m
    [7m11[0m   role: string;
    [7m  [0m [96m  ~~~~[0m
    'role' is declared here.
  [96msrc/users/dto/user-directory-response.dto.ts[0m:[93m15[0m:[93m3[0m
    [7m15[0m   users: UserDirectoryItem[];
    [7m  [0m [96m  ~~~~~[0m
    The expected type comes from property 'users' which is declared here on type 'UserDirectoryResponse'

[[90m1:48:29 pm[0m] Found 1 error. Watching for file changes.

[2J[3J[H[[90m1:48:29 pm[0m] File change detected. Starting incremental compilation...

[96msrc/users/users.controller.ts[0m:[93m56[0m:[93m7[0m - [91merror[0m[90m TS2322: [0mType '{ id: string; name: string; email: string; imageUrl: string | null; online: boolean; lastSeen: string | null; joinedAt: string; }[]' is not assignable to type 'UserDirectoryItem[]'.
  Property 'role' is missing in type '{ id: string; name: string; email: string; imageUrl: string | null; online: boolean; lastSeen: string | null; joinedAt: string; }' but required in type 'UserDirectoryItem'.

[7m56[0m       users: usersResponse,
[7m  [0m [91m      ~~~~~[0m

  [96msrc/users/dto/user-directory-response.dto.ts[0m:[93m11[0m:[93m3[0m
    [7m11[0m   role: string;
    [7m  [0m [96m  ~~~~[0m
    'role' is declared here.
  [96msrc/users/dto/user-directory-response.dto.ts[0m:[93m15[0m:[93m3[0m
    [7m15[0m   users: UserDirectoryItem[];
    [7m  [0m [96m  ~~~~~[0m
    The expected type comes from property 'users' which is declared here on type 'UserDirectoryResponse'

[[90m1:48:30 pm[0m] Found 1 error. Watching for file changes.

[2J[3J[H[[90m1:48:30 pm[0m] File change detected. Starting incremental compilation...

[96msrc/users/users.controller.ts[0m:[93m56[0m:[93m7[0m - [91merror[0m[90m TS2322: [0mType '{ id: string; name: string; email: string; imageUrl: string | null; online: boolean; lastSeen: string | null; joinedAt: string; }[]' is not assignable to type 'UserDirectoryItem[]'.
  Property 'role' is missing in type '{ id: string; name: string; email: string; imageUrl: string | null; online: boolean; lastSeen: string | null; joinedAt: string; }' but required in type 'UserDirectoryItem'.

[7m56[0m       users: usersResponse,
[7m  [0m [91m      ~~~~~[0m

  [96msrc/users/dto/user-directory-response.dto.ts[0m:[93m11[0m:[93m3[0m
    [7m11[0m   role: string;
    [7m  [0m [96m  ~~~~[0m
    'role' is declared here.
  [96msrc/users/dto/user-directory-response.dto.ts[0m:[93m15[0m:[93m3[0m
    [7m15[0m   users: UserDirectoryItem[];
    [7m  [0m [96m  ~~~~~[0m
    The expected type comes from property 'users' which is declared here on type 'UserDirectoryResponse'

[[90m1:48:30 pm[0m] Found 1 error. Watching for file changes.

[32m[Nest] 32944  - [39m03/08/2026, 1:48:30 pm [32m    LOG[39m [38;5;3m[NestFactory] [39m[32mStarting Nest application...[39m
[32m[Nest] 32944  - [39m03/08/2026, 1:48:31 pm [32m    LOG[39m [38;5;3m[InstanceLoader] [39m[32mAppModule dependencies initialized[39m[38;5;3m +25ms[39m
[32m[Nest] 32944  - [39m03/08/2026, 1:48:31 pm [32m    LOG[39m [38;5;3m[InstanceLoader] [39m[32mConfigModule dependencies initialized[39m[38;5;3m +0ms[39m
[32m[Nest] 32944  - [39m03/08/2026, 1:48:31 pm [32m    LOG[39m [38;5;3m[InstanceLoader] [39m[32mConfigHostModule dependencies initialized[39m[38;5;3m +0ms[39m
[32m[Nest] 32944  - [39m03/08/2026, 1:48:31 pm [32m    LOG[39m [38;5;3m[InstanceLoader] [39m[32mHealthModule dependencies initialized[39m[38;5;3m +25ms[39m
[32m[Nest] 32944  - [39m03/08/2026, 1:48:31 pm [32m    LOG[39m [38;5;3m[InstanceLoader] [39m[32mConfigModule dependencies initialized[39m[38;5;3m +1ms[39m
[32m[Nest] 32944  - [39m03/08/2026, 1:48:31 pm [32m    LOG[39m [38;5;3m[InstanceLoader] [39m[32mStreamModule dependencies initialized[39m[38;5;3m +0ms[39m
[32m[Nest] 32944  - [39m03/08/2026, 1:48:31 pm [32m    LOG[39m [38;5;3m[DrizzleProvider] [39m[32mPostgreSQL connection established successfully.[39m
[32m[Nest] 32944  - [39m03/08/2026, 1:48:31 pm [32m    LOG[39m [38;5;3m[InstanceLoader] [39m[32mDatabaseModule dependencies initialized[39m[38;5;3m +3ms[39m
[32m[Nest] 32944  - [39m03/08/2026, 1:48:31 pm [32m    LOG[39m [38;5;3m[InstanceLoader] [39m[32mUsersModule dependencies initialized[39m[38;5;3m +1ms[39m
[32m[Nest] 32944  - [39m03/08/2026, 1:48:31 pm [32m    LOG[39m [38;5;3m[InstanceLoader] [39m[32mNotificationsModule dependencies initialized[39m[38;5;3m +0ms[39m
[32m[Nest] 32944  - [39m03/08/2026, 1:48:31 pm [32m    LOG[39m [38;5;3m[InstanceLoader] [39m[32mDepartmentsModule dependencies initialized[39m[38;5;3m +1ms[39m
[32m[Nest] 32944  - [39m03/08/2026, 1:48:31 pm [32m    LOG[39m [38;5;3m[InstanceLoader] [39m[32mTasksModule dependencies initialized[39m[38;5;3m +0ms[39m
[32m[Nest] 32944  - [39m03/08/2026, 1:48:31 pm [32m    LOG[39m [38;5;3m[InstanceLoader] [39m[32mMeetingsModule dependencies initialized[39m[38;5;3m +0ms[39m
[32m[Nest] 32944  - [39m03/08/2026, 1:48:31 pm [32m    LOG[39m [38;5;3m[InstanceLoader] [39m[32mChannelsModule dependencies initialized[39m[38;5;3m +0ms[39m
[32m[Nest] 32944  - [39m03/08/2026, 1:48:31 pm [32m    LOG[39m [38;5;3m[InstanceLoader] [39m[32mClerkModule dependencies initialized[39m[38;5;3m +2ms[39m
[32m[Nest] 32944  - [39m03/08/2026, 1:48:31 pm [32m    LOG[39m [38;5;3m[RoutesResolver] [39m[32mHealthController {/health}:[39m[38;5;3m +11ms[39m
[32m[Nest] 32944  - [39m03/08/2026, 1:48:31 pm [32m    LOG[39m [38;5;3m[RouterExplorer] [39m[32mMapped {/health, GET} route[39m[38;5;3m +5ms[39m
[32m[Nest] 32944  - [39m03/08/2026, 1:48:31 pm [32m    LOG[39m [38;5;3m[RoutesResolver] [39m[32mClerkTestController {/clerk-test}:[39m[38;5;3m +0ms[39m
[32m[Nest] 32944  - [39m03/08/2026, 1:48:31 pm [32m    LOG[39m [38;5;3m[RouterExplorer] [39m[32mMapped {/clerk-test/me, GET} route[39m[38;5;3m +2ms[39m
[32m[Nest] 32944  - [39m03/08/2026, 1:48:31 pm [32m    LOG[39m [38;5;3m[RoutesResolver] [39m[32mStreamController {/stream}:[39m[38;5;3m +0ms[39m
[32m[Nest] 32944  - [39m03/08/2026, 1:48:31 pm [32m    LOG[39m [38;5;3m[RouterExplorer] [39m[32mMapped {/stream/token, GET} route[39m[38;5;3m +0ms[39m
[32m[Nest] 32944  - [39m03/08/2026, 1:48:31 pm [32m    LOG[39m [38;5;3m[RoutesResolver] [39m[32mUsersController {/users}:[39m[38;5;3m +1ms[39m
[32m[Nest] 32944  - [39m03/08/2026, 1:48:31 pm [32m    LOG[39m [38;5;3m[RouterExplorer] [39m[32mMapped {/users, GET} route[39m[38;5;3m +0ms[39m
[32m[Nest] 32944  - [39m03/08/2026, 1:48:31 pm [32m    LOG[39m [38;5;3m[RoutesResolver] [39m[32mChatController {/chat}:[39m[38;5;3m +0ms[39m
[32m[Nest] 32944  - [39m03/08/2026, 1:48:31 pm [32m    LOG[39m [38;5;3m[RouterExplorer] [39m[32mMapped {/chat/token, GET} route[39m[38;5;3m +1ms[39m
[32m[Nest] 32944  - [39m03/08/2026, 1:48:31 pm [32m    LOG[39m [38;5;3m[RouterExplorer] [39m[32mMapped {/chat/direct, POST} route[39m[38;5;3m +0ms[39m
[32m[Nest] 32944  - [39m03/08/2026, 1:48:31 pm [32m    LOG[39m [38;5;3m[RouterExplorer] [39m[32mMapped {/chat/group, POST} route[39m[38;5;3m +1ms[39m
[32m[Nest] 32944  - [39m03/08/2026, 1:48:31 pm [32m    LOG[39m [38;5;3m[RouterExplorer] [39m[32mMapped {/chat/groups/:channelId, GET} route[39m[38;5;3m +1ms[39m
[32m[Nest] 32944  - [39m03/08/2026, 1:48:31 pm [32m    LOG[39m [38;5;3m[RouterExplorer] [39m[32mMapped {/chat/groups/:channelId, PATCH} route[39m[38;5;3m +0ms[39m
[32m[Nest] 32944  - [39m03/08/2026, 1:48:31 pm [32m    LOG[39m [38;5;3m[RouterExplorer] [39m[32mMapped {/chat/groups/:channelId/members/:memberId, POST} route[39m[38;5;3m +1ms[39m
[32m[Nest] 32944  - [39m03/08/2026, 1:48:31 pm [32m    LOG[39m [38;5;3m[RouterExplorer] [39m[32mMapped {/chat/groups/:channelId/members/:memberId, DELETE} route[39m[38;5;3m +0ms[39m
[32m[Nest] 32944  - [39m03/08/2026, 1:48:31 pm [32m    LOG[39m [38;5;3m[RouterExplorer] [39m[32mMapped {/chat/groups/:channelId/leave, POST} route[39m[38;5;3m +1ms[39m
[32m[Nest] 32944  - [39m03/08/2026, 1:48:31 pm [32m    LOG[39m [38;5;3m[RouterExplorer] [39m[32mMapped {/chat/groups/:channelId/moderators/:memberId, POST} route[39m[38;5;3m +0ms[39m
[32m[Nest] 32944  - [39m03/08/2026, 1:48:31 pm [32m    LOG[39m [38;5;3m[RouterExplorer] [39m[32mMapped {/chat/groups/:channelId/moderators/:memberId, DELETE} route[39m[38;5;3m +0ms[39m
[32m[Nest] 32944  - [39m03/08/2026, 1:48:31 pm [32m    LOG[39m [38;5;3m[RoutesResolver] [39m[32mTasksController {/tasks}:[39m[38;5;3m +0ms[39m
[32m[Nest] 32944  - [39m03/08/2026, 1:48:31 pm [32m    LOG[39m [38;5;3m[RouterExplorer] [39m[32mMapped {/tasks, POST} route[39m[38;5;3m +1ms[39m
[32m[Nest] 32944  - [39m03/08/2026, 1:48:31 pm [32m    LOG[39m [38;5;3m[RouterExplorer] [39m[32mMapped {/tasks, GET} route[39m[38;5;3m +0ms[39m
[32m[Nest] 32944  - [39m03/08/2026, 1:48:31 pm [32m    LOG[39m [38;5;3m[RouterExplorer] [39m[32mMapped {/tasks/:id, GET} route[39m[38;5;3m +0ms[39m
[32m[Nest] 32944  - [39m03/08/2026, 1:48:31 pm [32m    LOG[39m [38;5;3m[RouterExplorer] [39m[32mMapped {/tasks/:id, PATCH} route[39m[38;5;3m +0ms[39m
[32m[Nest] 32944  - [39m03/08/2026, 1:48:31 pm [32m    LOG[39m [38;5;3m[RouterExplorer] [39m[32mMapped {/tasks/:id/status, PATCH} route[39m[38;5;3m +1ms[39m
[32m[Nest] 32944  - [39m03/08/2026, 1:48:31 pm [32m    LOG[39m [38;5;3m[RouterExplorer] [39m[32mMapped {/tasks/:id, DELETE} route[39m[38;5;3m +0ms[39m
[32m[Nest] 32944  - [39m03/08/2026, 1:48:31 pm [32m    LOG[39m [38;5;3m[RoutesResolver] [39m[32mMeetingsController {/meetings}:[39m[38;5;3m +0ms[39m
[32m[Nest] 32944  - [39m03/08/2026, 1:48:31 pm [32m    LOG[39m [38;5;3m[RouterExplorer] [39m[32mMapped {/meetings, POST} route[39m[38;5;3m +0ms[39m
[32m[Nest] 32944  - [39m03/08/2026, 1:48:31 pm [32m    LOG[39m [38;5;3m[RouterExplorer] [39m[32mMapped {/meetings, GET} route[39m[38;5;3m +0ms[39m
[32m[Nest] 32944  - [39m03/08/2026, 1:48:31 pm [32m    LOG[39m [38;5;3m[RouterExplorer] [39m[32mMapped {/meetings/:id, GET} route[39m[38;5;3m +1ms[39m
[32m[Nest] 32944  - [39m03/08/2026, 1:48:31 pm [32m    LOG[39m [38;5;3m[RouterExplorer] [39m[32mMapped {/meetings/:id, PATCH} route[39m[38;5;3m +0ms[39m
[32m[Nest] 32944  - [39m03/08/2026, 1:48:31 pm [32m    LOG[39m [38;5;3m[RouterExplorer] [39m[32mMapped {/meetings/:id, DELETE} route[39m[38;5;3m +0ms[39m
[32m[Nest] 32944  - [39m03/08/2026, 1:48:31 pm [32m    LOG[39m [38;5;3m[RouterExplorer] [39m[32mMapped {/meetings/:id/join, POST} route[39m[38;5;3m +0ms[39m
[32m[Nest] 32944  - [39m03/08/2026, 1:48:31 pm [32m    LOG[39m [38;5;3m[RouterExplorer] [39m[32mMapped {/meetings/:id/leave, POST} route[39m[38;5;3m +1ms[39m
[32m[Nest] 32944  - [39m03/08/2026, 1:48:31 pm [32m    LOG[39m [38;5;3m[RoutesResolver] [39m[32mDepartmentsController {/departments}:[39m[38;5;3m +0ms[39m
[32m[Nest] 32944  - [39m03/08/2026, 1:48:31 pm [32m    LOG[39m [38;5;3m[RouterExplorer] [39m[32mMapped {/departments, POST} route[39m[38;5;3m +0ms[39m
[32m[Nest] 32944  - [39m03/08/2026, 1:48:31 pm [32m    LOG[39m [38;5;3m[RouterExplorer] [39m[32mMapped {/departments/mine, GET} route[39m[38;5;3m +0ms[39m
[32m[Nest] 32944  - [39m03/08/2026, 1:48:31 pm [32m    LOG[39m [38;5;3m[RouterExplorer] [39m[32mMapped {/departments/:id, GET} route[39m[38;5;3m +1ms[39m
[32m[Nest] 32944  - [39m03/08/2026, 1:48:31 pm [32m    LOG[39m [38;5;3m[RouterExplorer] [39m[32mMapped {/departments/:id, PATCH} route[39m[38;5;3m +0ms[39m
[32m[Nest] 32944  - [39m03/08/2026, 1:48:31 pm [32m    LOG[39m [38;5;3m[RouterExplorer] [39m[32mMapped {/departments/:id, DELETE} route[39m[38;5;3m +0ms[39m
[32m[Nest] 32944  - [39m03/08/2026, 1:48:31 pm [32m    LOG[39m [38;5;3m[RouterExplorer] [39m[32mMapped {/departments/:id/members/:memberId, POST} route[39m[38;5;3m +0ms[39m
[32m[Nest] 32944  - [39m03/08/2026, 1:48:31 pm [32m    LOG[39m [38;5;3m[RouterExplorer] [39m[32mMapped {/departments/:id/members/:memberId, DELETE} route[39m[38;5;3m +1ms[39m
[32m[Nest] 32944  - [39m03/08/2026, 1:48:31 pm [32m    LOG[39m [38;5;3m[RoutesResolver] [39m[32mChannelsController {/channels}:[39m[38;5;3m +0ms[39m
[32m[Nest] 32944  - [39m03/08/2026, 1:48:31 pm [32m    LOG[39m [38;5;3m[RouterExplorer] [39m[32mMapped {/channels, POST} route[39m[38;5;3m +0ms[39m
[32m[Nest] 32944  - [39m03/08/2026, 1:48:31 pm [32m    LOG[39m [38;5;3m[RouterExplorer] [39m[32mMapped {/channels, GET} route[39m[38;5;3m +0ms[39m
[32m[Nest] 32944  - [39m03/08/2026, 1:48:31 pm [32m    LOG[39m [38;5;3m[RouterExplorer] [39m[32mMapped {/channels/:id, GET} route[39m[38;5;3m +1ms[39m
[32m[Nest] 32944  - [39m03/08/2026, 1:48:31 pm [32m    LOG[39m [38;5;3m[RouterExplorer] [39m[32mMapped {/channels/:id, PATCH} route[39m[38;5;3m +0ms[39m
[32m[Nest] 32944  - [39m03/08/2026, 1:48:31 pm [32m    LOG[39m [38;5;3m[RouterExplorer] [39m[32mMapped {/channels/:id, DELETE} route[39m[38;5;3m +0ms[39m
[32m[Nest] 32944  - [39m03/08/2026, 1:48:31 pm [32m    LOG[39m [38;5;3m[RouterExplorer] [39m[32mMapped {/channels/:id/join, POST} route[39m[38;5;3m +0ms[39m
[32m[Nest] 32944  - [39m03/08/2026, 1:48:31 pm [32m    LOG[39m [38;5;3m[RouterExplorer] [39m[32mMapped {/channels/:id/leave, POST} route[39m[38;5;3m +1ms[39m
[32m[Nest] 32944  - [39m03/08/2026, 1:48:31 pm [32m    LOG[39m [38;5;3m[RouterExplorer] [39m[32mMapped {/channels/:id/members, GET} route[39m[38;5;3m +0ms[39m
[32m[Nest] 32944  - [39m03/08/2026, 1:48:31 pm [32m    LOG[39m [38;5;3m[RouterExplorer] [39m[32mMapped {/channels/:id/members/:memberId, POST} route[39m[38;5;3m +0ms[39m
[32m[Nest] 32944  - [39m03/08/2026, 1:48:31 pm [32m    LOG[39m [38;5;3m[RouterExplorer] [39m[32mMapped {/channels/:id/members/:memberId, DELETE} route[39m[38;5;3m +0ms[39m
[32m[Nest] 32944  - [39m03/08/2026, 1:48:31 pm [32m    LOG[39m [38;5;3m[RoutesResolver] [39m[32mNotificationsController {/notifications}:[39m[38;5;3m +0ms[39m
[32m[Nest] 32944  - [39m03/08/2026, 1:48:31 pm [32m    LOG[39m [38;5;3m[RouterExplorer] [39m[32mMapped {/notifications, GET} route[39m[38;5;3m +1ms[39m
[32m[Nest] 32944  - [39m03/08/2026, 1:48:31 pm [32m    LOG[39m [38;5;3m[RouterExplorer] [39m[32mMapped {/notifications/unread-count, GET} route[39m[38;5;3m +0ms[39m
[32m[Nest] 32944  - [39m03/08/2026, 1:48:31 pm [32m    LOG[39m [38;5;3m[RouterExplorer] [39m[32mMapped {/notifications/:id/read, PATCH} route[39m[38;5;3m +0ms[39m
[32m[Nest] 32944  - [39m03/08/2026, 1:48:31 pm [32m    LOG[39m [38;5;3m[RouterExplorer] [39m[32mMapped {/notifications/read-all, PATCH} route[39m[38;5;3m +1ms[39m
[32m[Nest] 32944  - [39m03/08/2026, 1:48:31 pm [32m    LOG[39m [38;5;3m[RouterExplorer] [39m[32mMapped {/notifications/self, POST} route[39m[38;5;3m +0ms[39m
[32m[Nest] 32944  - [39m03/08/2026, 1:48:31 pm [32m    LOG[39m [38;5;3m[StreamService] [39m[32mStream Chat server client initialized.[39m
[2J[3J[H[[90m1:48:31 pm[0m] File change detected. Starting incremental compilation...

Attention: Clerk collects telemetry data from its SDKs when connected to development instances.
The data collected is used to inform Clerk's product roadmap.
To learn more, including how to opt-out from the telemetry program, visit: https://clerk.com/docs/telemetry.

[32m[Nest] 32944  - [39m03/08/2026, 1:48:31 pm [32m    LOG[39m [38;5;3m[NestApplication] [39m[32mNest application successfully started[39m[38;5;3m +644ms[39m
🚀 Application is running on: http://localhost:3001
[[90m1:48:33 pm[0m] Found 0 errors. Watching for file changes.

[2J[3J[H[[90m1:48:35 pm[0m] File change detected. Starting incremental compilation...

[[90m1:48:36 pm[0m] Found 0 errors. Watching for file changes.

[2J[3J[H[[90m1:48:38 pm[0m] File change detected. Starting incremental compilation...

[[90m1:48:40 pm[0m] Found 0 errors. Watching for file changes.

[2J[3J[H[[90m1:48:44 pm[0m] File change detected. Starting incremental compilation...

[[90m1:48:45 pm[0m] Found 0 errors. Watching for file changes.

[2J[3J[H[[90m1:48:48 pm[0m] File change detected. Starting incremental compilation...

[96msrc/channels/channels.service.ts[0m:[93m45[0m:[93m49[0m - [91merror[0m[90m TS2339: [0mProperty 'requireAdminOrManager' does not exist on type 'ChannelsService'.

[7m45[0m     if (dto.kind === 'announcement') await this.requireAdminOrManager(userId);
[7m  [0m [91m                                                ~~~~~~~~~~~~~~~~~~~~~[0m

[96msrc/channels/channels.service.ts[0m:[93m46[0m:[93m47[0m - [91merror[0m[90m TS2339: [0mProperty 'requireAdminOrManager' does not exist on type 'ChannelsService'.

[7m46[0m     if (dto.kind === 'department') await this.requireAdminOrManager(userId);
[7m  [0m [91m                                              ~~~~~~~~~~~~~~~~~~~~~[0m

[[90m1:48:48 pm[0m] Found 2 errors. Watching for file changes.

[2J[3J[H[[90m1:48:52 pm[0m] File change detected. Starting incremental compilation...

[[90m1:48:53 pm[0m] Found 0 errors. Watching for file changes.

[2J[3J[H[[90m1:48:57 pm[0m] File change detected. Starting incremental compilation...

[[90m1:48:58 pm[0m] Found 0 errors. Watching for file changes.

[2J[3J[H[[90m1:49:02 pm[0m] File change detected. Starting incremental compilation...

[[90m1:49:04 pm[0m] Found 0 errors. Watching for file changes.

[2J[3J[H[[90m1:49:06 pm[0m] File change detected. Starting incremental compilation...

[96msrc/departments/departments.service.ts[0m:[93m25[0m:[93m16[0m - [91merror[0m[90m TS2339: [0mProperty 'requireAdmin' does not exist on type 'DepartmentsService'.

[7m25[0m     await this.requireAdmin(userId);
[7m  [0m [91m               ~~~~~~~~~~~~[0m

[96msrc/departments/departments.service.ts[0m:[93m47[0m:[93m16[0m - [91merror[0m[90m TS2339: [0mProperty 'requireAdmin' does not exist on type 'DepartmentsService'.

[7m47[0m     await this.requireAdmin(userId);
[7m  [0m [91m               ~~~~~~~~~~~~[0m

[96msrc/departments/departments.service.ts[0m:[93m53[0m:[93m16[0m - [91merror[0m[90m TS2339: [0mProperty 'requireAdmin' does not exist on type 'DepartmentsService'.

[7m53[0m     await this.requireAdmin(userId);
[7m  [0m [91m               ~~~~~~~~~~~~[0m

[96msrc/departments/departments.service.ts[0m:[93m58[0m:[93m16[0m - [91merror[0m[90m TS2339: [0mProperty 'requireAdmin' does not exist on type 'DepartmentsService'.

[7m58[0m     await this.requireAdmin(userId);
[7m  [0m [91m               ~~~~~~~~~~~~[0m

[96msrc/departments/departments.service.ts[0m:[93m66[0m:[93m16[0m - [91merror[0m[90m TS2339: [0mProperty 'requireAdmin' does not exist on type 'DepartmentsService'.

[7m66[0m     await this.requireAdmin(userId);
[7m  [0m [91m               ~~~~~~~~~~~~[0m

[[90m1:49:07 pm[0m] Found 5 errors. Watching for file changes.

[2J[3J[H[[90m1:49:11 pm[0m] File change detected. Starting incremental compilation...

[96msrc/departments/departments.service.ts[0m:[93m36[0m:[93m14[0m - [91merror[0m[90m TS1127: [0mInvalid character.

[7m36[0m     if (user \&\& hasMinRole(user.role, 'admin')) return all;
[7m  [0m [91m             [0m

[96msrc/departments/departments.service.ts[0m:[93m36[0m:[93m15[0m - [91merror[0m[90m TS1109: [0mExpression expected.

[7m36[0m     if (user \&\& hasMinRole(user.role, 'admin')) return all;
[7m  [0m [91m              ~[0m

[96msrc/departments/departments.service.ts[0m:[93m36[0m:[93m16[0m - [91merror[0m[90m TS1127: [0mInvalid character.

[7m36[0m     if (user \&\& hasMinRole(user.role, 'admin')) return all;
[7m  [0m [91m               [0m

[96msrc/departments/departments.service.ts[0m:[93m36[0m:[93m17[0m - [91merror[0m[90m TS1109: [0mExpression expected.

[7m36[0m     if (user \&\& hasMinRole(user.role, 'admin')) return all;
[7m  [0m [91m                ~[0m

[96msrc/departments/departments.service.ts[0m:[93m36[0m:[93m49[0m - [91merror[0m[90m TS1005: [0m';' expected.

[7m36[0m     if (user \&\& hasMinRole(user.role, 'admin')) return all;
[7m  [0m [91m                                                ~[0m

[[90m1:49:12 pm[0m] Found 5 errors. Watching for file changes.

C:\Users\Chirag Gupta\Desktop\enterprise-productivity\enterprise-productivity-backend\dist\src\departments\departments.service.js:47
         & ;
         ^

SyntaxError: Unexpected token '&'
    at wrapSafe (node:internal/modules/cjs/loader:1804:18)
    at Module._compile (node:internal/modules/cjs/loader:1845:20)
    at Object..js (node:internal/modules/cjs/loader:2002:10)
    at Module.load (node:internal/modules/cjs/loader:1594:32)
    at Module._load (node:internal/modules/cjs/loader:1396:12)
    at wrapModuleLoad (node:internal/modules/cjs/loader:255:19)
    at Module.require (node:internal/modules/cjs/loader:1617:12)
    at require (node:internal/modules/helpers:153:16)
    at Object.<anonymous> (C:\Users\Chirag Gupta\Desktop\enterprise-productivity\enterprise-productivity-backend\src\departments\departments.controller.ts:5:1)
    at Module._compile (node:internal/modules/cjs/loader:1871:14)

Node.js v24.18.0
[2J[3J[H[[90m1:49:21 pm[0m] File change detected. Starting incremental compilation...

[[90m1:49:21 pm[0m] Found 0 errors. Watching for file changes.

[2J[3J[H[[90m1:49:29 pm[0m] File change detected. Starting incremental compilation...

[[90m1:49:30 pm[0m] Found 0 errors. Watching for file changes.

[2J[3J[H[[90m1:49:34 pm[0m] File change detected. Starting incremental compilation...

[[90m1:49:35 pm[0m] Found 0 errors. Watching for file changes.

[2J[3J[H[[90m1:49:41 pm[0m] File change detected. Starting incremental compilation...

[[90m1:49:43 pm[0m] Found 0 errors. Watching for file changes.

[2J[3J[H[[90m1:49:46 pm[0m] File change detected. Starting incremental compilation...

[[90m1:49:47 pm[0m] Found 0 errors. Watching for file changes.

[2J[3J[H[[90m1:49:52 pm[0m] File change detected. Starting incremental compilation...

[[90m1:49:53 pm[0m] Found 0 errors. Watching for file changes.

[2J[3J[H[[90m1:49:56 pm[0m] File change detected. Starting incremental compilation...

[[90m1:49:57 pm[0m] Found 0 errors. Watching for file changes.

[32m[Nest] 35796  - [39m03/08/2026, 1:50:07 pm [32m    LOG[39m [38;5;3m[NestFactory] [39m[32mStarting Nest application...[39m
[32m[Nest] 35796  - [39m03/08/2026, 1:50:07 pm [32m    LOG[39m [38;5;3m[InstanceLoader] [39m[32mAppModule dependencies initialized[39m[38;5;3m +38ms[39m
[32m[Nest] 35796  - [39m03/08/2026, 1:50:07 pm [32m    LOG[39m [38;5;3m[InstanceLoader] [39m[32mConfigModule dependencies initialized[39m[38;5;3m +1ms[39m
[32m[Nest] 35796  - [39m03/08/2026, 1:50:07 pm [32m    LOG[39m [38;5;3m[InstanceLoader] [39m[32mConfigHostModule dependencies initialized[39m[38;5;3m +1ms[39m
[32m[Nest] 35796  - [39m03/08/2026, 1:50:07 pm [32m    LOG[39m [38;5;3m[InstanceLoader] [39m[32mHealthModule dependencies initialized[39m[38;5;3m +24ms[39m
[32m[Nest] 35796  - [39m03/08/2026, 1:50:07 pm [32m    LOG[39m [38;5;3m[InstanceLoader] [39m[32mConfigModule dependencies initialized[39m[38;5;3m +0ms[39m
[32m[Nest] 35796  - [39m03/08/2026, 1:50:07 pm [32m    LOG[39m [38;5;3m[InstanceLoader] [39m[32mStreamModule dependencies initialized[39m[38;5;3m +0ms[39m
[32m[Nest] 35796  - [39m03/08/2026, 1:50:08 pm [32m    LOG[39m [38;5;3m[DrizzleProvider] [39m[32mPostgreSQL connection established successfully.[39m
[32m[Nest] 35796  - [39m03/08/2026, 1:50:08 pm [32m    LOG[39m [38;5;3m[InstanceLoader] [39m[32mDatabaseModule dependencies initialized[39m[38;5;3m +3ms[39m
[32m[Nest] 35796  - [39m03/08/2026, 1:50:08 pm [32m    LOG[39m [38;5;3m[InstanceLoader] [39m[32mUsersModule dependencies initialized[39m[38;5;3m +0ms[39m
[32m[Nest] 35796  - [39m03/08/2026, 1:50:08 pm [32m    LOG[39m [38;5;3m[InstanceLoader] [39m[32mNotificationsModule dependencies initialized[39m[38;5;3m +1ms[39m
[32m[Nest] 35796  - [39m03/08/2026, 1:50:08 pm [32m    LOG[39m [38;5;3m[InstanceLoader] [39m[32mDepartmentsModule dependencies initialized[39m[38;5;3m +0ms[39m
[32m[Nest] 35796  - [39m03/08/2026, 1:50:08 pm [32m    LOG[39m [38;5;3m[InstanceLoader] [39m[32mTasksModule dependencies initialized[39m[38;5;3m +1ms[39m
[32m[Nest] 35796  - [39m03/08/2026, 1:50:08 pm [32m    LOG[39m [38;5;3m[InstanceLoader] [39m[32mMeetingsModule dependencies initialized[39m[38;5;3m +0ms[39m
[32m[Nest] 35796  - [39m03/08/2026, 1:50:08 pm [32m    LOG[39m [38;5;3m[InstanceLoader] [39m[32mChannelsModule dependencies initialized[39m[38;5;3m +0ms[39m
[32m[Nest] 35796  - [39m03/08/2026, 1:50:08 pm [32m    LOG[39m [38;5;3m[InstanceLoader] [39m[32mClerkModule dependencies initialized[39m[38;5;3m +2ms[39m
[32m[Nest] 35796  - [39m03/08/2026, 1:50:08 pm [32m    LOG[39m [38;5;3m[RoutesResolver] [39m[32mHealthController {/health}:[39m[38;5;3m +10ms[39m
[32m[Nest] 35796  - [39m03/08/2026, 1:50:08 pm [32m    LOG[39m [38;5;3m[RouterExplorer] [39m[32mMapped {/health, GET} route[39m[38;5;3m +5ms[39m
[32m[Nest] 35796  - [39m03/08/2026, 1:50:08 pm [32m    LOG[39m [38;5;3m[RoutesResolver] [39m[32mClerkTestController {/clerk-test}:[39m[38;5;3m +1ms[39m
[32m[Nest] 35796  - [39m03/08/2026, 1:50:08 pm [32m    LOG[39m [38;5;3m[RouterExplorer] [39m[32mMapped {/clerk-test/me, GET} route[39m[38;5;3m +1ms[39m
[32m[Nest] 35796  - [39m03/08/2026, 1:50:08 pm [32m    LOG[39m [38;5;3m[RoutesResolver] [39m[32mStreamController {/stream}:[39m[38;5;3m +1ms[39m
[32m[Nest] 35796  - [39m03/08/2026, 1:50:08 pm [32m    LOG[39m [38;5;3m[RouterExplorer] [39m[32mMapped {/stream/token, GET} route[39m[38;5;3m +0ms[39m
[32m[Nest] 35796  - [39m03/08/2026, 1:50:08 pm [32m    LOG[39m [38;5;3m[RoutesResolver] [39m[32mUsersController {/users}:[39m[38;5;3m +1ms[39m
[32m[Nest] 35796  - [39m03/08/2026, 1:50:08 pm [32m    LOG[39m [38;5;3m[RouterExplorer] [39m[32mMapped {/users/me, GET} route[39m[38;5;3m +0ms[39m
[32m[Nest] 35796  - [39m03/08/2026, 1:50:08 pm [32m    LOG[39m [38;5;3m[RouterExplorer] [39m[32mMapped {/users, GET} route[39m[38;5;3m +1ms[39m
[32m[Nest] 35796  - [39m03/08/2026, 1:50:08 pm [32m    LOG[39m [38;5;3m[RouterExplorer] [39m[32mMapped {/users/:clerkId/role, PATCH} route[39m[38;5;3m +1ms[39m
[32m[Nest] 35796  - [39m03/08/2026, 1:50:08 pm [32m    LOG[39m [38;5;3m[RoutesResolver] [39m[32mChatController {/chat}:[39m[38;5;3m +1ms[39m
[32m[Nest] 35796  - [39m03/08/2026, 1:50:08 pm [32m    LOG[39m [38;5;3m[RouterExplorer] [39m[32mMapped {/chat/token, GET} route[39m[38;5;3m +0ms[39m
[32m[Nest] 35796  - [39m03/08/2026, 1:50:08 pm [32m    LOG[39m [38;5;3m[RouterExplorer] [39m[32mMapped {/chat/direct, POST} route[39m[38;5;3m +0ms[39m
[32m[Nest] 35796  - [39m03/08/2026, 1:50:08 pm [32m    LOG[39m [38;5;3m[RouterExplorer] [39m[32mMapped {/chat/group, POST} route[39m[38;5;3m +1ms[39m
[32m[Nest] 35796  - [39m03/08/2026, 1:50:08 pm [32m    LOG[39m [38;5;3m[RouterExplorer] [39m[32mMapped {/chat/groups/:channelId, GET} route[39m[38;5;3m +0ms[39m
[32m[Nest] 35796  - [39m03/08/2026, 1:50:08 pm [32m    LOG[39m [38;5;3m[RouterExplorer] [39m[32mMapped {/chat/groups/:channelId, PATCH} route[39m[38;5;3m +1ms[39m
[32m[Nest] 35796  - [39m03/08/2026, 1:50:08 pm [32m    LOG[39m [38;5;3m[RouterExplorer] [39m[32mMapped {/chat/groups/:channelId/members/:memberId, POST} route[39m[38;5;3m +1ms[39m
[32m[Nest] 35796  - [39m03/08/2026, 1:50:08 pm [32m    LOG[39m [38;5;3m[RouterExplorer] [39m[32mMapped {/chat/groups/:channelId/members/:memberId, DELETE} route[39m[38;5;3m +0ms[39m
[32m[Nest] 35796  - [39m03/08/2026, 1:50:08 pm [32m    LOG[39m [38;5;3m[RouterExplorer] [39m[32mMapped {/chat/groups/:channelId/leave, POST} route[39m[38;5;3m +0ms[39m
[32m[Nest] 35796  - [39m03/08/2026, 1:50:08 pm [32m    LOG[39m [38;5;3m[RouterExplorer] [39m[32mMapped {/chat/groups/:channelId/moderators/:memberId, POST} route[39m[38;5;3m +1ms[39m
[32m[Nest] 35796  - [39m03/08/2026, 1:50:08 pm [32m    LOG[39m [38;5;3m[RouterExplorer] [39m[32mMapped {/chat/groups/:channelId/moderators/:memberId, DELETE} route[39m[38;5;3m +0ms[39m
[32m[Nest] 35796  - [39m03/08/2026, 1:50:08 pm [32m    LOG[39m [38;5;3m[RoutesResolver] [39m[32mTasksController {/tasks}:[39m[38;5;3m +0ms[39m
[32m[Nest] 35796  - [39m03/08/2026, 1:50:08 pm [32m    LOG[39m [38;5;3m[RouterExplorer] [39m[32mMapped {/tasks, POST} route[39m[38;5;3m +1ms[39m
[32m[Nest] 35796  - [39m03/08/2026, 1:50:08 pm [32m    LOG[39m [38;5;3m[RouterExplorer] [39m[32mMapped {/tasks, GET} route[39m[38;5;3m +0ms[39m
[32m[Nest] 35796  - [39m03/08/2026, 1:50:08 pm [32m    LOG[39m [38;5;3m[RouterExplorer] [39m[32mMapped {/tasks/:id, GET} route[39m[38;5;3m +0ms[39m
[32m[Nest] 35796  - [39m03/08/2026, 1:50:08 pm [32m    LOG[39m [38;5;3m[RouterExplorer] [39m[32mMapped {/tasks/:id, PATCH} route[39m[38;5;3m +0ms[39m
[32m[Nest] 35796  - [39m03/08/2026, 1:50:08 pm [32m    LOG[39m [38;5;3m[RouterExplorer] [39m[32mMapped {/tasks/:id/status, PATCH} route[39m[38;5;3m +1ms[39m
[32m[Nest] 35796  - [39m03/08/2026, 1:50:08 pm [32m    LOG[39m [38;5;3m[RouterExplorer] [39m[32mMapped {/tasks/:id, DELETE} route[39m[38;5;3m +0ms[39m
[32m[Nest] 35796  - [39m03/08/2026, 1:50:08 pm [32m    LOG[39m [38;5;3m[RoutesResolver] [39m[32mMeetingsController {/meetings}:[39m[38;5;3m +0ms[39m
[32m[Nest] 35796  - [39m03/08/2026, 1:50:08 pm [32m    LOG[39m [38;5;3m[RouterExplorer] [39m[32mMapped {/meetings, POST} route[39m[38;5;3m +0ms[39m
[32m[Nest] 35796  - [39m03/08/2026, 1:50:08 pm [32m    LOG[39m [38;5;3m[RouterExplorer] [39m[32mMapped {/meetings, GET} route[39m[38;5;3m +1ms[39m
[32m[Nest] 35796  - [39m03/08/2026, 1:50:08 pm [32m    LOG[39m [38;5;3m[RouterExplorer] [39m[32mMapped {/meetings/:id, GET} route[39m[38;5;3m +0ms[39m
[32m[Nest] 35796  - [39m03/08/2026, 1:50:08 pm [32m    LOG[39m [38;5;3m[RouterExplorer] [39m[32mMapped {/meetings/:id, PATCH} route[39m[38;5;3m +0ms[39m
[32m[Nest] 35796  - [39m03/08/2026, 1:50:08 pm [32m    LOG[39m [38;5;3m[RouterExplorer] [39m[32mMapped {/meetings/:id, DELETE} route[39m[38;5;3m +1ms[39m
[32m[Nest] 35796  - [39m03/08/2026, 1:50:08 pm [32m    LOG[39m [38;5;3m[RouterExplorer] [39m[32mMapped {/meetings/:id/join, POST} route[39m[38;5;3m +0ms[39m
[32m[Nest] 35796  - [39m03/08/2026, 1:50:08 pm [32m    LOG[39m [38;5;3m[RouterExplorer] [39m[32mMapped {/meetings/:id/leave, POST} route[39m[38;5;3m +0ms[39m
[32m[Nest] 35796  - [39m03/08/2026, 1:50:08 pm [32m    LOG[39m [38;5;3m[RoutesResolver] [39m[32mDepartmentsController {/departments}:[39m[38;5;3m +0ms[39m
[32m[Nest] 35796  - [39m03/08/2026, 1:50:08 pm [32m    LOG[39m [38;5;3m[RouterExplorer] [39m[32mMapped {/departments, POST} route[39m[38;5;3m +1ms[39m
[32m[Nest] 35796  - [39m03/08/2026, 1:50:08 pm [32m    LOG[39m [38;5;3m[RouterExplorer] [39m[32mMapped {/departments/mine, GET} route[39m[38;5;3m +0ms[39m
[32m[Nest] 35796  - [39m03/08/2026, 1:50:08 pm [32m    LOG[39m [38;5;3m[RouterExplorer] [39m[32mMapped {/departments/:id, GET} route[39m[38;5;3m +0ms[39m
[32m[Nest] 35796  - [39m03/08/2026, 1:50:08 pm [32m    LOG[39m [38;5;3m[RouterExplorer] [39m[32mMapped {/departments/:id, PATCH} route[39m[38;5;3m +1ms[39m
[32m[Nest] 35796  - [39m03/08/2026, 1:50:08 pm [32m    LOG[39m [38;5;3m[RouterExplorer] [39m[32mMapped {/departments/:id, DELETE} route[39m[38;5;3m +0ms[39m
[32m[Nest] 35796  - [39m03/08/2026, 1:50:08 pm [32m    LOG[39m [38;5;3m[RouterExplorer] [39m[32mMapped {/departments/:id/members/:memberId, POST} route[39m[38;5;3m +0ms[39m
[32m[Nest] 35796  - [39m03/08/2026, 1:50:08 pm [32m    LOG[39m [38;5;3m[RouterExplorer] [39m[32mMapped {/departments/:id/members/:memberId, DELETE} route[39m[38;5;3m +0ms[39m
[32m[Nest] 35796  - [39m03/08/2026, 1:50:08 pm [32m    LOG[39m [38;5;3m[RoutesResolver] [39m[32mChannelsController {/channels}:[39m[38;5;3m +1ms[39m
[32m[Nest] 35796  - [39m03/08/2026, 1:50:08 pm [32m    LOG[39m [38;5;3m[RouterExplorer] [39m[32mMapped {/channels, POST} route[39m[38;5;3m +0ms[39m
[32m[Nest] 35796  - [39m03/08/2026, 1:50:08 pm [32m    LOG[39m [38;5;3m[RouterExplorer] [39m[32mMapped {/channels, GET} route[39m[38;5;3m +0ms[39m
[32m[Nest] 35796  - [39m03/08/2026, 1:50:08 pm [32m    LOG[39m [38;5;3m[RouterExplorer] [39m[32mMapped {/channels/:id, GET} route[39m[38;5;3m +1ms[39m
[32m[Nest] 35796  - [39m03/08/2026, 1:50:08 pm [32m    LOG[39m [38;5;3m[RouterExplorer] [39m[32mMapped {/channels/:id, PATCH} route[39m[38;5;3m +0ms[39m
[32m[Nest] 35796  - [39m03/08/2026, 1:50:08 pm [32m    LOG[39m [38;5;3m[RouterExplorer] [39m[32mMapped {/channels/:id, DELETE} route[39m[38;5;3m +0ms[39m
[32m[Nest] 35796  - [39m03/08/2026, 1:50:08 pm [32m    LOG[39m [38;5;3m[RouterExplorer] [39m[32mMapped {/channels/:id/join, POST} route[39m[38;5;3m +0ms[39m
[32m[Nest] 35796  - [39m03/08/2026, 1:50:08 pm [32m    LOG[39m [38;5;3m[RouterExplorer] [39m[32mMapped {/channels/:id/leave, POST} route[39m[38;5;3m +1ms[39m
[32m[Nest] 35796  - [39m03/08/2026, 1:50:08 pm [32m    LOG[39m [38;5;3m[RouterExplorer] [39m[32mMapped {/channels/:id/members, GET} route[39m[38;5;3m +0ms[39m
[32m[Nest] 35796  - [39m03/08/2026, 1:50:08 pm [32m    LOG[39m [38;5;3m[RouterExplorer] [39m[32mMapped {/channels/:id/members/:memberId, POST} route[39m[38;5;3m +0ms[39m
[32m[Nest] 35796  - [39m03/08/2026, 1:50:08 pm [32m    LOG[39m [38;5;3m[RouterExplorer] [39m[32mMapped {/channels/:id/members/:memberId, DELETE} route[39m[38;5;3m +0ms[39m
[32m[Nest] 35796  - [39m03/08/2026, 1:50:08 pm [32m    LOG[39m [38;5;3m[RoutesResolver] [39m[32mNotificationsController {/notifications}:[39m[38;5;3m +1ms[39m
[32m[Nest] 35796  - [39m03/08/2026, 1:50:08 pm [32m    LOG[39m [38;5;3m[RouterExplorer] [39m[32mMapped {/notifications, GET} route[39m[38;5;3m +0ms[39m
[32m[Nest] 35796  - [39m03/08/2026, 1:50:08 pm [32m    LOG[39m [38;5;3m[RouterExplorer] [39m[32mMapped {/notifications/unread-count, GET} route[39m[38;5;3m +0ms[39m
[32m[Nest] 35796  - [39m03/08/2026, 1:50:08 pm [32m    LOG[39m [38;5;3m[RouterExplorer] [39m[32mMapped {/notifications/:id/read, PATCH} route[39m[38;5;3m +1ms[39m
[32m[Nest] 35796  - [39m03/08/2026, 1:50:08 pm [32m    LOG[39m [38;5;3m[RouterExplorer] [39m[32mMapped {/notifications/read-all, PATCH} route[39m[38;5;3m +0ms[39m
[32m[Nest] 35796  - [39m03/08/2026, 1:50:08 pm [32m    LOG[39m [38;5;3m[RouterExplorer] [39m[32mMapped {/notifications/self, POST} route[39m[38;5;3m +0ms[39m
[32m[Nest] 35796  - [39m03/08/2026, 1:50:08 pm [32m    LOG[39m [38;5;3m[StreamService] [39m[32mStream Chat server client initialized.[39m
Attention: Clerk collects telemetry data from its SDKs when connected to development instances.
The data collected is used to inform Clerk's product roadmap.
To learn more, including how to opt-out from the telemetry program, visit: https://clerk.com/docs/telemetry.

[32m[Nest] 35796  - [39m03/08/2026, 1:50:08 pm [32m    LOG[39m [38;5;3m[NestApplication] [39m[32mNest application successfully started[39m[38;5;3m +680ms[39m
🚀 Application is running on: http://localhost:3001
[2J[3J[H[[90m1:50:10 pm[0m] File change detected. Starting incremental compilation...

[[90m1:50:16 pm[0m] Found 0 errors. Watching for file changes.

[2J[3J[H[[90m1:50:17 pm[0m] File change detected. Starting incremental compilation...

[[90m1:50:21 pm[0m] Found 0 errors. Watching for file changes.

[32m[Nest] 73236  - [39m03/08/2026, 1:50:30 pm [32m    LOG[39m [38;5;3m[NestFactory] [39m[32mStarting Nest application...[39m
[32m[Nest] 73236  - [39m03/08/2026, 1:50:30 pm [32m    LOG[39m [38;5;3m[InstanceLoader] [39m[32mAppModule dependencies initialized[39m[38;5;3m +39ms[39m
[32m[Nest] 73236  - [39m03/08/2026, 1:50:30 pm [32m    LOG[39m [38;5;3m[InstanceLoader] [39m[32mConfigModule dependencies initialized[39m[38;5;3m +0ms[39m
[32m[Nest] 73236  - [39m03/08/2026, 1:50:30 pm [32m    LOG[39m [38;5;3m[InstanceLoader] [39m[32mConfigHostModule dependencies initialized[39m[38;5;3m +1ms[39m
[32m[Nest] 73236  - [39m03/08/2026, 1:50:30 pm [32m    LOG[39m [38;5;3m[InstanceLoader] [39m[32mHealthModule dependencies initialized[39m[38;5;3m +26ms[39m
[32m[Nest] 73236  - [39m03/08/2026, 1:50:30 pm [32m    LOG[39m [38;5;3m[InstanceLoader] [39m[32mConfigModule dependencies initialized[39m[38;5;3m +0ms[39m
[32m[Nest] 73236  - [39m03/08/2026, 1:50:30 pm [32m    LOG[39m [38;5;3m[InstanceLoader] [39m[32mStreamModule dependencies initialized[39m[38;5;3m +1ms[39m
[32m[Nest] 73236  - [39m03/08/2026, 1:50:31 pm [32m    LOG[39m [38;5;3m[DrizzleProvider] [39m[32mPostgreSQL connection established successfully.[39m
[32m[Nest] 73236  - [39m03/08/2026, 1:50:31 pm [32m    LOG[39m [38;5;3m[InstanceLoader] [39m[32mDatabaseModule dependencies initialized[39m[38;5;3m +2ms[39m
[32m[Nest] 73236  - [39m03/08/2026, 1:50:31 pm [32m    LOG[39m [38;5;3m[InstanceLoader] [39m[32mUsersModule dependencies initialized[39m[38;5;3m +1ms[39m
[32m[Nest] 73236  - [39m03/08/2026, 1:50:31 pm [32m    LOG[39m [38;5;3m[InstanceLoader] [39m[32mNotificationsModule dependencies initialized[39m[38;5;3m +0ms[39m
[32m[Nest] 73236  - [39m03/08/2026, 1:50:31 pm [32m    LOG[39m [38;5;3m[InstanceLoader] [39m[32mDepartmentsModule dependencies initialized[39m[38;5;3m +1ms[39m
[32m[Nest] 73236  - [39m03/08/2026, 1:50:31 pm [32m    LOG[39m [38;5;3m[InstanceLoader] [39m[32mTasksModule dependencies initialized[39m[38;5;3m +0ms[39m
[32m[Nest] 73236  - [39m03/08/2026, 1:50:31 pm [32m    LOG[39m [38;5;3m[InstanceLoader] [39m[32mMeetingsModule dependencies initialized[39m[38;5;3m +0ms[39m
[32m[Nest] 73236  - [39m03/08/2026, 1:50:31 pm [32m    LOG[39m [38;5;3m[InstanceLoader] [39m[32mChannelsModule dependencies initialized[39m[38;5;3m +0ms[39m
[32m[Nest] 73236  - [39m03/08/2026, 1:50:31 pm [32m    LOG[39m [38;5;3m[InstanceLoader] [39m[32mClerkModule dependencies initialized[39m[38;5;3m +2ms[39m
[32m[Nest] 73236  - [39m03/08/2026, 1:50:31 pm [32m    LOG[39m [38;5;3m[RoutesResolver] [39m[32mHealthController {/health}:[39m[38;5;3m +12ms[39m
[32m[Nest] 73236  - [39m03/08/2026, 1:50:31 pm [32m    LOG[39m [38;5;3m[RouterExplorer] [39m[32mMapped {/health, GET} route[39m[38;5;3m +5ms[39m
[32m[Nest] 73236  - [39m03/08/2026, 1:50:31 pm [32m    LOG[39m [38;5;3m[RoutesResolver] [39m[32mClerkTestController {/clerk-test}:[39m[38;5;3m +0ms[39m
[32m[Nest] 73236  - [39m03/08/2026, 1:50:31 pm [32m    LOG[39m [38;5;3m[RouterExplorer] [39m[32mMapped {/clerk-test/me, GET} route[39m[38;5;3m +1ms[39m
[32m[Nest] 73236  - [39m03/08/2026, 1:50:31 pm [32m    LOG[39m [38;5;3m[RoutesResolver] [39m[32mStreamController {/stream}:[39m[38;5;3m +1ms[39m
[32m[Nest] 73236  - [39m03/08/2026, 1:50:31 pm [32m    LOG[39m [38;5;3m[RouterExplorer] [39m[32mMapped {/stream/token, GET} route[39m[38;5;3m +0ms[39m
[32m[Nest] 73236  - [39m03/08/2026, 1:50:31 pm [32m    LOG[39m [38;5;3m[RoutesResolver] [39m[32mUsersController {/users}:[39m[38;5;3m +0ms[39m
[32m[Nest] 73236  - [39m03/08/2026, 1:50:31 pm [32m    LOG[39m [38;5;3m[RouterExplorer] [39m[32mMapped {/users/me, GET} route[39m[38;5;3m +1ms[39m
[32m[Nest] 73236  - [39m03/08/2026, 1:50:31 pm [32m    LOG[39m [38;5;3m[RouterExplorer] [39m[32mMapped {/users, GET} route[39m[38;5;3m +1ms[39m
[32m[Nest] 73236  - [39m03/08/2026, 1:50:31 pm [32m    LOG[39m [38;5;3m[RouterExplorer] [39m[32mMapped {/users/:clerkId/role, PATCH} route[39m[38;5;3m +1ms[39m
[32m[Nest] 73236  - [39m03/08/2026, 1:50:31 pm [32m    LOG[39m [38;5;3m[RoutesResolver] [39m[32mChatController {/chat}:[39m[38;5;3m +0ms[39m
[32m[Nest] 73236  - [39m03/08/2026, 1:50:31 pm [32m    LOG[39m [38;5;3m[RouterExplorer] [39m[32mMapped {/chat/token, GET} route[39m[38;5;3m +1ms[39m
[32m[Nest] 73236  - [39m03/08/2026, 1:50:31 pm [32m    LOG[39m [38;5;3m[RouterExplorer] [39m[32mMapped {/chat/direct, POST} route[39m[38;5;3m +0ms[39m
[32m[Nest] 73236  - [39m03/08/2026, 1:50:31 pm [32m    LOG[39m [38;5;3m[RouterExplorer] [39m[32mMapped {/chat/group, POST} route[39m[38;5;3m +1ms[39m
[32m[Nest] 73236  - [39m03/08/2026, 1:50:31 pm [32m    LOG[39m [38;5;3m[RouterExplorer] [39m[32mMapped {/chat/groups/:channelId, GET} route[39m[38;5;3m +0ms[39m
[32m[Nest] 73236  - [39m03/08/2026, 1:50:31 pm [32m    LOG[39m [38;5;3m[RouterExplorer] [39m[32mMapped {/chat/groups/:channelId, PATCH} route[39m[38;5;3m +1ms[39m
[32m[Nest] 73236  - [39m03/08/2026, 1:50:31 pm [32m    LOG[39m [38;5;3m[RouterExplorer] [39m[32mMapped {/chat/groups/:channelId/members/:memberId, POST} route[39m[38;5;3m +0ms[39m
[32m[Nest] 73236  - [39m03/08/2026, 1:50:31 pm [32m    LOG[39m [38;5;3m[RouterExplorer] [39m[32mMapped {/chat/groups/:channelId/members/:memberId, DELETE} route[39m[38;5;3m +1ms[39m
[32m[Nest] 73236  - [39m03/08/2026, 1:50:31 pm [32m    LOG[39m [38;5;3m[RouterExplorer] [39m[32mMapped {/chat/groups/:channelId/leave, POST} route[39m[38;5;3m +0ms[39m
[32m[Nest] 73236  - [39m03/08/2026, 1:50:31 pm [32m    LOG[39m [38;5;3m[RouterExplorer] [39m[32mMapped {/chat/groups/:channelId/moderators/:memberId, POST} route[39m[38;5;3m +0ms[39m
[32m[Nest] 73236  - [39m03/08/2026, 1:50:31 pm [32m    LOG[39m [38;5;3m[RouterExplorer] [39m[32mMapped {/chat/groups/:channelId/moderators/:memberId, DELETE} route[39m[38;5;3m +0ms[39m
[32m[Nest] 73236  - [39m03/08/2026, 1:50:31 pm [32m    LOG[39m [38;5;3m[RoutesResolver] [39m[32mTasksController {/tasks}:[39m[38;5;3m +1ms[39m
[32m[Nest] 73236  - [39m03/08/2026, 1:50:31 pm [32m    LOG[39m [38;5;3m[RouterExplorer] [39m[32mMapped {/tasks, POST} route[39m[38;5;3m +0ms[39m
[32m[Nest] 73236  - [39m03/08/2026, 1:50:31 pm [32m    LOG[39m [38;5;3m[RouterExplorer] [39m[32mMapped {/tasks, GET} route[39m[38;5;3m +0ms[39m
[32m[Nest] 73236  - [39m03/08/2026, 1:50:31 pm [32m    LOG[39m [38;5;3m[RouterExplorer] [39m[32mMapped {/tasks/:id, GET} route[39m[38;5;3m +0ms[39m
[32m[Nest] 73236  - [39m03/08/2026, 1:50:31 pm [32m    LOG[39m [38;5;3m[RouterExplorer] [39m[32mMapped {/tasks/:id, PATCH} route[39m[38;5;3m +1ms[39m
[32m[Nest] 73236  - [39m03/08/2026, 1:50:31 pm [32m    LOG[39m [38;5;3m[RouterExplorer] [39m[32mMapped {/tasks/:id/status, PATCH} route[39m[38;5;3m +0ms[39m
[32m[Nest] 73236  - [39m03/08/2026, 1:50:31 pm [32m    LOG[39m [38;5;3m[RouterExplorer] [39m[32mMapped {/tasks/:id, DELETE} route[39m[38;5;3m +0ms[39m
[32m[Nest] 73236  - [39m03/08/2026, 1:50:31 pm [32m    LOG[39m [38;5;3m[RoutesResolver] [39m[32mMeetingsController {/meetings}:[39m[38;5;3m +0ms[39m
[32m[Nest] 73236  - [39m03/08/2026, 1:50:31 pm [32m    LOG[39m [38;5;3m[RouterExplorer] [39m[32mMapped {/meetings, POST} route[39m[38;5;3m +1ms[39m
[32m[Nest] 73236  - [39m03/08/2026, 1:50:31 pm [32m    LOG[39m [38;5;3m[RouterExplorer] [39m[32mMapped {/meetings, GET} route[39m[38;5;3m +0ms[39m
[32m[Nest] 73236  - [39m03/08/2026, 1:50:31 pm [32m    LOG[39m [38;5;3m[RouterExplorer] [39m[32mMapped {/meetings/:id, GET} route[39m[38;5;3m +0ms[39m
[32m[Nest] 73236  - [39m03/08/2026, 1:50:31 pm [32m    LOG[39m [38;5;3m[RouterExplorer] [39m[32mMapped {/meetings/:id, PATCH} route[39m[38;5;3m +0ms[39m
[32m[Nest] 73236  - [39m03/08/2026, 1:50:31 pm [32m    LOG[39m [38;5;3m[RouterExplorer] [39m[32mMapped {/meetings/:id, DELETE} route[39m[38;5;3m +1ms[39m
[32m[Nest] 73236  - [39m03/08/2026, 1:50:31 pm [32m    LOG[39m [38;5;3m[RouterExplorer] [39m[32mMapped {/meetings/:id/join, POST} route[39m[38;5;3m +0ms[39m
[32m[Nest] 73236  - [39m03/08/2026, 1:50:31 pm [32m    LOG[39m [38;5;3m[RouterExplorer] [39m[32mMapped {/meetings/:id/leave, POST} route[39m[38;5;3m +0ms[39m
[32m[Nest] 73236  - [39m03/08/2026, 1:50:31 pm [32m    LOG[39m [38;5;3m[RoutesResolver] [39m[32mDepartmentsController {/departments}:[39m[38;5;3m +0ms[39m
[32m[Nest] 73236  - [39m03/08/2026, 1:50:31 pm [32m    LOG[39m [38;5;3m[RouterExplorer] [39m[32mMapped {/departments, POST} route[39m[38;5;3m +1ms[39m
[32m[Nest] 73236  - [39m03/08/2026, 1:50:31 pm [32m    LOG[39m [38;5;3m[RouterExplorer] [39m[32mMapped {/departments/mine, GET} route[39m[38;5;3m +0ms[39m
[32m[Nest] 73236  - [39m03/08/2026, 1:50:31 pm [32m    LOG[39m [38;5;3m[RouterExplorer] [39m[32mMapped {/departments/:id, GET} route[39m[38;5;3m +0ms[39m
[32m[Nest] 73236  - [39m03/08/2026, 1:50:31 pm [32m    LOG[39m [38;5;3m[RouterExplorer] [39m[32mMapped {/departments/:id, PATCH} route[39m[38;5;3m +1ms[39m
[32m[Nest] 73236  - [39m03/08/2026, 1:50:31 pm [32m    LOG[39m [38;5;3m[RouterExplorer] [39m[32mMapped {/departments/:id, DELETE} route[39m[38;5;3m +0ms[39m
[32m[Nest] 73236  - [39m03/08/2026, 1:50:31 pm [32m    LOG[39m [38;5;3m[RouterExplorer] [39m[32mMapped {/departments/:id/members/:memberId, POST} route[39m[38;5;3m +0ms[39m
[32m[Nest] 73236  - [39m03/08/2026, 1:50:31 pm [32m    LOG[39m [38;5;3m[RouterExplorer] [39m[32mMapped {/departments/:id/members/:memberId, DELETE} route[39m[38;5;3m +0ms[39m
[32m[Nest] 73236  - [39m03/08/2026, 1:50:31 pm [32m    LOG[39m [38;5;3m[RoutesResolver] [39m[32mChannelsController {/channels}:[39m[38;5;3m +1ms[39m
[32m[Nest] 73236  - [39m03/08/2026, 1:50:31 pm [32m    LOG[39m [38;5;3m[RouterExplorer] [39m[32mMapped {/channels, POST} route[39m[38;5;3m +0ms[39m
[32m[Nest] 73236  - [39m03/08/2026, 1:50:31 pm [32m    LOG[39m [38;5;3m[RouterExplorer] [39m[32mMapped {/channels, GET} route[39m[38;5;3m +0ms[39m
[32m[Nest] 73236  - [39m03/08/2026, 1:50:31 pm [32m    LOG[39m [38;5;3m[RouterExplorer] [39m[32mMapped {/channels/:id, GET} route[39m[38;5;3m +0ms[39m
[32m[Nest] 73236  - [39m03/08/2026, 1:50:31 pm [32m    LOG[39m [38;5;3m[RouterExplorer] [39m[32mMapped {/channels/:id, PATCH} route[39m[38;5;3m +0ms[39m
[32m[Nest] 73236  - [39m03/08/2026, 1:50:31 pm [32m    LOG[39m [38;5;3m[RouterExplorer] [39m[32mMapped {/channels/:id, DELETE} route[39m[38;5;3m +1ms[39m
[32m[Nest] 73236  - [39m03/08/2026, 1:50:31 pm [32m    LOG[39m [38;5;3m[RouterExplorer] [39m[32mMapped {/channels/:id/join, POST} route[39m[38;5;3m +0ms[39m
[32m[Nest] 73236  - [39m03/08/2026, 1:50:31 pm [32m    LOG[39m [38;5;3m[RouterExplorer] [39m[32mMapped {/channels/:id/leave, POST} route[39m[38;5;3m +0ms[39m
[32m[Nest] 73236  - [39m03/08/2026, 1:50:31 pm [32m    LOG[39m [38;5;3m[RouterExplorer] [39m[32mMapped {/channels/:id/members, GET} route[39m[38;5;3m +1ms[39m
[32m[Nest] 73236  - [39m03/08/2026, 1:50:31 pm [32m    LOG[39m [38;5;3m[RouterExplorer] [39m[32mMapped {/channels/:id/members/:memberId, POST} route[39m[38;5;3m +0ms[39m
[32m[Nest] 73236  - [39m03/08/2026, 1:50:31 pm [32m    LOG[39m [38;5;3m[RouterExplorer] [39m[32mMapped {/channels/:id/members/:memberId, DELETE} route[39m[38;5;3m +0ms[39m
[32m[Nest] 73236  - [39m03/08/2026, 1:50:31 pm [32m    LOG[39m [38;5;3m[RoutesResolver] [39m[32mNotificationsController {/notifications}:[39m[38;5;3m +0ms[39m
[32m[Nest] 73236  - [39m03/08/2026, 1:50:31 pm [32m    LOG[39m [38;5;3m[RouterExplorer] [39m[32mMapped {/notifications, GET} route[39m[38;5;3m +0ms[39m
[32m[Nest] 73236  - [39m03/08/2026, 1:50:31 pm [32m    LOG[39m [38;5;3m[RouterExplorer] [39m[32mMapped {/notifications/unread-count, GET} route[39m[38;5;3m +1ms[39m
[32m[Nest] 73236  - [39m03/08/2026, 1:50:31 pm [32m    LOG[39m [38;5;3m[RouterExplorer] [39m[32mMapped {/notifications/:id/read, PATCH} route[39m[38;5;3m +0ms[39m
[32m[Nest] 73236  - [39m03/08/2026, 1:50:31 pm [32m    LOG[39m [38;5;3m[RouterExplorer] [39m[32mMapped {/notifications/read-all, PATCH} route[39m[38;5;3m +0ms[39m
[32m[Nest] 73236  - [39m03/08/2026, 1:50:31 pm [32m    LOG[39m [38;5;3m[RouterExplorer] [39m[32mMapped {/notifications/self, POST} route[39m[38;5;3m +1ms[39m
[32m[Nest] 73236  - [39m03/08/2026, 1:50:31 pm [32m    LOG[39m [38;5;3m[StreamService] [39m[32mStream Chat server client initialized.[39m
Attention: Clerk collects telemetry data from its SDKs when connected to development instances.
The data collected is used to inform Clerk's product roadmap.
To learn more, including how to opt-out from the telemetry program, visit: https://clerk.com/docs/telemetry.

[32m[Nest] 73236  - [39m03/08/2026, 1:50:31 pm [32m    LOG[39m [38;5;3m[NestApplication] [39m[32mNest application successfully started[39m[38;5;3m +770ms[39m
🚀 Application is running on: http://localhost:3001
[32m[Nest] 73236  - [39m03/08/2026, 1:51:44 pm [32m    LOG[39m [38;5;3m[StreamService] [39m[32mStream user synced: user_3HE0SV8kvYSMEx8ggz3MMpOGMYX[39m
[32m[Nest] 73236  - [39m03/08/2026, 1:51:44 pm [32m    LOG[39m [38;5;3m[StreamService] [39m[32mStream user synced: user_3HE0SV8kvYSMEx8ggz3MMpOGMYX[39m
[32m[Nest] 73236  - [39m03/08/2026, 1:51:47 pm [32m    LOG[39m [38;5;3m[StreamService] [39m[32mStream user synced: user_3HE0SV8kvYSMEx8ggz3MMpOGMYX[39m
[32m[Nest] 73236  - [39m03/08/2026, 1:51:48 pm [32m    LOG[39m [38;5;3m[StreamService] [39m[32mStream user synced: user_3HE0SV8kvYSMEx8ggz3MMpOGMYX[39m
[32m[Nest] 73236  - [39m03/08/2026, 1:51:48 pm [32m    LOG[39m [38;5;3m[StreamService] [39m[32mStream user synced: user_3HE0SV8kvYSMEx8ggz3MMpOGMYX[39m
[32m[Nest] 73236  - [39m03/08/2026, 1:51:49 pm [32m    LOG[39m [38;5;3m[StreamService] [39m[32mStream user synced: user_3HE0SV8kvYSMEx8ggz3MMpOGMYX[39m
[32m[Nest] 73236  - [39m03/08/2026, 1:51:50 pm [32m    LOG[39m [38;5;3m[StreamService] [39m[32mStream user synced: user_3HE0SV8kvYSMEx8ggz3MMpOGMYX[39m
[32m[Nest] 73236  - [39m03/08/2026, 1:51:50 pm [32m    LOG[39m [38;5;3m[StreamService] [39m[32mStream user synced: user_3HE0SV8kvYSMEx8ggz3MMpOGMYX[39m
[32m[Nest] 73236  - [39m03/08/2026, 1:52:00 pm [32m    LOG[39m [38;5;3m[StreamService] [39m[32mStream user synced: user_3HE0SV8kvYSMEx8ggz3MMpOGMYX[39m
[32m[Nest] 73236  - [39m03/08/2026, 1:52:00 pm [32m    LOG[39m [38;5;3m[StreamService] [39m[32mStream user synced: user_3HE0SV8kvYSMEx8ggz3MMpOGMYX[39m
[2J[3J[H[[90m1:52:13 pm[0m] File change detected. Starting incremental compilation...

[[90m1:52:15 pm[0m] Found 0 errors. Watching for file changes.

[32m[Nest] 19036  - [39m03/08/2026, 1:52:26 pm [32m    LOG[39m [38;5;3m[NestFactory] [39m[32mStarting Nest application...[39m
[32m[Nest] 19036  - [39m03/08/2026, 1:52:26 pm [32m    LOG[39m [38;5;3m[InstanceLoader] [39m[32mAppModule dependencies initialized[39m[38;5;3m +35ms[39m
[32m[Nest] 19036  - [39m03/08/2026, 1:52:26 pm [32m    LOG[39m [38;5;3m[InstanceLoader] [39m[32mConfigModule dependencies initialized[39m[38;5;3m +0ms[39m
[32m[Nest] 19036  - [39m03/08/2026, 1:52:26 pm [32m    LOG[39m [38;5;3m[InstanceLoader] [39m[32mConfigHostModule dependencies initialized[39m[38;5;3m +1ms[39m
[32m[Nest] 19036  - [39m03/08/2026, 1:52:26 pm [32m    LOG[39m [38;5;3m[InstanceLoader] [39m[32mHealthModule dependencies initialized[39m[38;5;3m +21ms[39m
[32m[Nest] 19036  - [39m03/08/2026, 1:52:26 pm [32m    LOG[39m [38;5;3m[InstanceLoader] [39m[32mConfigModule dependencies initialized[39m[38;5;3m +0ms[39m
[32m[Nest] 19036  - [39m03/08/2026, 1:52:26 pm [32m    LOG[39m [38;5;3m[InstanceLoader] [39m[32mStreamModule dependencies initialized[39m[38;5;3m +0ms[39m
[32m[Nest] 19036  - [39m03/08/2026, 1:52:26 pm [32m    LOG[39m [38;5;3m[DrizzleProvider] [39m[32mPostgreSQL connection established successfully.[39m
[32m[Nest] 19036  - [39m03/08/2026, 1:52:26 pm [32m    LOG[39m [38;5;3m[InstanceLoader] [39m[32mDatabaseModule dependencies initialized[39m[38;5;3m +2ms[39m
[32m[Nest] 19036  - [39m03/08/2026, 1:52:26 pm [32m    LOG[39m [38;5;3m[InstanceLoader] [39m[32mUsersModule dependencies initialized[39m[38;5;3m +1ms[39m
[32m[Nest] 19036  - [39m03/08/2026, 1:52:26 pm [32m    LOG[39m [38;5;3m[InstanceLoader] [39m[32mNotificationsModule dependencies initialized[39m[38;5;3m +0ms[39m
[32m[Nest] 19036  - [39m03/08/2026, 1:52:26 pm [32m    LOG[39m [38;5;3m[InstanceLoader] [39m[32mDepartmentsModule dependencies initialized[39m[38;5;3m +1ms[39m
[32m[Nest] 19036  - [39m03/08/2026, 1:52:26 pm [32m    LOG[39m [38;5;3m[InstanceLoader] [39m[32mTasksModule dependencies initialized[39m[38;5;3m +0ms[39m
[32m[Nest] 19036  - [39m03/08/2026, 1:52:26 pm [32m    LOG[39m [38;5;3m[InstanceLoader] [39m[32mMeetingsModule dependencies initialized[39m[38;5;3m +0ms[39m
[32m[Nest] 19036  - [39m03/08/2026, 1:52:26 pm [32m    LOG[39m [38;5;3m[InstanceLoader] [39m[32mChannelsModule dependencies initialized[39m[38;5;3m +0ms[39m
[32m[Nest] 19036  - [39m03/08/2026, 1:52:26 pm [32m    LOG[39m [38;5;3m[InstanceLoader] [39m[32mClerkModule dependencies initialized[39m[38;5;3m +2ms[39m
[32m[Nest] 19036  - [39m03/08/2026, 1:52:26 pm [32m    LOG[39m [38;5;3m[RoutesResolver] [39m[32mHealthController {/health}:[39m[38;5;3m +11ms[39m
[32m[Nest] 19036  - [39m03/08/2026, 1:52:26 pm [32m    LOG[39m [38;5;3m[RouterExplorer] [39m[32mMapped {/health, GET} route[39m[38;5;3m +5ms[39m
[32m[Nest] 19036  - [39m03/08/2026, 1:52:26 pm [32m    LOG[39m [38;5;3m[RoutesResolver] [39m[32mClerkTestController {/clerk-test}:[39m[38;5;3m +0ms[39m
[32m[Nest] 19036  - [39m03/08/2026, 1:52:26 pm [32m    LOG[39m [38;5;3m[RouterExplorer] [39m[32mMapped {/clerk-test/me, GET} route[39m[38;5;3m +2ms[39m
[32m[Nest] 19036  - [39m03/08/2026, 1:52:26 pm [32m    LOG[39m [38;5;3m[RoutesResolver] [39m[32mStreamController {/stream}:[39m[38;5;3m +0ms[39m
[32m[Nest] 19036  - [39m03/08/2026, 1:52:26 pm [32m    LOG[39m [38;5;3m[RouterExplorer] [39m[32mMapped {/stream/token, GET} route[39m[38;5;3m +1ms[39m
[32m[Nest] 19036  - [39m03/08/2026, 1:52:26 pm [32m    LOG[39m [38;5;3m[RoutesResolver] [39m[32mUsersController {/users}:[39m[38;5;3m +0ms[39m
[32m[Nest] 19036  - [39m03/08/2026, 1:52:26 pm [32m    LOG[39m [38;5;3m[RouterExplorer] [39m[32mMapped {/users/me, GET} route[39m[38;5;3m +0ms[39m
[32m[Nest] 19036  - [39m03/08/2026, 1:52:26 pm [32m    LOG[39m [38;5;3m[RouterExplorer] [39m[32mMapped {/users, GET} route[39m[38;5;3m +1ms[39m
[32m[Nest] 19036  - [39m03/08/2026, 1:52:26 pm [32m    LOG[39m [38;5;3m[RouterExplorer] [39m[32mMapped {/users/:clerkId/role, PATCH} route[39m[38;5;3m +1ms[39m
[32m[Nest] 19036  - [39m03/08/2026, 1:52:26 pm [32m    LOG[39m [38;5;3m[RoutesResolver] [39m[32mChatController {/chat}:[39m[38;5;3m +0ms[39m
[32m[Nest] 19036  - [39m03/08/2026, 1:52:26 pm [32m    LOG[39m [38;5;3m[RouterExplorer] [39m[32mMapped {/chat/token, GET} route[39m[38;5;3m +1ms[39m
[32m[Nest] 19036  - [39m03/08/2026, 1:52:26 pm [32m    LOG[39m [38;5;3m[RouterExplorer] [39m[32mMapped {/chat/direct, POST} route[39m[38;5;3m +0ms[39m
[32m[Nest] 19036  - [39m03/08/2026, 1:52:26 pm [32m    LOG[39m [38;5;3m[RouterExplorer] [39m[32mMapped {/chat/group, POST} route[39m[38;5;3m +1ms[39m
[32m[Nest] 19036  - [39m03/08/2026, 1:52:26 pm [32m    LOG[39m [38;5;3m[RouterExplorer] [39m[32mMapped {/chat/groups/:channelId, GET} route[39m[38;5;3m +1ms[39m
[32m[Nest] 19036  - [39m03/08/2026, 1:52:26 pm [32m    LOG[39m [38;5;3m[RouterExplorer] [39m[32mMapped {/chat/groups/:channelId, PATCH} route[39m[38;5;3m +0ms[39m
[32m[Nest] 19036  - [39m03/08/2026, 1:52:26 pm [32m    LOG[39m [38;5;3m[RouterExplorer] [39m[32mMapped {/chat/groups/:channelId/members/:memberId, POST} route[39m[38;5;3m +0ms[39m
[32m[Nest] 19036  - [39m03/08/2026, 1:52:26 pm [32m    LOG[39m [38;5;3m[RouterExplorer] [39m[32mMapped {/chat/groups/:channelId/members/:memberId, DELETE} route[39m[38;5;3m +1ms[39m
[32m[Nest] 19036  - [39m03/08/2026, 1:52:26 pm [32m    LOG[39m [38;5;3m[RouterExplorer] [39m[32mMapped {/chat/groups/:channelId/leave, POST} route[39m[38;5;3m +0ms[39m
[32m[Nest] 19036  - [39m03/08/2026, 1:52:26 pm [32m    LOG[39m [38;5;3m[RouterExplorer] [39m[32mMapped {/chat/groups/:channelId/moderators/:memberId, POST} route[39m[38;5;3m +0ms[39m
[32m[Nest] 19036  - [39m03/08/2026, 1:52:26 pm [32m    LOG[39m [38;5;3m[RouterExplorer] [39m[32mMapped {/chat/groups/:channelId/moderators/:memberId, DELETE} route[39m[38;5;3m +1ms[39m
[32m[Nest] 19036  - [39m03/08/2026, 1:52:26 pm [32m    LOG[39m [38;5;3m[RoutesResolver] [39m[32mTasksController {/tasks}:[39m[38;5;3m +0ms[39m
[32m[Nest] 19036  - [39m03/08/2026, 1:52:26 pm [32m    LOG[39m [38;5;3m[RouterExplorer] [39m[32mMapped {/tasks, POST} route[39m[38;5;3m +0ms[39m
[32m[Nest] 19036  - [39m03/08/2026, 1:52:26 pm [32m    LOG[39m [38;5;3m[RouterExplorer] [39m[32mMapped {/tasks, GET} route[39m[38;5;3m +1ms[39m
[32m[Nest] 19036  - [39m03/08/2026, 1:52:26 pm [32m    LOG[39m [38;5;3m[RouterExplorer] [39m[32mMapped {/tasks/:id, GET} route[39m[38;5;3m +0ms[39m
[32m[Nest] 19036  - [39m03/08/2026, 1:52:26 pm [32m    LOG[39m [38;5;3m[RouterExplorer] [39m[32mMapped {/tasks/:id, PATCH} route[39m[38;5;3m +0ms[39m
[32m[Nest] 19036  - [39m03/08/2026, 1:52:26 pm [32m    LOG[39m [38;5;3m[RouterExplorer] [39m[32mMapped {/tasks/:id/status, PATCH} route[39m[38;5;3m +0ms[39m
[32m[Nest] 19036  - [39m03/08/2026, 1:52:26 pm [32m    LOG[39m [38;5;3m[RouterExplorer] [39m[32mMapped {/tasks/:id, DELETE} route[39m[38;5;3m +0ms[39m
[32m[Nest] 19036  - [39m03/08/2026, 1:52:26 pm [32m    LOG[39m [38;5;3m[RoutesResolver] [39m[32mMeetingsController {/meetings}:[39m[38;5;3m +1ms[39m
[32m[Nest] 19036  - [39m03/08/2026, 1:52:26 pm [32m    LOG[39m [38;5;3m[RouterExplorer] [39m[32mMapped {/meetings, POST} route[39m[38;5;3m +0ms[39m
[32m[Nest] 19036  - [39m03/08/2026, 1:52:26 pm [32m    LOG[39m [38;5;3m[RouterExplorer] [39m[32mMapped {/meetings, GET} route[39m[38;5;3m +0ms[39m
[32m[Nest] 19036  - [39m03/08/2026, 1:52:26 pm [32m    LOG[39m [38;5;3m[RouterExplorer] [39m[32mMapped {/meetings/:id, GET} route[39m[38;5;3m +0ms[39m
[32m[Nest] 19036  - [39m03/08/2026, 1:52:26 pm [32m    LOG[39m [38;5;3m[RouterExplorer] [39m[32mMapped {/meetings/:id, PATCH} route[39m[38;5;3m +1ms[39m
[32m[Nest] 19036  - [39m03/08/2026, 1:52:26 pm [32m    LOG[39m [38;5;3m[RouterExplorer] [39m[32mMapped {/meetings/:id, DELETE} route[39m[38;5;3m +0ms[39m
[32m[Nest] 19036  - [39m03/08/2026, 1:52:26 pm [32m    LOG[39m [38;5;3m[RouterExplorer] [39m[32mMapped {/meetings/:id/join, POST} route[39m[38;5;3m +0ms[39m
[32m[Nest] 19036  - [39m03/08/2026, 1:52:26 pm [32m    LOG[39m [38;5;3m[RouterExplorer] [39m[32mMapped {/meetings/:id/leave, POST} route[39m[38;5;3m +1ms[39m
[32m[Nest] 19036  - [39m03/08/2026, 1:52:26 pm [32m    LOG[39m [38;5;3m[RoutesResolver] [39m[32mDepartmentsController {/departments}:[39m[38;5;3m +0ms[39m
[32m[Nest] 19036  - [39m03/08/2026, 1:52:26 pm [32m    LOG[39m [38;5;3m[RouterExplorer] [39m[32mMapped {/departments, POST} route[39m[38;5;3m +0ms[39m
[32m[Nest] 19036  - [39m03/08/2026, 1:52:26 pm [32m    LOG[39m [38;5;3m[RouterExplorer] [39m[32mMapped {/departments/mine, GET} route[39m[38;5;3m +1ms[39m
[32m[Nest] 19036  - [39m03/08/2026, 1:52:26 pm [32m    LOG[39m [38;5;3m[RouterExplorer] [39m[32mMapped {/departments/:id, GET} route[39m[38;5;3m +0ms[39m
[32m[Nest] 19036  - [39m03/08/2026, 1:52:26 pm [32m    LOG[39m [38;5;3m[RouterExplorer] [39m[32mMapped {/departments/:id, PATCH} route[39m[38;5;3m +0ms[39m
[32m[Nest] 19036  - [39m03/08/2026, 1:52:26 pm [32m    LOG[39m [38;5;3m[RouterExplorer] [39m[32mMapped {/departments/:id, DELETE} route[39m[38;5;3m +0ms[39m
[32m[Nest] 19036  - [39m03/08/2026, 1:52:26 pm [32m    LOG[39m [38;5;3m[RouterExplorer] [39m[32mMapped {/departments/:id/members/:memberId, POST} route[39m[38;5;3m +1ms[39m
[32m[Nest] 19036  - [39m03/08/2026, 1:52:26 pm [32m    LOG[39m [38;5;3m[RouterExplorer] [39m[32mMapped {/departments/:id/members/:memberId, DELETE} route[39m[38;5;3m +0ms[39m
[32m[Nest] 19036  - [39m03/08/2026, 1:52:26 pm [32m    LOG[39m [38;5;3m[RoutesResolver] [39m[32mChannelsController {/channels}:[39m[38;5;3m +0ms[39m
[32m[Nest] 19036  - [39m03/08/2026, 1:52:26 pm [32m    LOG[39m [38;5;3m[RouterExplorer] [39m[32mMapped {/channels, POST} route[39m[38;5;3m +0ms[39m
[32m[Nest] 19036  - [39m03/08/2026, 1:52:26 pm [32m    LOG[39m [38;5;3m[RouterExplorer] [39m[32mMapped {/channels, GET} route[39m[38;5;3m +1ms[39m
[32m[Nest] 19036  - [39m03/08/2026, 1:52:26 pm [32m    LOG[39m [38;5;3m[RouterExplorer] [39m[32mMapped {/channels/:id, GET} route[39m[38;5;3m +0ms[39m
[32m[Nest] 19036  - [39m03/08/2026, 1:52:26 pm [32m    LOG[39m [38;5;3m[RouterExplorer] [39m[32mMapped {/channels/:id, PATCH} route[39m[38;5;3m +0ms[39m
[32m[Nest] 19036  - [39m03/08/2026, 1:52:26 pm [32m    LOG[39m [38;5;3m[RouterExplorer] [39m[32mMapped {/channels/:id, DELETE} route[39m[38;5;3m +0ms[39m
[32m[Nest] 19036  - [39m03/08/2026, 1:52:26 pm [32m    LOG[39m [38;5;3m[RouterExplorer] [39m[32mMapped {/channels/:id/join, POST} route[39m[38;5;3m +0ms[39m
[32m[Nest] 19036  - [39m03/08/2026, 1:52:26 pm [32m    LOG[39m [38;5;3m[RouterExplorer] [39m[32mMapped {/channels/:id/leave, POST} route[39m[38;5;3m +1ms[39m
[32m[Nest] 19036  - [39m03/08/2026, 1:52:26 pm [32m    LOG[39m [38;5;3m[RouterExplorer] [39m[32mMapped {/channels/:id/members, GET} route[39m[38;5;3m +0ms[39m
[32m[Nest] 19036  - [39m03/08/2026, 1:52:26 pm [32m    LOG[39m [38;5;3m[RouterExplorer] [39m[32mMapped {/channels/:id/members/:memberId, POST} route[39m[38;5;3m +0ms[39m
[32m[Nest] 19036  - [39m03/08/2026, 1:52:26 pm [32m    LOG[39m [38;5;3m[RouterExplorer] [39m[32mMapped {/channels/:id/members/:memberId, DELETE} route[39m[38;5;3m +0ms[39m
[32m[Nest] 19036  - [39m03/08/2026, 1:52:26 pm [32m    LOG[39m [38;5;3m[RoutesResolver] [39m[32mNotificationsController {/notifications}:[39m[38;5;3m +1ms[39m
[32m[Nest] 19036  - [39m03/08/2026, 1:52:26 pm [32m    LOG[39m [38;5;3m[RouterExplorer] [39m[32mMapped {/notifications, GET} route[39m[38;5;3m +0ms[39m
[32m[Nest] 19036  - [39m03/08/2026, 1:52:26 pm [32m    LOG[39m [38;5;3m[RouterExplorer] [39m[32mMapped {/notifications/unread-count, GET} route[39m[38;5;3m +0ms[39m
[32m[Nest] 19036  - [39m03/08/2026, 1:52:26 pm [32m    LOG[39m [38;5;3m[RouterExplorer] [39m[32mMapped {/notifications/:id/read, PATCH} route[39m[38;5;3m +1ms[39m
[32m[Nest] 19036  - [39m03/08/2026, 1:52:26 pm [32m    LOG[39m [38;5;3m[RouterExplorer] [39m[32mMapped {/notifications/read-all, PATCH} route[39m[38;5;3m +0ms[39m
[32m[Nest] 19036  - [39m03/08/2026, 1:52:26 pm [32m    LOG[39m [38;5;3m[RouterExplorer] [39m[32mMapped {/notifications/self, POST} route[39m[38;5;3m +0ms[39m
[32m[Nest] 19036  - [39m03/08/2026, 1:52:26 pm [32m    LOG[39m [38;5;3m[StreamService] [39m[32mStream Chat server client initialized.[39m
Attention: Clerk collects telemetry data from its SDKs when connected to development instances.
The data collected is used to inform Clerk's product roadmap.
To learn more, including how to opt-out from the telemetry program, visit: https://clerk.com/docs/telemetry.

[32m[Nest] 19036  - [39m03/08/2026, 1:52:27 pm [32m    LOG[39m [38;5;3m[NestApplication] [39m[32mNest application successfully started[39m[38;5;3m +655ms[39m
🚀 Application is running on: http://localhost:3001
[32m[Nest] 19036  - [39m03/08/2026, 1:58:22 pm [32m    LOG[39m [38;5;3m[StreamService] [39m[32mStream user synced: user_3HE0SV8kvYSMEx8ggz3MMpOGMYX[39m
[32m[Nest] 19036  - [39m03/08/2026, 1:58:22 pm [32m    LOG[39m [38;5;3m[StreamService] [39m[32mStream user synced: user_3HE0SV8kvYSMEx8ggz3MMpOGMYX[39m
[32m[Nest] 19036  - [39m03/08/2026, 1:58:22 pm [32m    LOG[39m [38;5;3m[StreamService] [39m[32mStream user synced: user_3HE0SV8kvYSMEx8ggz3MMpOGMYX[39m
[32m[Nest] 19036  - [39m03/08/2026, 1:58:23 pm [32m    LOG[39m [38;5;3m[StreamService] [39m[32mStream user synced: user_3HE0SV8kvYSMEx8ggz3MMpOGMYX[39m
[32m[Nest] 19036  - [39m03/08/2026, 1:58:24 pm [32m    LOG[39m [38;5;3m[StreamService] [39m[32mStream user synced: user_3HE0SV8kvYSMEx8ggz3MMpOGMYX[39m
[32m[Nest] 19036  - [39m03/08/2026, 1:58:30 pm [32m    LOG[39m [38;5;3m[StreamService] [39m[32mStream user synced: user_3HE0SV8kvYSMEx8ggz3MMpOGMYX[39m
[32m[Nest] 19036  - [39m03/08/2026, 1:58:30 pm [32m    LOG[39m [38;5;3m[StreamService] [39m[32mStream user synced: user_3HE0SV8kvYSMEx8ggz3MMpOGMYX[39m
[32m[Nest] 19036  - [39m03/08/2026, 1:58:49 pm [32m    LOG[39m [38;5;3m[StreamService] [39m[32mStream user synced: user_3HE0SV8kvYSMEx8ggz3MMpOGMYX[39m
[32m[Nest] 19036  - [39m03/08/2026, 1:58:49 pm [32m    LOG[39m [38;5;3m[StreamService] [39m[32mStream user synced: user_3HE0SV8kvYSMEx8ggz3MMpOGMYX[39m
[32m[Nest] 19036  - [39m03/08/2026, 1:58:49 pm [32m    LOG[39m [38;5;3m[StreamService] [39m[32mStream user synced: user_3HE0SV8kvYSMEx8ggz3MMpOGMYX[39m
[32m[Nest] 19036  - [39m03/08/2026, 1:58:49 pm [32m    LOG[39m [38;5;3m[StreamService] [39m[32mStream user synced: user_3HE0SV8kvYSMEx8ggz3MMpOGMYX[39m
[32m[Nest] 19036  - [39m03/08/2026, 1:58:50 pm [32m    LOG[39m [38;5;3m[StreamService] [39m[32mStream user synced: user_3HE0SV8kvYSMEx8ggz3MMpOGMYX[39m
[32m[Nest] 19036  - [39m03/08/2026, 1:58:50 pm [32m    LOG[39m [38;5;3m[StreamService] [39m[32mStream user synced: user_3HE0SV8kvYSMEx8ggz3MMpOGMYX[39m
[32m[Nest] 19036  - [39m03/08/2026, 1:58:50 pm [32m    LOG[39m [38;5;3m[StreamService] [39m[32mStream user synced: user_3HE0SV8kvYSMEx8ggz3MMpOGMYX[39m
[32m[Nest] 19036  - [39m03/08/2026, 1:58:51 pm [32m    LOG[39m [38;5;3m[StreamService] [39m[32mStream user synced: user_3HE0SV8kvYSMEx8ggz3MMpOGMYX[39m
[32m[Nest] 19036  - [39m03/08/2026, 1:58:58 pm [32m    LOG[39m [38;5;3m[StreamService] [39m[32mStream user synced: user_3HE0SV8kvYSMEx8ggz3MMpOGMYX[39m
[32m[Nest] 19036  - [39m03/08/2026, 1:58:59 pm [32m    LOG[39m [38;5;3m[StreamService] [39m[32mStream user synced: user_3HE0SV8kvYSMEx8ggz3MMpOGMYX[39m
[32m[Nest] 19036  - [39m03/08/2026, 1:59:09 pm [32m    LOG[39m [38;5;3m[StreamService] [39m[32mStream user synced: user_3HE0SV8kvYSMEx8ggz3MMpOGMYX[39m
[32m[Nest] 19036  - [39m03/08/2026, 1:59:09 pm [32m    LOG[39m [38;5;3m[StreamService] [39m[32mStream user synced: user_3HE0SV8kvYSMEx8ggz3MMpOGMYX[39m
[32m[Nest] 19036  - [39m03/08/2026, 1:59:19 pm [32m    LOG[39m [38;5;3m[StreamService] [39m[32mStream user synced: user_3HE0SV8kvYSMEx8ggz3MMpOGMYX[39m
[32m[Nest] 19036  - [39m03/08/2026, 1:59:19 pm [32m    LOG[39m [38;5;3m[StreamService] [39m[32mStream user synced: user_3HE0SV8kvYSMEx8ggz3MMpOGMYX[39m
[32m[Nest] 19036  - [39m03/08/2026, 1:59:28 pm [32m    LOG[39m [38;5;3m[StreamService] [39m[32mStream user synced: user_3HE0SV8kvYSMEx8ggz3MMpOGMYX[39m
[32m[Nest] 19036  - [39m03/08/2026, 1:59:29 pm [32m    LOG[39m [38;5;3m[StreamService] [39m[32mStream user synced: user_3HE0SV8kvYSMEx8ggz3MMpOGMYX[39m
[32m[Nest] 19036  - [39m03/08/2026, 1:59:38 pm [32m    LOG[39m [38;5;3m[StreamService] [39m[32mStream user synced: user_3HE0SV8kvYSMEx8ggz3MMpOGMYX[39m
[32m[Nest] 19036  - [39m03/08/2026, 1:59:38 pm [32m    LOG[39m [38;5;3m[StreamService] [39m[32mStream user synced: user_3HE0SV8kvYSMEx8ggz3MMpOGMYX[39m
[32m[Nest] 19036  - [39m03/08/2026, 1:59:48 pm [32m    LOG[39m [38;5;3m[StreamService] [39m[32mStream user synced: user_3HE0SV8kvYSMEx8ggz3MMpOGMYX[39m
[32m[Nest] 19036  - [39m03/08/2026, 1:59:48 pm [32m    LOG[39m [38;5;3m[StreamService] [39m[32mStream user synced: user_3HE0SV8kvYSMEx8ggz3MMpOGMYX[39m
[32m[Nest] 19036  - [39m03/08/2026, 2:00:52 pm [32m    LOG[39m [38;5;3m[StreamService] [39m[32mStream user synced: user_3HE0SV8kvYSMEx8ggz3MMpOGMYX[39m
[32m[Nest] 19036  - [39m03/08/2026, 2:00:52 pm [32m    LOG[39m [38;5;3m[StreamService] [39m[32mStream user synced: user_3HE0SV8kvYSMEx8ggz3MMpOGMYX[39m
[32m[Nest] 19036  - [39m03/08/2026, 2:01:52 pm [32m    LOG[39m [38;5;3m[StreamService] [39m[32mStream user synced: user_3HE0SV8kvYSMEx8ggz3MMpOGMYX[39m
[32m[Nest] 19036  - [39m03/08/2026, 2:01:52 pm [32m    LOG[39m [38;5;3m[StreamService] [39m[32mStream user synced: user_3HE0SV8kvYSMEx8ggz3MMpOGMYX[39m
[95m[Nest] 19036  - [39m03/08/2026, 2:02:15 pm [95m  DEBUG[39m [38;5;3m[ClerkAuthGuard] [39m[95m{
  "status": "signed-out",
  "reason": "dev-browser-missing",
  "message": "",
  "proxyUrl": "",
  "publishableKey": "pk_test_c3VwcmVtZS1raXRlLTI0LmNsZXJrLmFjY291bnRzLmRldiQ",
  "isSatellite": false,
  "domain": "",
  "signInUrl": "",
  "signUpUrl": "",
  "afterSignInUrl": "",
  "afterSignUpUrl": "",
  "isSignedIn": false,
  "isAuthenticated": false,
  "tokenType": "session_token",
  "headers": {},
  "token": null
}[39m
[32m[Nest] 19036  - [39m03/08/2026, 2:02:52 pm [32m    LOG[39m [38;5;3m[StreamService] [39m[32mStream user synced: user_3HE0SV8kvYSMEx8ggz3MMpOGMYX[39m
[32m[Nest] 19036  - [39m03/08/2026, 2:02:52 pm [32m    LOG[39m [38;5;3m[StreamService] [39m[32mStream user synced: user_3HE0SV8kvYSMEx8ggz3MMpOGMYX[39m
[32m[Nest] 19036  - [39m03/08/2026, 2:03:53 pm [32m    LOG[39m [38;5;3m[StreamService] [39m[32mStream user synced: user_3HE0SV8kvYSMEx8ggz3MMpOGMYX[39m
[32m[Nest] 19036  - [39m03/08/2026, 2:03:53 pm [32m    LOG[39m [38;5;3m[StreamService] [39m[32mStream user synced: user_3HE0SV8kvYSMEx8ggz3MMpOGMYX[39m
[32m[Nest] 19036  - [39m03/08/2026, 2:04:52 pm [32m    LOG[39m [38;5;3m[StreamService] [39m[32mStream user synced: user_3HE0SV8kvYSMEx8ggz3MMpOGMYX[39m
[32m[Nest] 19036  - [39m03/08/2026, 2:04:52 pm [32m    LOG[39m [38;5;3m[StreamService] [39m[32mStream user synced: user_3HE0SV8kvYSMEx8ggz3MMpOGMYX[39m
[32m[Nest] 19036  - [39m03/08/2026, 2:05:45 pm [32m    LOG[39m [38;5;3m[StreamService] [39m[32mStream user synced: user_3HE0SV8kvYSMEx8ggz3MMpOGMYX[39m
[32m[Nest] 19036  - [39m03/08/2026, 2:05:45 pm [32m    LOG[39m [38;5;3m[StreamService] [39m[32mStream user synced: user_3HE0SV8kvYSMEx8ggz3MMpOGMYX[39m
[32m[Nest] 19036  - [39m03/08/2026, 2:05:48 pm [32m    LOG[39m [38;5;3m[StreamService] [39m[32mStream user synced: user_3HE0SV8kvYSMEx8ggz3MMpOGMYX[39m
[32m[Nest] 19036  - [39m03/08/2026, 2:05:48 pm [32m    LOG[39m [38;5;3m[StreamService] [39m[32mStream user synced: user_3HE0SV8kvYSMEx8ggz3MMpOGMYX[39m
[32m[Nest] 19036  - [39m03/08/2026, 2:06:16 pm [32m    LOG[39m [38;5;3m[StreamService] [39m[32mStream user synced: user_3HE0SV8kvYSMEx8ggz3MMpOGMYX[39m
[32m[Nest] 19036  - [39m03/08/2026, 2:06:16 pm [32m    LOG[39m [38;5;3m[StreamService] [39m[32mStream user synced: user_3HE0SV8kvYSMEx8ggz3MMpOGMYX[39m
[32m[Nest] 19036  - [39m03/08/2026, 2:06:16 pm [32m    LOG[39m [38;5;3m[StreamService] [39m[32mStream user synced: user_3HE0SV8kvYSMEx8ggz3MMpOGMYX[39m
[32m[Nest] 19036  - [39m03/08/2026, 2:06:16 pm [32m    LOG[39m [38;5;3m[StreamService] [39m[32mStream user synced: user_3HE0SV8kvYSMEx8ggz3MMpOGMYX[39m
[32m[Nest] 19036  - [39m03/08/2026, 2:06:17 pm [32m    LOG[39m [38;5;3m[StreamService] [39m[32mStream user synced: user_3HE0SV8kvYSMEx8ggz3MMpOGMYX[39m
[32m[Nest] 19036  - [39m03/08/2026, 2:06:18 pm [32m    LOG[39m [38;5;3m[StreamService] [39m[32mStream user synced: user_3HE0SV8kvYSMEx8ggz3MMpOGMYX[39m
[32m[Nest] 19036  - [39m03/08/2026, 2:06:20 pm [32m    LOG[39m [38;5;3m[StreamService] [39m[32mStream user synced: user_3HE0SV8kvYSMEx8ggz3MMpOGMYX[39m
[32m[Nest] 19036  - [39m03/08/2026, 2:06:21 pm [32m    LOG[39m [38;5;3m[StreamService] [39m[32mStream user synced: user_3HE0SV8kvYSMEx8ggz3MMpOGMYX[39m
[32m[Nest] 19036  - [39m03/08/2026, 2:06:25 pm [32m    LOG[39m [38;5;3m[StreamService] [39m[32mStream user synced: user_3HE0SV8kvYSMEx8ggz3MMpOGMYX[39m
[32m[Nest] 19036  - [39m03/08/2026, 2:06:25 pm [32m    LOG[39m [38;5;3m[StreamService] [39m[32mStream user synced: user_3HE0SV8kvYSMEx8ggz3MMpOGMYX[39m
[32m[Nest] 19036  - [39m03/08/2026, 2:06:35 pm [32m    LOG[39m [38;5;3m[StreamService] [39m[32mStream user synced: user_3HE0SV8kvYSMEx8ggz3MMpOGMYX[39m
[32m[Nest] 19036  - [39m03/08/2026, 2:06:35 pm [32m    LOG[39m [38;5;3m[StreamService] [39m[32mStream user synced: user_3HE0SV8kvYSMEx8ggz3MMpOGMYX[39m
[32m[Nest] 19036  - [39m03/08/2026, 2:06:46 pm [32m    LOG[39m [38;5;3m[StreamService] [39m[32mStream user synced: user_3HE0SV8kvYSMEx8ggz3MMpOGMYX[39m
[32m[Nest] 19036  - [39m03/08/2026, 2:06:46 pm [32m    LOG[39m [38;5;3m[StreamService] [39m[32mStream user synced: user_3HE0SV8kvYSMEx8ggz3MMpOGMYX[39m
[32m[Nest] 19036  - [39m03/08/2026, 2:06:55 pm [32m    LOG[39m [38;5;3m[StreamService] [39m[32mStream user synced: user_3HE0SV8kvYSMEx8ggz3MMpOGMYX[39m
[32m[Nest] 19036  - [39m03/08/2026, 2:06:56 pm [32m    LOG[39m [38;5;3m[StreamService] [39m[32mStream user synced: user_3HE0SV8kvYSMEx8ggz3MMpOGMYX[39m
[32m[Nest] 19036  - [39m03/08/2026, 2:07:05 pm [32m    LOG[39m [38;5;3m[StreamService] [39m[32mStream user synced: user_3HE0SV8kvYSMEx8ggz3MMpOGMYX[39m
[32m[Nest] 19036  - [39m03/08/2026, 2:07:05 pm [32m    LOG[39m [38;5;3m[StreamService] [39m[32mStream user synced: user_3HE0SV8kvYSMEx8ggz3MMpOGMYX[39m
[32m[Nest] 19036  - [39m03/08/2026, 2:07:16 pm [32m    LOG[39m [38;5;3m[StreamService] [39m[32mStream user synced: user_3HE0SV8kvYSMEx8ggz3MMpOGMYX[39m
[32m[Nest] 19036  - [39m03/08/2026, 2:07:16 pm [32m    LOG[39m [38;5;3m[StreamService] [39m[32mStream user synced: user_3HE0SV8kvYSMEx8ggz3MMpOGMYX[39m
[32m[Nest] 19036  - [39m03/08/2026, 2:07:25 pm [32m    LOG[39m [38;5;3m[StreamService] [39m[32mStream user synced: user_3HE0SV8kvYSMEx8ggz3MMpOGMYX[39m
[32m[Nest] 19036  - [39m03/08/2026, 2:07:25 pm [32m    LOG[39m [38;5;3m[StreamService] [39m[32mStream user synced: user_3HE0SV8kvYSMEx8ggz3MMpOGMYX[39m
[32m[Nest] 19036  - [39m03/08/2026, 2:07:36 pm [32m    LOG[39m [38;5;3m[StreamService] [39m[32mStream user synced: user_3HE0SV8kvYSMEx8ggz3MMpOGMYX[39m
[32m[Nest] 19036  - [39m03/08/2026, 2:07:36 pm [32m    LOG[39m [38;5;3m[StreamService] [39m[32mStream user synced: user_3HE0SV8kvYSMEx8ggz3MMpOGMYX[39m
[32m[Nest] 19036  - [39m03/08/2026, 2:07:46 pm [32m    LOG[39m [38;5;3m[StreamService] [39m[32mStream user synced: user_3HE0SV8kvYSMEx8ggz3MMpOGMYX[39m
[32m[Nest] 19036  - [39m03/08/2026, 2:07:46 pm [32m    LOG[39m [38;5;3m[StreamService] [39m[32mStream user synced: user_3HE0SV8kvYSMEx8ggz3MMpOGMYX[39m
[32m[Nest] 19036  - [39m03/08/2026, 2:07:57 pm [32m    LOG[39m [38;5;3m[StreamService] [39m[32mStream user synced: user_3HE0SV8kvYSMEx8ggz3MMpOGMYX[39m
[32m[Nest] 19036  - [39m03/08/2026, 2:07:57 pm [32m    LOG[39m [38;5;3m[StreamService] [39m[32mStream user synced: user_3HE0SV8kvYSMEx8ggz3MMpOGMYX[39m
[32m[Nest] 19036  - [39m03/08/2026, 2:08:06 pm [32m    LOG[39m [38;5;3m[StreamService] [39m[32mStream user synced: user_3HE0SV8kvYSMEx8ggz3MMpOGMYX[39m
[32m[Nest] 19036  - [39m03/08/2026, 2:08:06 pm [32m    LOG[39m [38;5;3m[StreamService] [39m[32mStream user synced: user_3HE0SV8kvYSMEx8ggz3MMpOGMYX[39m
[32m[Nest] 19036  - [39m03/08/2026, 2:08:53 pm [32m    LOG[39m [38;5;3m[StreamService] [39m[32mStream user synced: user_3HE0SV8kvYSMEx8ggz3MMpOGMYX[39m
[32m[Nest] 19036  - [39m03/08/2026, 2:08:53 pm [32m    LOG[39m [38;5;3m[StreamService] [39m[32mStream user synced: user_3HE0SV8kvYSMEx8ggz3MMpOGMYX[39m
[32m[Nest] 19036  - [39m03/08/2026, 2:09:52 pm [32m    LOG[39m [38;5;3m[StreamService] [39m[32mStream user synced: user_3HE0SV8kvYSMEx8ggz3MMpOGMYX[39m
[32m[Nest] 19036  - [39m03/08/2026, 2:09:52 pm [32m    LOG[39m [38;5;3m[StreamService] [39m[32mStream user synced: user_3HE0SV8kvYSMEx8ggz3MMpOGMYX[39m
[32m[Nest] 19036  - [39m03/08/2026, 2:10:01 pm [32m    LOG[39m [38;5;3m[StreamService] [39m[32mStream user synced: user_3HE0SV8kvYSMEx8ggz3MMpOGMYX[39m
[32m[Nest] 19036  - [39m03/08/2026, 2:10:01 pm [32m    LOG[39m [38;5;3m[StreamService] [39m[32mStream user synced: user_3HE0SV8kvYSMEx8ggz3MMpOGMYX[39m
[32m[Nest] 19036  - [39m03/08/2026, 2:10:06 pm [32m    LOG[39m [38;5;3m[StreamService] [39m[32mStream user synced: user_3HE0SV8kvYSMEx8ggz3MMpOGMYX[39m
[32m[Nest] 19036  - [39m03/08/2026, 2:10:06 pm [32m    LOG[39m [38;5;3m[StreamService] [39m[32mStream user synced: user_3HE0SV8kvYSMEx8ggz3MMpOGMYX[39m
[32m[Nest] 19036  - [39m03/08/2026, 2:10:17 pm [32m    LOG[39m [38;5;3m[StreamService] [39m[32mStream user synced: user_3HE0SV8kvYSMEx8ggz3MMpOGMYX[39m
[32m[Nest] 19036  - [39m03/08/2026, 2:10:17 pm [32m    LOG[39m [38;5;3m[StreamService] [39m[32mStream user synced: user_3HE0SV8kvYSMEx8ggz3MMpOGMYX[39m
[32m[Nest] 19036  - [39m03/08/2026, 2:10:26 pm [32m    LOG[39m [38;5;3m[StreamService] [39m[32mStream user synced: user_3HE0SV8kvYSMEx8ggz3MMpOGMYX[39m
[32m[Nest] 19036  - [39m03/08/2026, 2:10:26 pm [32m    LOG[39m [38;5;3m[StreamService] [39m[32mStream user synced: user_3HE0SV8kvYSMEx8ggz3MMpOGMYX[39m
[32m[Nest] 19036  - [39m03/08/2026, 2:10:35 pm [32m    LOG[39m [38;5;3m[StreamService] [39m[32mStream user synced: user_3HE0SV8kvYSMEx8ggz3MMpOGMYX[39m
[32m[Nest] 19036  - [39m03/08/2026, 2:10:35 pm [32m    LOG[39m [38;5;3m[StreamService] [39m[32mStream user synced: user_3HE0SV8kvYSMEx8ggz3MMpOGMYX[39m
[32m[Nest] 19036  - [39m03/08/2026, 2:10:46 pm [32m    LOG[39m [38;5;3m[StreamService] [39m[32mStream user synced: user_3HE0SV8kvYSMEx8ggz3MMpOGMYX[39m
[32m[Nest] 19036  - [39m03/08/2026, 2:10:46 pm [32m    LOG[39m [38;5;3m[StreamService] [39m[32mStream user synced: user_3HE0SV8kvYSMEx8ggz3MMpOGMYX[39m
[32m[Nest] 19036  - [39m03/08/2026, 2:10:55 pm [32m    LOG[39m [38;5;3m[StreamService] [39m[32mStream user synced: user_3HE0SV8kvYSMEx8ggz3MMpOGMYX[39m
[32m[Nest] 19036  - [39m03/08/2026, 2:10:55 pm [32m    LOG[39m [38;5;3m[StreamService] [39m[32mStream user synced: user_3HE0SV8kvYSMEx8ggz3MMpOGMYX[39m
[32m[Nest] 19036  - [39m03/08/2026, 2:11:52 pm [32m    LOG[39m [38;5;3m[StreamService] [39m[32mStream user synced: user_3HE0SV8kvYSMEx8ggz3MMpOGMYX[39m
[32m[Nest] 19036  - [39m03/08/2026, 2:11:52 pm [32m    LOG[39m [38;5;3m[StreamService] [39m[32mStream user synced: user_3HE0SV8kvYSMEx8ggz3MMpOGMYX[39m
[32m[Nest] 19036  - [39m03/08/2026, 2:12:52 pm [32m    LOG[39m [38;5;3m[StreamService] [39m[32mStream user synced: user_3HE0SV8kvYSMEx8ggz3MMpOGMYX[39m
[32m[Nest] 19036  - [39m03/08/2026, 2:12:52 pm [32m    LOG[39m [38;5;3m[StreamService] [39m[32mStream user synced: user_3HE0SV8kvYSMEx8ggz3MMpOGMYX[39m
[32m[Nest] 19036  - [39m03/08/2026, 2:13:52 pm [32m    LOG[39m [38;5;3m[StreamService] [39m[32mStream user synced: user_3HE0SV8kvYSMEx8ggz3MMpOGMYX[39m
[32m[Nest] 19036  - [39m03/08/2026, 2:13:52 pm [32m    LOG[39m [38;5;3m[StreamService] [39m[32mStream user synced: user_3HE0SV8kvYSMEx8ggz3MMpOGMYX[39m
[32m[Nest] 19036  - [39m03/08/2026, 2:14:52 pm [32m    LOG[39m [38;5;3m[StreamService] [39m[32mStream user synced: user_3HE0SV8kvYSMEx8ggz3MMpOGMYX[39m
[32m[Nest] 19036  - [39m03/08/2026, 2:14:52 pm [32m    LOG[39m [38;5;3m[StreamService] [39m[32mStream user synced: user_3HE0SV8kvYSMEx8ggz3MMpOGMYX[39m
[32m[Nest] 19036  - [39m03/08/2026, 2:15:52 pm [32m    LOG[39m [38;5;3m[StreamService] [39m[32mStream user synced: user_3HE0SV8kvYSMEx8ggz3MMpOGMYX[39m
[32m[Nest] 19036  - [39m03/08/2026, 2:15:52 pm [32m    LOG[39m [38;5;3m[StreamService] [39m[32mStream user synced: user_3HE0SV8kvYSMEx8ggz3MMpOGMYX[39m
[32m[Nest] 19036  - [39m03/08/2026, 2:16:52 pm [32m    LOG[39m [38;5;3m[StreamService] [39m[32mStream user synced: user_3HE0SV8kvYSMEx8ggz3MMpOGMYX[39m
[32m[Nest] 19036  - [39m03/08/2026, 2:16:52 pm [32m    LOG[39m [38;5;3m[StreamService] [39m[32mStream user synced: user_3HE0SV8kvYSMEx8ggz3MMpOGMYX[39m
[32m[Nest] 19036  - [39m03/08/2026, 2:17:52 pm [32m    LOG[39m [38;5;3m[StreamService] [39m[32mStream user synced: user_3HE0SV8kvYSMEx8ggz3MMpOGMYX[39m
[32m[Nest] 19036  - [39m03/08/2026, 2:17:52 pm [32m    LOG[39m [38;5;3m[StreamService] [39m[32mStream user synced: user_3HE0SV8kvYSMEx8ggz3MMpOGMYX[39m
[32m[Nest] 19036  - [39m03/08/2026, 2:18:52 pm [32m    LOG[39m [38;5;3m[StreamService] [39m[32mStream user synced: user_3HE0SV8kvYSMEx8ggz3MMpOGMYX[39m
[32m[Nest] 19036  - [39m03/08/2026, 2:18:52 pm [32m    LOG[39m [38;5;3m[StreamService] [39m[32mStream user synced: user_3HE0SV8kvYSMEx8ggz3MMpOGMYX[39m
[32m[Nest] 19036  - [39m03/08/2026, 2:19:52 pm [32m    LOG[39m [38;5;3m[StreamService] [39m[32mStream user synced: user_3HE0SV8kvYSMEx8ggz3MMpOGMYX[39m
[32m[Nest] 19036  - [39m03/08/2026, 2:19:52 pm [32m    LOG[39m [38;5;3m[StreamService] [39m[32mStream user synced: user_3HE0SV8kvYSMEx8ggz3MMpOGMYX[39m
[2J[3J[H[[90m2:20:15 pm[0m] File change detected. Starting incremental compilation...

[[90m2:20:18 pm[0m] Found 0 errors. Watching for file changes.

[2J[3J[H[[90m2:20:19 pm[0m] File change detected. Starting incremental compilation...

[[90m2:20:22 pm[0m] Found 0 errors. Watching for file changes.

[32m[Nest] 69168  - [39m03/08/2026, 2:20:42 pm [32m    LOG[39m [38;5;3m[NestFactory] [39m[32mStarting Nest application...[39m
[32m[Nest] 69168  - [39m03/08/2026, 2:20:42 pm [32m    LOG[39m [38;5;3m[InstanceLoader] [39m[32mAppModule dependencies initialized[39m[38;5;3m +60ms[39m
[32m[Nest] 69168  - [39m03/08/2026, 2:20:42 pm [32m    LOG[39m [38;5;3m[InstanceLoader] [39m[32mConfigModule dependencies initialized[39m[38;5;3m +1ms[39m
[32m[Nest] 69168  - [39m03/08/2026, 2:20:42 pm [32m    LOG[39m [38;5;3m[InstanceLoader] [39m[32mConfigHostModule dependencies initialized[39m[38;5;3m +2ms[39m
[32m[Nest] 69168  - [39m03/08/2026, 2:20:42 pm [32m    LOG[39m [38;5;3m[InstanceLoader] [39m[32mHealthModule dependencies initialized[39m[38;5;3m +86ms[39m
[32m[Nest] 69168  - [39m03/08/2026, 2:20:42 pm [32m    LOG[39m [38;5;3m[InstanceLoader] [39m[32mConfigModule dependencies initialized[39m[38;5;3m +0ms[39m
[32m[Nest] 69168  - [39m03/08/2026, 2:20:42 pm [32m    LOG[39m [38;5;3m[InstanceLoader] [39m[32mStreamModule dependencies initialized[39m[38;5;3m +13ms[39m
[32m[Nest] 69168  - [39m03/08/2026, 2:20:42 pm [32m    LOG[39m [38;5;3m[DrizzleProvider] [39m[32mPostgreSQL connection established successfully.[39m
[32m[Nest] 69168  - [39m03/08/2026, 2:20:42 pm [32m    LOG[39m [38;5;3m[InstanceLoader] [39m[32mDatabaseModule dependencies initialized[39m[38;5;3m +5ms[39m
[32m[Nest] 69168  - [39m03/08/2026, 2:20:42 pm [32m    LOG[39m [38;5;3m[InstanceLoader] [39m[32mUsersModule dependencies initialized[39m[38;5;3m +2ms[39m
[32m[Nest] 69168  - [39m03/08/2026, 2:20:42 pm [32m    LOG[39m [38;5;3m[InstanceLoader] [39m[32mNotificationsModule dependencies initialized[39m[38;5;3m +0ms[39m
[32m[Nest] 69168  - [39m03/08/2026, 2:20:42 pm [32m    LOG[39m [38;5;3m[InstanceLoader] [39m[32mDepartmentsModule dependencies initialized[39m[38;5;3m +1ms[39m
[32m[Nest] 69168  - [39m03/08/2026, 2:20:42 pm [32m    LOG[39m [38;5;3m[InstanceLoader] [39m[32mTasksModule dependencies initialized[39m[38;5;3m +0ms[39m
[32m[Nest] 69168  - [39m03/08/2026, 2:20:42 pm [32m    LOG[39m [38;5;3m[InstanceLoader] [39m[32mMeetingsModule dependencies initialized[39m[38;5;3m +1ms[39m
[32m[Nest] 69168  - [39m03/08/2026, 2:20:42 pm [32m    LOG[39m [38;5;3m[InstanceLoader] [39m[32mChannelsModule dependencies initialized[39m[38;5;3m +0ms[39m
[32m[Nest] 69168  - [39m03/08/2026, 2:20:42 pm [32m    LOG[39m [38;5;3m[InstanceLoader] [39m[32mClerkModule dependencies initialized[39m[38;5;3m +5ms[39m
[32m[Nest] 69168  - [39m03/08/2026, 2:20:42 pm [32m    LOG[39m [38;5;3m[RoutesResolver] [39m[32mHealthController {/health}:[39m[38;5;3m +18ms[39m
[32m[Nest] 69168  - [39m03/08/2026, 2:20:42 pm [32m    LOG[39m [38;5;3m[RouterExplorer] [39m[32mMapped {/health, GET} route[39m[38;5;3m +8ms[39m
[32m[Nest] 69168  - [39m03/08/2026, 2:20:42 pm [32m    LOG[39m [38;5;3m[RoutesResolver] [39m[32mClerkTestController {/clerk-test}:[39m[38;5;3m +1ms[39m
[32m[Nest] 69168  - [39m03/08/2026, 2:20:42 pm [32m    LOG[39m [38;5;3m[RouterExplorer] [39m[32mMapped {/clerk-test/me, GET} route[39m[38;5;3m +2ms[39m
[32m[Nest] 69168  - [39m03/08/2026, 2:20:42 pm [32m    LOG[39m [38;5;3m[RoutesResolver] [39m[32mStreamController {/stream}:[39m[38;5;3m +3ms[39m
[32m[Nest] 69168  - [39m03/08/2026, 2:20:42 pm [32m    LOG[39m [38;5;3m[RouterExplorer] [39m[32mMapped {/stream/token, GET} route[39m[38;5;3m +1ms[39m
[32m[Nest] 69168  - [39m03/08/2026, 2:20:42 pm [32m    LOG[39m [38;5;3m[RoutesResolver] [39m[32mUsersController {/users}:[39m[38;5;3m +0ms[39m
[32m[Nest] 69168  - [39m03/08/2026, 2:20:42 pm [32m    LOG[39m [38;5;3m[RouterExplorer] [39m[32mMapped {/users/me, GET} route[39m[38;5;3m +1ms[39m
[32m[Nest] 69168  - [39m03/08/2026, 2:20:42 pm [32m    LOG[39m [38;5;3m[RouterExplorer] [39m[32mMapped {/users, GET} route[39m[38;5;3m +1ms[39m
[32m[Nest] 69168  - [39m03/08/2026, 2:20:42 pm [32m    LOG[39m [38;5;3m[RouterExplorer] [39m[32mMapped {/users/:clerkId/role, PATCH} route[39m[38;5;3m +4ms[39m
[32m[Nest] 69168  - [39m03/08/2026, 2:20:42 pm [32m    LOG[39m [38;5;3m[RoutesResolver] [39m[32mChatController {/chat}:[39m[38;5;3m +1ms[39m
[32m[Nest] 69168  - [39m03/08/2026, 2:20:42 pm [32m    LOG[39m [38;5;3m[RouterExplorer] [39m[32mMapped {/chat/token, GET} route[39m[38;5;3m +2ms[39m
[32m[Nest] 69168  - [39m03/08/2026, 2:20:42 pm [32m    LOG[39m [38;5;3m[RouterExplorer] [39m[32mMapped {/chat/direct, POST} route[39m[38;5;3m +1ms[39m
[32m[Nest] 69168  - [39m03/08/2026, 2:20:42 pm [32m    LOG[39m [38;5;3m[RouterExplorer] [39m[32mMapped {/chat/group, POST} route[39m[38;5;3m +1ms[39m
[32m[Nest] 69168  - [39m03/08/2026, 2:20:42 pm [32m    LOG[39m [38;5;3m[RouterExplorer] [39m[32mMapped {/chat/groups/:channelId, GET} route[39m[38;5;3m +5ms[39m
[32m[Nest] 69168  - [39m03/08/2026, 2:20:42 pm [32m    LOG[39m [38;5;3m[RouterExplorer] [39m[32mMapped {/chat/groups/:channelId, PATCH} route[39m[38;5;3m +1ms[39m
[32m[Nest] 69168  - [39m03/08/2026, 2:20:42 pm [32m    LOG[39m [38;5;3m[RouterExplorer] [39m[32mMapped {/chat/groups/:channelId/members/:memberId, POST} route[39m[38;5;3m +1ms[39m
[32m[Nest] 69168  - [39m03/08/2026, 2:20:42 pm [32m    LOG[39m [38;5;3m[RouterExplorer] [39m[32mMapped {/chat/groups/:channelId/members/:memberId, DELETE} route[39m[38;5;3m +1ms[39m
[32m[Nest] 69168  - [39m03/08/2026, 2:20:42 pm [32m    LOG[39m [38;5;3m[RouterExplorer] [39m[32mMapped {/chat/groups/:channelId/leave, POST} route[39m[38;5;3m +1ms[39m
[32m[Nest] 69168  - [39m03/08/2026, 2:20:42 pm [32m    LOG[39m [38;5;3m[RouterExplorer] [39m[32mMapped {/chat/groups/:channelId/moderators/:memberId, POST} route[39m[38;5;3m +1ms[39m
[32m[Nest] 69168  - [39m03/08/2026, 2:20:42 pm [32m    LOG[39m [38;5;3m[RouterExplorer] [39m[32mMapped {/chat/groups/:channelId/moderators/:memberId, DELETE} route[39m[38;5;3m +1ms[39m
[32m[Nest] 69168  - [39m03/08/2026, 2:20:42 pm [32m    LOG[39m [38;5;3m[RoutesResolver] [39m[32mTasksController {/tasks}:[39m[38;5;3m +0ms[39m
[32m[Nest] 69168  - [39m03/08/2026, 2:20:42 pm [32m    LOG[39m [38;5;3m[RouterExplorer] [39m[32mMapped {/tasks, POST} route[39m[38;5;3m +2ms[39m
[32m[Nest] 69168  - [39m03/08/2026, 2:20:42 pm [32m    LOG[39m [38;5;3m[RouterExplorer] [39m[32mMapped {/tasks, GET} route[39m[38;5;3m +0ms[39m
[32m[Nest] 69168  - [39m03/08/2026, 2:20:42 pm [32m    LOG[39m [38;5;3m[RouterExplorer] [39m[32mMapped {/tasks/:id, GET} route[39m[38;5;3m +1ms[39m
[32m[Nest] 69168  - [39m03/08/2026, 2:20:42 pm [32m    LOG[39m [38;5;3m[RouterExplorer] [39m[32mMapped {/tasks/:id, PATCH} route[39m[38;5;3m +1ms[39m
[32m[Nest] 69168  - [39m03/08/2026, 2:20:42 pm [32m    LOG[39m [38;5;3m[RouterExplorer] [39m[32mMapped {/tasks/:id/status, PATCH} route[39m[38;5;3m +0ms[39m
[32m[Nest] 69168  - [39m03/08/2026, 2:20:42 pm [32m    LOG[39m [38;5;3m[RouterExplorer] [39m[32mMapped {/tasks/:id, DELETE} route[39m[38;5;3m +1ms[39m
[32m[Nest] 69168  - [39m03/08/2026, 2:20:42 pm [32m    LOG[39m [38;5;3m[RoutesResolver] [39m[32mMeetingsController {/meetings}:[39m[38;5;3m +0ms[39m
[32m[Nest] 69168  - [39m03/08/2026, 2:20:42 pm [32m    LOG[39m [38;5;3m[RouterExplorer] [39m[32mMapped {/meetings, POST} route[39m[38;5;3m +1ms[39m
[32m[Nest] 69168  - [39m03/08/2026, 2:20:42 pm [32m    LOG[39m [38;5;3m[RouterExplorer] [39m[32mMapped {/meetings, GET} route[39m[38;5;3m +0ms[39m
[32m[Nest] 69168  - [39m03/08/2026, 2:20:42 pm [32m    LOG[39m [38;5;3m[RouterExplorer] [39m[32mMapped {/meetings/:id, GET} route[39m[38;5;3m +2ms[39m
[32m[Nest] 69168  - [39m03/08/2026, 2:20:42 pm [32m    LOG[39m [38;5;3m[RouterExplorer] [39m[32mMapped {/meetings/:id, PATCH} route[39m[38;5;3m +1ms[39m
[32m[Nest] 69168  - [39m03/08/2026, 2:20:42 pm [32m    LOG[39m [38;5;3m[RouterExplorer] [39m[32mMapped {/meetings/:id, DELETE} route[39m[38;5;3m +1ms[39m
[32m[Nest] 69168  - [39m03/08/2026, 2:20:42 pm [32m    LOG[39m [38;5;3m[RouterExplorer] [39m[32mMapped {/meetings/:id/join, POST} route[39m[38;5;3m +0ms[39m
[32m[Nest] 69168  - [39m03/08/2026, 2:20:42 pm [32m    LOG[39m [38;5;3m[RouterExplorer] [39m[32mMapped {/meetings/:id/leave, POST} route[39m[38;5;3m +0ms[39m
[32m[Nest] 69168  - [39m03/08/2026, 2:20:42 pm [32m    LOG[39m [38;5;3m[RoutesResolver] [39m[32mDepartmentsController {/departments}:[39m[38;5;3m +1ms[39m
[32m[Nest] 69168  - [39m03/08/2026, 2:20:42 pm [32m    LOG[39m [38;5;3m[RouterExplorer] [39m[32mMapped {/departments, POST} route[39m[38;5;3m +1ms[39m
[32m[Nest] 69168  - [39m03/08/2026, 2:20:42 pm [32m    LOG[39m [38;5;3m[RouterExplorer] [39m[32mMapped {/departments/mine, GET} route[39m[38;5;3m +1ms[39m
[32m[Nest] 69168  - [39m03/08/2026, 2:20:42 pm [32m    LOG[39m [38;5;3m[RouterExplorer] [39m[32mMapped {/departments/:id, GET} route[39m[38;5;3m +1ms[39m
[32m[Nest] 69168  - [39m03/08/2026, 2:20:42 pm [32m    LOG[39m [38;5;3m[RouterExplorer] [39m[32mMapped {/departments/:id, PATCH} route[39m[38;5;3m +7ms[39m
[32m[Nest] 69168  - [39m03/08/2026, 2:20:42 pm [32m    LOG[39m [38;5;3m[RouterExplorer] [39m[32mMapped {/departments/:id, DELETE} route[39m[38;5;3m +14ms[39m
[32m[Nest] 69168  - [39m03/08/2026, 2:20:42 pm [32m    LOG[39m [38;5;3m[RouterExplorer] [39m[32mMapped {/departments/:id/members/:memberId, POST} route[39m[38;5;3m +1ms[39m
[32m[Nest] 69168  - [39m03/08/2026, 2:20:42 pm [32m    LOG[39m [38;5;3m[RouterExplorer] [39m[32mMapped {/departments/:id/members/:memberId, DELETE} route[39m[38;5;3m +1ms[39m
[32m[Nest] 69168  - [39m03/08/2026, 2:20:42 pm [32m    LOG[39m [38;5;3m[RoutesResolver] [39m[32mChannelsController {/channels}:[39m[38;5;3m +0ms[39m
[32m[Nest] 69168  - [39m03/08/2026, 2:20:42 pm [32m    LOG[39m [38;5;3m[RouterExplorer] [39m[32mMapped {/channels, POST} route[39m[38;5;3m +1ms[39m
[32m[Nest] 69168  - [39m03/08/2026, 2:20:42 pm [32m    LOG[39m [38;5;3m[RouterExplorer] [39m[32mMapped {/channels, GET} route[39m[38;5;3m +0ms[39m
[32m[Nest] 69168  - [39m03/08/2026, 2:20:42 pm [32m    LOG[39m [38;5;3m[RouterExplorer] [39m[32mMapped {/channels/:id, GET} route[39m[38;5;3m +1ms[39m
[32m[Nest] 69168  - [39m03/08/2026, 2:20:42 pm [32m    LOG[39m [38;5;3m[RouterExplorer] [39m[32mMapped {/channels/:id, PATCH} route[39m[38;5;3m +0ms[39m
[32m[Nest] 69168  - [39m03/08/2026, 2:20:42 pm [32m    LOG[39m [38;5;3m[RouterExplorer] [39m[32mMapped {/channels/:id, DELETE} route[39m[38;5;3m +1ms[39m
[32m[Nest] 69168  - [39m03/08/2026, 2:20:42 pm [32m    LOG[39m [38;5;3m[RouterExplorer] [39m[32mMapped {/channels/:id/join, POST} route[39m[38;5;3m +7ms[39m
[32m[Nest] 69168  - [39m03/08/2026, 2:20:42 pm [32m    LOG[39m [38;5;3m[RouterExplorer] [39m[32mMapped {/channels/:id/leave, POST} route[39m[38;5;3m +2ms[39m
[32m[Nest] 69168  - [39m03/08/2026, 2:20:42 pm [32m    LOG[39m [38;5;3m[RouterExplorer] [39m[32mMapped {/channels/:id/members, GET} route[39m[38;5;3m +1ms[39m
[32m[Nest] 69168  - [39m03/08/2026, 2:20:42 pm [32m    LOG[39m [38;5;3m[RouterExplorer] [39m[32mMapped {/channels/:id/members/:memberId, POST} route[39m[38;5;3m +2ms[39m
[32m[Nest] 69168  - [39m03/08/2026, 2:20:42 pm [32m    LOG[39m [38;5;3m[RouterExplorer] [39m[32mMapped {/channels/:id/members/:memberId, DELETE} route[39m[38;5;3m +1ms[39m
[32m[Nest] 69168  - [39m03/08/2026, 2:20:42 pm [32m    LOG[39m [38;5;3m[RoutesResolver] [39m[32mNotificationsController {/notifications}:[39m[38;5;3m +0ms[39m
[32m[Nest] 69168  - [39m03/08/2026, 2:20:42 pm [32m    LOG[39m [38;5;3m[RouterExplorer] [39m[32mMapped {/notifications, GET} route[39m[38;5;3m +1ms[39m
[32m[Nest] 69168  - [39m03/08/2026, 2:20:42 pm [32m    LOG[39m [38;5;3m[RouterExplorer] [39m[32mMapped {/notifications/unread-count, GET} route[39m[38;5;3m +1ms[39m
[32m[Nest] 69168  - [39m03/08/2026, 2:20:42 pm [32m    LOG[39m [38;5;3m[RouterExplorer] [39m[32mMapped {/notifications/:id/read, PATCH} route[39m[38;5;3m +0ms[39m
[32m[Nest] 69168  - [39m03/08/2026, 2:20:42 pm [32m    LOG[39m [38;5;3m[RouterExplorer] [39m[32mMapped {/notifications/read-all, PATCH} route[39m[38;5;3m +1ms[39m
[32m[Nest] 69168  - [39m03/08/2026, 2:20:42 pm [32m    LOG[39m [38;5;3m[RouterExplorer] [39m[32mMapped {/notifications/self, POST} route[39m[38;5;3m +1ms[39m
[32m[Nest] 69168  - [39m03/08/2026, 2:20:42 pm [32m    LOG[39m [38;5;3m[StreamService] [39m[32mStream Chat server client initialized.[39m
Attention: Clerk collects telemetry data from its SDKs when connected to development instances.
The data collected is used to inform Clerk's product roadmap.
To learn more, including how to opt-out from the telemetry program, visit: https://clerk.com/docs/telemetry.

[32m[Nest] 69168  - [39m03/08/2026, 2:20:43 pm [32m    LOG[39m [38;5;3m[NestApplication] [39m[32mNest application successfully started[39m[38;5;3m +707ms[39m
🚀 Application is running on: http://localhost:3001
[32m[Nest] 69168  - [39m03/08/2026, 2:20:53 pm [32m    LOG[39m [38;5;3m[StreamService] [39m[32mStream user synced: user_3HE0SV8kvYSMEx8ggz3MMpOGMYX[39m
[32m[Nest] 69168  - [39m03/08/2026, 2:20:54 pm [32m    LOG[39m [38;5;3m[StreamService] [39m[32mStream user synced: user_3HE0SV8kvYSMEx8ggz3MMpOGMYX[39m
[2J[3J[H[[90m2:21:11 pm[0m] File change detected. Starting incremental compilation...

[[90m2:21:15 pm[0m] Found 0 errors. Watching for file changes.

[2J[3J[H[[90m2:21:16 pm[0m] File change detected. Starting incremental compilation...

[[90m2:21:20 pm[0m] Found 0 errors. Watching for file changes.

[2J[3J[H[[90m2:21:25 pm[0m] File change detected. Starting incremental compilation...

[[90m2:21:29 pm[0m] Found 0 errors. Watching for file changes.

[2J[3J[H[[90m2:21:31 pm[0m] File change detected. Starting incremental compilation...

[96msrc/chat/chat.service.ts[0m:[93m143[0m:[93m5[0m - [91merror[0m[90m TS2741: [0mProperty 'avatarUrl' is missing in type '{ channelId: string; name: string; description: string; memberCount: number; createdById: string; currentUserRole: GroupRole; canManage: boolean; canManageModerators: boolean; members: GroupMemberInfo[]; }' but required in type 'GroupInfo'.

[7m143[0m     return {
[7m   [0m [91m    ~~~~~~[0m

  [96msrc/chat/chat.service.ts[0m:[93m32[0m:[93m3[0m
    [7m32[0m   avatarUrl: string | null;
    [7m  [0m [96m  ~~~~~~~~~[0m
    'avatarUrl' is declared here.

[[90m2:21:32 pm[0m] Found 1 error. Watching for file changes.

[2J[3J[H[[90m2:21:40 pm[0m] File change detected. Starting incremental compilation...

[[90m2:21:43 pm[0m] Found 0 errors. Watching for file changes.

[2J[3J[H[[90m2:21:51 pm[0m] File change detected. Starting incremental compilation...

[96msrc/chat/chat.service.ts[0m:[93m208[0m:[93m42[0m - [91merror[0m[90m TS2353: [0mObject literal may only specify known properties, and 'image' does not exist in type 'PartialUpdateChannelFields'.

[7m208[0m     await channel.updatePartial({ set: { image: avatarUrl } });
[7m   [0m [91m                                         ~~~~~[0m

  [96mnode_modules/stream-chat/dist/types/types.d.ts[0m:[93m2299[0m:[93m5[0m
    [7m2299[0m     set?: PartialUpdateChannelFields;
    [7m    [0m [96m    ~~~[0m
    The expected type comes from property 'set' which is declared here on type 'PartialUpdateChannel'

[96msrc/chat/chat.service.ts[0m:[93m226[0m:[93m42[0m - [91merror[0m[90m TS2353: [0mObject literal may only specify known properties, and 'image' does not exist in type 'PartialUpdateChannelFields'.

[7m226[0m     await channel.updatePartial({ set: { image: '' } });
[7m   [0m [91m                                         ~~~~~[0m

  [96mnode_modules/stream-chat/dist/types/types.d.ts[0m:[93m2299[0m:[93m5[0m
    [7m2299[0m     set?: PartialUpdateChannelFields;
    [7m    [0m [96m    ~~~[0m
    The expected type comes from property 'set' which is declared here on type 'PartialUpdateChannel'

[[90m2:21:52 pm[0m] Found 2 errors. Watching for file changes.

[32m[Nest] 83424  - [39m03/08/2026, 2:21:57 pm [32m    LOG[39m [38;5;3m[NestFactory] [39m[32mStarting Nest application...[39m
[32m[Nest] 83424  - [39m03/08/2026, 2:21:57 pm [32m    LOG[39m [38;5;3m[InstanceLoader] [39m[32mAppModule dependencies initialized[39m[38;5;3m +85ms[39m
[32m[Nest] 83424  - [39m03/08/2026, 2:21:57 pm [32m    LOG[39m [38;5;3m[InstanceLoader] [39m[32mConfigModule dependencies initialized[39m[38;5;3m +1ms[39m
[32m[Nest] 83424  - [39m03/08/2026, 2:21:57 pm [32m    LOG[39m [38;5;3m[InstanceLoader] [39m[32mConfigHostModule dependencies initialized[39m[38;5;3m +1ms[39m
[31m[Nest] 83424  - [39m03/08/2026, 2:21:57 pm [31m  ERROR[39m [38;5;3m[ExceptionHandler] [39mUnknownDependenciesException [Error]: Nest can't resolve dependencies of the ChatService (?, StreamService, UsersService, NotificationsService). Please make sure that the argument Symbol(DRIZZLE) at index [0] is available in the ClerkModule module.

Potential solutions:
- Is ClerkModule a valid NestJS module?
- If Symbol(DRIZZLE) is a provider, is it part of the current ClerkModule?
- If Symbol(DRIZZLE) is exported from a separate @Module, is that module imported within ClerkModule?
  @Module({
    imports: [ /* the Module containing Symbol(DRIZZLE) */ ]
  })

For more common dependency resolution issues, see: https://docs.nestjs.com/faq/common-errors
    at Injector.lookupComponentInParentModules [90m(C:\Users\Chirag Gupta\Desktop\enterprise-productivity\enterprise-productivity-backend\[39mnode_modules\[4m@nestjs\core[24m\injector\injector.js:300:19[90m)[39m
    at async resolveParam [90m(C:\Users\Chirag Gupta\Desktop\enterprise-productivity\enterprise-productivity-backend\[39mnode_modules\[4m@nestjs\core[24m\injector\injector.js:150:38[90m)[39m
    at async Promise.all (index 0)
    at async Injector.resolveConstructorParams [90m(C:\Users\Chirag Gupta\Desktop\enterprise-productivity\enterprise-productivity-backend\[39mnode_modules\[4m@nestjs\core[24m\injector\injector.js:179:27[90m)[39m
    at async Injector.loadInstance [90m(C:\Users\Chirag Gupta\Desktop\enterprise-productivity\enterprise-productivity-backend\[39mnode_modules\[4m@nestjs\core[24m\injector\injector.js:77:13[90m)[39m
    at async Injector.loadProvider [90m(C:\Users\Chirag Gupta\Desktop\enterprise-productivity\enterprise-productivity-backend\[39mnode_modules\[4m@nestjs\core[24m\injector\injector.js:111:9[90m)[39m
    at async [90mC:\Users\Chirag Gupta\Desktop\enterprise-productivity\enterprise-productivity-backend\[39mnode_modules\[4m@nestjs\core[24m\injector\instance-loader.js:56:13
    at async Promise.all (index 5)
    at async InstanceLoader.createInstancesOfProviders [90m(C:\Users\Chirag Gupta\Desktop\enterprise-productivity\enterprise-productivity-backend\[39mnode_modules\[4m@nestjs\core[24m\injector\instance-loader.js:55:9[90m)[39m
    at async [90mC:\Users\Chirag Gupta\Desktop\enterprise-productivity\enterprise-productivity-backend\[39mnode_modules\[4m@nestjs\core[24m\injector\instance-loader.js:40:13 {
  type: [32m'ChatService'[39m,
  context: {
    index: [33m0[39m,
    dependencies: [
      [32mSymbol(DRIZZLE)[39m,
      [36m[class StreamService][39m,
      [36m[class UsersService][39m,
      [36m[class NotificationsService][39m
    ],
    name: [32mSymbol(DRIZZLE)[39m
  },
  metadata: {
    id: [32m'8a41f5c67d0b081d96c58'[39m
  },
  moduleRef: {
    id: [32m'0958b50d9bb467fcbaac2'[39m
  }
}
[2J[3J[H[[90m2:21:57 pm[0m] File change detected. Starting incremental compilation...

[96msrc/chat/chat.service.ts[0m:[93m208[0m:[93m42[0m - [91merror[0m[90m TS2353: [0mObject literal may only specify known properties, and 'image' does not exist in type 'PartialUpdateChannelFields'.

[7m208[0m     await channel.updatePartial({ set: { image: avatarUrl } });
[7m   [0m [91m                                         ~~~~~[0m

  [96mnode_modules/stream-chat/dist/types/types.d.ts[0m:[93m2299[0m:[93m5[0m
    [7m2299[0m     set?: PartialUpdateChannelFields;
    [7m    [0m [96m    ~~~[0m
    The expected type comes from property 'set' which is declared here on type 'PartialUpdateChannel'

[96msrc/chat/chat.service.ts[0m:[93m226[0m:[93m42[0m - [91merror[0m[90m TS2353: [0mObject literal may only specify known properties, and 'image' does not exist in type 'PartialUpdateChannelFields'.

[7m226[0m     await channel.updatePartial({ set: { image: '' } });
[7m   [0m [91m                                         ~~~~~[0m

  [96mnode_modules/stream-chat/dist/types/types.d.ts[0m:[93m2299[0m:[93m5[0m
    [7m2299[0m     set?: PartialUpdateChannelFields;
    [7m    [0m [96m    ~~~[0m
    The expected type comes from property 'set' which is declared here on type 'PartialUpdateChannel'

[[90m2:21:58 pm[0m] Found 2 errors. Watching for file changes.

[2J[3J[H[[90m2:22:02 pm[0m] File change detected. Starting incremental compilation...

[96msrc/chat/chat.service.ts[0m:[93m208[0m:[93m42[0m - [91merror[0m[90m TS2353: [0mObject literal may only specify known properties, and 'image' does not exist in type 'PartialUpdateChannelFields'.

[7m208[0m     await channel.updatePartial({ set: { image: avatarUrl } });
[7m   [0m [91m                                         ~~~~~[0m

  [96mnode_modules/stream-chat/dist/types/types.d.ts[0m:[93m2299[0m:[93m5[0m
    [7m2299[0m     set?: PartialUpdateChannelFields;
    [7m    [0m [96m    ~~~[0m
    The expected type comes from property 'set' which is declared here on type 'PartialUpdateChannel'

[96msrc/chat/chat.service.ts[0m:[93m226[0m:[93m42[0m - [91merror[0m[90m TS2353: [0mObject literal may only specify known properties, and 'image' does not exist in type 'PartialUpdateChannelFields'.

[7m226[0m     await channel.updatePartial({ set: { image: '' } });
[7m   [0m [91m                                         ~~~~~[0m

  [96mnode_modules/stream-chat/dist/types/types.d.ts[0m:[93m2299[0m:[93m5[0m
    [7m2299[0m     set?: PartialUpdateChannelFields;
    [7m    [0m [96m    ~~~[0m
    The expected type comes from property 'set' which is declared here on type 'PartialUpdateChannel'

[[90m2:22:03 pm[0m] Found 2 errors. Watching for file changes.

[2J[3J[H[[90m2:22:08 pm[0m] File change detected. Starting incremental compilation...

[96msrc/chat/chat.service.ts[0m:[93m208[0m:[93m42[0m - [91merror[0m[90m TS2353: [0mObject literal may only specify known properties, and 'image' does not exist in type 'PartialUpdateChannelFields'.

[7m208[0m     await channel.updatePartial({ set: { image: avatarUrl } });
[7m   [0m [91m                                         ~~~~~[0m

  [96mnode_modules/stream-chat/dist/types/types.d.ts[0m:[93m2299[0m:[93m5[0m
    [7m2299[0m     set?: PartialUpdateChannelFields;
    [7m    [0m [96m    ~~~[0m
    The expected type comes from property 'set' which is declared here on type 'PartialUpdateChannel'

[96msrc/chat/chat.service.ts[0m:[93m226[0m:[93m42[0m - [91merror[0m[90m TS2353: [0mObject literal may only specify known properties, and 'image' does not exist in type 'PartialUpdateChannelFields'.

[7m226[0m     await channel.updatePartial({ set: { image: '' } });
[7m   [0m [91m                                         ~~~~~[0m

  [96mnode_modules/stream-chat/dist/types/types.d.ts[0m:[93m2299[0m:[93m5[0m
    [7m2299[0m     set?: PartialUpdateChannelFields;
    [7m    [0m [96m    ~~~[0m
    The expected type comes from property 'set' which is declared here on type 'PartialUpdateChannel'

[[90m2:22:08 pm[0m] Found 2 errors. Watching for file changes.

[2J[3J[H[[90m2:22:13 pm[0m] File change detected. Starting incremental compilation...

[96msrc/chat/chat.service.ts[0m:[93m208[0m:[93m42[0m - [91merror[0m[90m TS2353: [0mObject literal may only specify known properties, and 'image' does not exist in type 'PartialUpdateChannelFields'.

[7m208[0m     await channel.updatePartial({ set: { image: avatarUrl } });
[7m   [0m [91m                                         ~~~~~[0m

  [96mnode_modules/stream-chat/dist/types/types.d.ts[0m:[93m2299[0m:[93m5[0m
    [7m2299[0m     set?: PartialUpdateChannelFields;
    [7m    [0m [96m    ~~~[0m
    The expected type comes from property 'set' which is declared here on type 'PartialUpdateChannel'

[96msrc/chat/chat.service.ts[0m:[93m226[0m:[93m42[0m - [91merror[0m[90m TS2353: [0mObject literal may only specify known properties, and 'image' does not exist in type 'PartialUpdateChannelFields'.

[7m226[0m     await channel.updatePartial({ set: { image: '' } });
[7m   [0m [91m                                         ~~~~~[0m

  [96mnode_modules/stream-chat/dist/types/types.d.ts[0m:[93m2299[0m:[93m5[0m
    [7m2299[0m     set?: PartialUpdateChannelFields;
    [7m    [0m [96m    ~~~[0m
    The expected type comes from property 'set' which is declared here on type 'PartialUpdateChannel'

[[90m2:22:14 pm[0m] Found 2 errors. Watching for file changes.

[2J[3J[H[[90m2:24:33 pm[0m] File change detected. Starting incremental compilation...

[96msrc/chat/chat.service.ts[0m:[93m228[0m:[93m42[0m - [91merror[0m[90m TS2353: [0mObject literal may only specify known properties, and 'image' does not exist in type 'PartialUpdateChannelFields'.

[7m228[0m     await channel.updatePartial({ set: { image: '' } });
[7m   [0m [91m                                         ~~~~~[0m

  [96mnode_modules/stream-chat/dist/types/types.d.ts[0m:[93m2299[0m:[93m5[0m
    [7m2299[0m     set?: PartialUpdateChannelFields;
    [7m    [0m [96m    ~~~[0m
    The expected type comes from property 'set' which is declared here on type 'PartialUpdateChannel'

[[90m2:24:33 pm[0m] Found 1 error. Watching for file changes.

[2J[3J[H[[90m2:24:41 pm[0m] File change detected. Starting incremental compilation...

[96msrc/chat/chat.service.ts[0m:[93m230[0m:[93m42[0m - [91merror[0m[90m TS2353: [0mObject literal may only specify known properties, and 'image' does not exist in type 'PartialUpdateChannelFields'.

[7m230[0m     await channel.updatePartial({ set: { image: '' } });
[7m   [0m [91m                                         ~~~~~[0m

  [96mnode_modules/stream-chat/dist/types/types.d.ts[0m:[93m2299[0m:[93m5[0m
    [7m2299[0m     set?: PartialUpdateChannelFields;
    [7m    [0m [96m    ~~~[0m
    The expected type comes from property 'set' which is declared here on type 'PartialUpdateChannel'

[[90m2:24:41 pm[0m] Found 1 error. Watching for file changes.

[2J[3J[H[[90m2:24:46 pm[0m] File change detected. Starting incremental compilation...

[[90m2:24:47 pm[0m] Found 0 errors. Watching for file changes.

[32m[Nest] 61832  - [39m03/08/2026, 2:24:56 pm [32m    LOG[39m [38;5;3m[NestFactory] [39m[32mStarting Nest application...[39m
[32m[Nest] 61832  - [39m03/08/2026, 2:24:56 pm [32m    LOG[39m [38;5;3m[InstanceLoader] [39m[32mAppModule dependencies initialized[39m[38;5;3m +26ms[39m
[32m[Nest] 61832  - [39m03/08/2026, 2:24:56 pm [32m    LOG[39m [38;5;3m[InstanceLoader] [39m[32mConfigModule dependencies initialized[39m[38;5;3m +0ms[39m
[32m[Nest] 61832  - [39m03/08/2026, 2:24:56 pm [32m    LOG[39m [38;5;3m[InstanceLoader] [39m[32mConfigHostModule dependencies initialized[39m[38;5;3m +0ms[39m
[32m[Nest] 61832  - [39m03/08/2026, 2:24:56 pm [32m    LOG[39m [38;5;3m[InstanceLoader] [39m[32mHealthModule dependencies initialized[39m[38;5;3m +26ms[39m
[32m[Nest] 61832  - [39m03/08/2026, 2:24:56 pm [32m    LOG[39m [38;5;3m[InstanceLoader] [39m[32mConfigModule dependencies initialized[39m[38;5;3m +1ms[39m
[32m[Nest] 61832  - [39m03/08/2026, 2:24:56 pm [32m    LOG[39m [38;5;3m[InstanceLoader] [39m[32mStreamModule dependencies initialized[39m[38;5;3m +0ms[39m
[32m[Nest] 61832  - [39m03/08/2026, 2:24:56 pm [32m    LOG[39m [38;5;3m[DrizzleProvider] [39m[32mPostgreSQL connection established successfully.[39m
[32m[Nest] 61832  - [39m03/08/2026, 2:24:56 pm [32m    LOG[39m [38;5;3m[InstanceLoader] [39m[32mDatabaseModule dependencies initialized[39m[38;5;3m +2ms[39m
[32m[Nest] 61832  - [39m03/08/2026, 2:24:56 pm [32m    LOG[39m [38;5;3m[InstanceLoader] [39m[32mUsersModule dependencies initialized[39m[38;5;3m +1ms[39m
[32m[Nest] 61832  - [39m03/08/2026, 2:24:56 pm [32m    LOG[39m [38;5;3m[InstanceLoader] [39m[32mNotificationsModule dependencies initialized[39m[38;5;3m +0ms[39m
[32m[Nest] 61832  - [39m03/08/2026, 2:24:56 pm [32m    LOG[39m [38;5;3m[InstanceLoader] [39m[32mDepartmentsModule dependencies initialized[39m[38;5;3m +1ms[39m
[32m[Nest] 61832  - [39m03/08/2026, 2:24:56 pm [32m    LOG[39m [38;5;3m[InstanceLoader] [39m[32mTasksModule dependencies initialized[39m[38;5;3m +0ms[39m
[32m[Nest] 61832  - [39m03/08/2026, 2:24:56 pm [32m    LOG[39m [38;5;3m[InstanceLoader] [39m[32mMeetingsModule dependencies initialized[39m[38;5;3m +0ms[39m
[32m[Nest] 61832  - [39m03/08/2026, 2:24:56 pm [32m    LOG[39m [38;5;3m[InstanceLoader] [39m[32mChannelsModule dependencies initialized[39m[38;5;3m +0ms[39m
[32m[Nest] 61832  - [39m03/08/2026, 2:24:56 pm [32m    LOG[39m [38;5;3m[InstanceLoader] [39m[32mClerkModule dependencies initialized[39m[38;5;3m +2ms[39m
[32m[Nest] 61832  - [39m03/08/2026, 2:24:56 pm [32m    LOG[39m [38;5;3m[RoutesResolver] [39m[32mHealthController {/health}:[39m[38;5;3m +12ms[39m
[32m[Nest] 61832  - [39m03/08/2026, 2:24:56 pm [32m    LOG[39m [38;5;3m[RouterExplorer] [39m[32mMapped {/health, GET} route[39m[38;5;3m +5ms[39m
[32m[Nest] 61832  - [39m03/08/2026, 2:24:56 pm [32m    LOG[39m [38;5;3m[RoutesResolver] [39m[32mClerkTestController {/clerk-test}:[39m[38;5;3m +1ms[39m
[32m[Nest] 61832  - [39m03/08/2026, 2:24:56 pm [32m    LOG[39m [38;5;3m[RouterExplorer] [39m[32mMapped {/clerk-test/me, GET} route[39m[38;5;3m +1ms[39m
[32m[Nest] 61832  - [39m03/08/2026, 2:24:56 pm [32m    LOG[39m [38;5;3m[RoutesResolver] [39m[32mStreamController {/stream}:[39m[38;5;3m +0ms[39m
[32m[Nest] 61832  - [39m03/08/2026, 2:24:56 pm [32m    LOG[39m [38;5;3m[RouterExplorer] [39m[32mMapped {/stream/token, GET} route[39m[38;5;3m +1ms[39m
[32m[Nest] 61832  - [39m03/08/2026, 2:24:56 pm [32m    LOG[39m [38;5;3m[RoutesResolver] [39m[32mUsersController {/users}:[39m[38;5;3m +0ms[39m
[32m[Nest] 61832  - [39m03/08/2026, 2:24:56 pm [32m    LOG[39m [38;5;3m[RouterExplorer] [39m[32mMapped {/users/me, GET} route[39m[38;5;3m +1ms[39m
[32m[Nest] 61832  - [39m03/08/2026, 2:24:56 pm [32m    LOG[39m [38;5;3m[RouterExplorer] [39m[32mMapped {/users, GET} route[39m[38;5;3m +0ms[39m
[32m[Nest] 61832  - [39m03/08/2026, 2:24:56 pm [32m    LOG[39m [38;5;3m[RouterExplorer] [39m[32mMapped {/users/:clerkId/role, PATCH} route[39m[38;5;3m +2ms[39m
[32m[Nest] 61832  - [39m03/08/2026, 2:24:56 pm [32m    LOG[39m [38;5;3m[RoutesResolver] [39m[32mChatController {/chat}:[39m[38;5;3m +0ms[39m
[32m[Nest] 61832  - [39m03/08/2026, 2:24:56 pm [32m    LOG[39m [38;5;3m[RouterExplorer] [39m[32mMapped {/chat/token, GET} route[39m[38;5;3m +1ms[39m
[32m[Nest] 61832  - [39m03/08/2026, 2:24:56 pm [32m    LOG[39m [38;5;3m[RouterExplorer] [39m[32mMapped {/chat/direct, POST} route[39m[38;5;3m +1ms[39m
[32m[Nest] 61832  - [39m03/08/2026, 2:24:56 pm [32m    LOG[39m [38;5;3m[RouterExplorer] [39m[32mMapped {/chat/group, POST} route[39m[38;5;3m +0ms[39m
[32m[Nest] 61832  - [39m03/08/2026, 2:24:56 pm [32m    LOG[39m [38;5;3m[RouterExplorer] [39m[32mMapped {/chat/groups/:channelId, GET} route[39m[38;5;3m +1ms[39m
[32m[Nest] 61832  - [39m03/08/2026, 2:24:56 pm [32m    LOG[39m [38;5;3m[RouterExplorer] [39m[32mMapped {/chat/groups/:channelId, PATCH} route[39m[38;5;3m +0ms[39m
[32m[Nest] 61832  - [39m03/08/2026, 2:24:56 pm [32m    LOG[39m [38;5;3m[RouterExplorer] [39m[32mMapped {/chat/groups/:channelId/avatar, PUT} route[39m[38;5;3m +1ms[39m
[32m[Nest] 61832  - [39m03/08/2026, 2:24:56 pm [32m    LOG[39m [38;5;3m[RouterExplorer] [39m[32mMapped {/chat/groups/:channelId/avatar, DELETE} route[39m[38;5;3m +0ms[39m
[32m[Nest] 61832  - [39m03/08/2026, 2:24:56 pm [32m    LOG[39m [38;5;3m[RouterExplorer] [39m[32mMapped {/chat/groups/:channelId/members/:memberId, POST} route[39m[38;5;3m +0ms[39m
[32m[Nest] 61832  - [39m03/08/2026, 2:24:56 pm [32m    LOG[39m [38;5;3m[RouterExplorer] [39m[32mMapped {/chat/groups/:channelId/members/:memberId, DELETE} route[39m[38;5;3m +1ms[39m
[32m[Nest] 61832  - [39m03/08/2026, 2:24:56 pm [32m    LOG[39m [38;5;3m[RouterExplorer] [39m[32mMapped {/chat/groups/:channelId/leave, POST} route[39m[38;5;3m +0ms[39m
[32m[Nest] 61832  - [39m03/08/2026, 2:24:56 pm [32m    LOG[39m [38;5;3m[RouterExplorer] [39m[32mMapped {/chat/groups/:channelId/moderators/:memberId, POST} route[39m[38;5;3m +0ms[39m
[32m[Nest] 61832  - [39m03/08/2026, 2:24:56 pm [32m    LOG[39m [38;5;3m[RouterExplorer] [39m[32mMapped {/chat/groups/:channelId/moderators/:memberId, DELETE} route[39m[38;5;3m +1ms[39m
[32m[Nest] 61832  - [39m03/08/2026, 2:24:56 pm [32m    LOG[39m [38;5;3m[RoutesResolver] [39m[32mTasksController {/tasks}:[39m[38;5;3m +0ms[39m
[32m[Nest] 61832  - [39m03/08/2026, 2:24:56 pm [32m    LOG[39m [38;5;3m[RouterExplorer] [39m[32mMapped {/tasks, POST} route[39m[38;5;3m +0ms[39m
[32m[Nest] 61832  - [39m03/08/2026, 2:24:56 pm [32m    LOG[39m [38;5;3m[RouterExplorer] [39m[32mMapped {/tasks, GET} route[39m[38;5;3m +0ms[39m
[32m[Nest] 61832  - [39m03/08/2026, 2:24:56 pm [32m    LOG[39m [38;5;3m[RouterExplorer] [39m[32mMapped {/tasks/:id, GET} route[39m[38;5;3m +1ms[39m
[32m[Nest] 61832  - [39m03/08/2026, 2:24:56 pm [32m    LOG[39m [38;5;3m[RouterExplorer] [39m[32mMapped {/tasks/:id, PATCH} route[39m[38;5;3m +0ms[39m
[32m[Nest] 61832  - [39m03/08/2026, 2:24:56 pm [32m    LOG[39m [38;5;3m[RouterExplorer] [39m[32mMapped {/tasks/:id/status, PATCH} route[39m[38;5;3m +0ms[39m
[32m[Nest] 61832  - [39m03/08/2026, 2:24:56 pm [32m    LOG[39m [38;5;3m[RouterExplorer] [39m[32mMapped {/tasks/:id, DELETE} route[39m[38;5;3m +0ms[39m
[32m[Nest] 61832  - [39m03/08/2026, 2:24:56 pm [32m    LOG[39m [38;5;3m[RoutesResolver] [39m[32mMeetingsController {/meetings}:[39m[38;5;3m +1ms[39m
[32m[Nest] 61832  - [39m03/08/2026, 2:24:56 pm [32m    LOG[39m [38;5;3m[RouterExplorer] [39m[32mMapped {/meetings, POST} route[39m[38;5;3m +0ms[39m
[32m[Nest] 61832  - [39m03/08/2026, 2:24:56 pm [32m    LOG[39m [38;5;3m[RouterExplorer] [39m[32mMapped {/meetings, GET} route[39m[38;5;3m +0ms[39m
[32m[Nest] 61832  - [39m03/08/2026, 2:24:56 pm [32m    LOG[39m [38;5;3m[RouterExplorer] [39m[32mMapped {/meetings/:id, GET} route[39m[38;5;3m +1ms[39m
[32m[Nest] 61832  - [39m03/08/2026, 2:24:56 pm [32m    LOG[39m [38;5;3m[RouterExplorer] [39m[32mMapped {/meetings/:id, PATCH} route[39m[38;5;3m +0ms[39m
[32m[Nest] 61832  - [39m03/08/2026, 2:24:56 pm [32m    LOG[39m [38;5;3m[RouterExplorer] [39m[32mMapped {/meetings/:id, DELETE} route[39m[38;5;3m +0ms[39m
[32m[Nest] 61832  - [39m03/08/2026, 2:24:56 pm [32m    LOG[39m [38;5;3m[RouterExplorer] [39m[32mMapped {/meetings/:id/join, POST} route[39m[38;5;3m +0ms[39m
[32m[Nest] 61832  - [39m03/08/2026, 2:24:56 pm [32m    LOG[39m [38;5;3m[RouterExplorer] [39m[32mMapped {/meetings/:id/leave, POST} route[39m[38;5;3m +1ms[39m
[32m[Nest] 61832  - [39m03/08/2026, 2:24:56 pm [32m    LOG[39m [38;5;3m[RoutesResolver] [39m[32mDepartmentsController {/departments}:[39m[38;5;3m +0ms[39m
[32m[Nest] 61832  - [39m03/08/2026, 2:24:56 pm [32m    LOG[39m [38;5;3m[RouterExplorer] [39m[32mMapped {/departments, POST} route[39m[38;5;3m +0ms[39m
[32m[Nest] 61832  - [39m03/08/2026, 2:24:56 pm [32m    LOG[39m [38;5;3m[RouterExplorer] [39m[32mMapped {/departments/mine, GET} route[39m[38;5;3m +0ms[39m
[32m[Nest] 61832  - [39m03/08/2026, 2:24:56 pm [32m    LOG[39m [38;5;3m[RouterExplorer] [39m[32mMapped {/departments/:id, GET} route[39m[38;5;3m +1ms[39m
[32m[Nest] 61832  - [39m03/08/2026, 2:24:56 pm [32m    LOG[39m [38;5;3m[RouterExplorer] [39m[32mMapped {/departments/:id, PATCH} route[39m[38;5;3m +0ms[39m
[32m[Nest] 61832  - [39m03/08/2026, 2:24:56 pm [32m    LOG[39m [38;5;3m[RouterExplorer] [39m[32mMapped {/departments/:id, DELETE} route[39m[38;5;3m +0ms[39m
[32m[Nest] 61832  - [39m03/08/2026, 2:24:56 pm [32m    LOG[39m [38;5;3m[RouterExplorer] [39m[32mMapped {/departments/:id/members/:memberId, POST} route[39m[38;5;3m +0ms[39m
[32m[Nest] 61832  - [39m03/08/2026, 2:24:56 pm [32m    LOG[39m [38;5;3m[RouterExplorer] [39m[32mMapped {/departments/:id/members/:memberId, DELETE} route[39m[38;5;3m +1ms[39m
[32m[Nest] 61832  - [39m03/08/2026, 2:24:56 pm [32m    LOG[39m [38;5;3m[RoutesResolver] [39m[32mChannelsController {/channels}:[39m[38;5;3m +0ms[39m
[32m[Nest] 61832  - [39m03/08/2026, 2:24:56 pm [32m    LOG[39m [38;5;3m[RouterExplorer] [39m[32mMapped {/channels, POST} route[39m[38;5;3m +0ms[39m
[32m[Nest] 61832  - [39m03/08/2026, 2:24:56 pm [32m    LOG[39m [38;5;3m[RouterExplorer] [39m[32mMapped {/channels, GET} route[39m[38;5;3m +1ms[39m
[32m[Nest] 61832  - [39m03/08/2026, 2:24:56 pm [32m    LOG[39m [38;5;3m[RouterExplorer] [39m[32mMapped {/channels/:id, GET} route[39m[38;5;3m +0ms[39m
[32m[Nest] 61832  - [39m03/08/2026, 2:24:56 pm [32m    LOG[39m [38;5;3m[RouterExplorer] [39m[32mMapped {/channels/:id, PATCH} route[39m[38;5;3m +0ms[39m
[32m[Nest] 61832  - [39m03/08/2026, 2:24:56 pm [32m    LOG[39m [38;5;3m[RouterExplorer] [39m[32mMapped {/channels/:id, DELETE} route[39m[38;5;3m +0ms[39m
[32m[Nest] 61832  - [39m03/08/2026, 2:24:56 pm [32m    LOG[39m [38;5;3m[RouterExplorer] [39m[32mMapped {/channels/:id/join, POST} route[39m[38;5;3m +0ms[39m
[32m[Nest] 61832  - [39m03/08/2026, 2:24:56 pm [32m    LOG[39m [38;5;3m[RouterExplorer] [39m[32mMapped {/channels/:id/leave, POST} route[39m[38;5;3m +0ms[39m
[32m[Nest] 61832  - [39m03/08/2026, 2:24:56 pm [32m    LOG[39m [38;5;3m[RouterExplorer] [39m[32mMapped {/channels/:id/members, GET} route[39m[38;5;3m +0ms[39m
[32m[Nest] 61832  - [39m03/08/2026, 2:24:56 pm [32m    LOG[39m [38;5;3m[RouterExplorer] [39m[32mMapped {/channels/:id/members/:memberId, POST} route[39m[38;5;3m +1ms[39m
[32m[Nest] 61832  - [39m03/08/2026, 2:24:56 pm [32m    LOG[39m [38;5;3m[RouterExplorer] [39m[32mMapped {/channels/:id/members/:memberId, DELETE} route[39m[38;5;3m +0ms[39m
[32m[Nest] 61832  - [39m03/08/2026, 2:24:56 pm [32m    LOG[39m [38;5;3m[RoutesResolver] [39m[32mNotificationsController {/notifications}:[39m[38;5;3m +0ms[39m
[32m[Nest] 61832  - [39m03/08/2026, 2:24:56 pm [32m    LOG[39m [38;5;3m[RouterExplorer] [39m[32mMapped {/notifications, GET} route[39m[38;5;3m +0ms[39m
[32m[Nest] 61832  - [39m03/08/2026, 2:24:56 pm [32m    LOG[39m [38;5;3m[RouterExplorer] [39m[32mMapped {/notifications/unread-count, GET} route[39m[38;5;3m +1ms[39m
[32m[Nest] 61832  - [39m03/08/2026, 2:24:56 pm [32m    LOG[39m [38;5;3m[RouterExplorer] [39m[32mMapped {/notifications/:id/read, PATCH} route[39m[38;5;3m +0ms[39m
[32m[Nest] 61832  - [39m03/08/2026, 2:24:56 pm [32m    LOG[39m [38;5;3m[RouterExplorer] [39m[32mMapped {/notifications/read-all, PATCH} route[39m[38;5;3m +0ms[39m
[32m[Nest] 61832  - [39m03/08/2026, 2:24:56 pm [32m    LOG[39m [38;5;3m[RouterExplorer] [39m[32mMapped {/notifications/self, POST} route[39m[38;5;3m +0ms[39m
[32m[Nest] 61832  - [39m03/08/2026, 2:24:56 pm [32m    LOG[39m [38;5;3m[StreamService] [39m[32mStream Chat server client initialized.[39m
Attention: Clerk collects telemetry data from its SDKs when connected to development instances.
The data collected is used to inform Clerk's product roadmap.
To learn more, including how to opt-out from the telemetry program, visit: https://clerk.com/docs/telemetry.

[32m[Nest] 61832  - [39m03/08/2026, 2:24:57 pm [32m    LOG[39m [38;5;3m[NestApplication] [39m[32mNest application successfully started[39m[38;5;3m +675ms[39m
🚀 Application is running on: http://localhost:3001
[32m[Nest] 61832  - [39m03/08/2026, 2:25:52 pm [32m    LOG[39m [38;5;3m[StreamService] [39m[32mStream user synced: user_3HE0SV8kvYSMEx8ggz3MMpOGMYX[39m
[32m[Nest] 61832  - [39m03/08/2026, 2:25:52 pm [32m    LOG[39m [38;5;3m[StreamService] [39m[32mStream user synced: user_3HE0SV8kvYSMEx8ggz3MMpOGMYX[39m

> enterprise-productivity-backend@0.0.1 start:dev
> nest start --watch

[2J[3J[H[[90m2:27:33 pm[0m] Starting compilation in watch mode...

[[90m2:27:54 pm[0m] Found 0 errors. Watching for file changes.

[32m[Nest] 87104  - [39m03/08/2026, 2:28:05 pm [32m    LOG[39m [38;5;3m[NestFactory] [39m[32mStarting Nest application...[39m
[32m[Nest] 87104  - [39m03/08/2026, 2:28:05 pm [32m    LOG[39m [38;5;3m[InstanceLoader] [39m[32mAppModule dependencies initialized[39m[38;5;3m +69ms[39m
[32m[Nest] 87104  - [39m03/08/2026, 2:28:05 pm [32m    LOG[39m [38;5;3m[InstanceLoader] [39m[32mConfigModule dependencies initialized[39m[38;5;3m +0ms[39m
[32m[Nest] 87104  - [39m03/08/2026, 2:28:05 pm [32m    LOG[39m [38;5;3m[InstanceLoader] [39m[32mConfigHostModule dependencies initialized[39m[38;5;3m +1ms[39m
[32m[Nest] 87104  - [39m03/08/2026, 2:28:05 pm [32m    LOG[39m [38;5;3m[InstanceLoader] [39m[32mHealthModule dependencies initialized[39m[38;5;3m +32ms[39m
[32m[Nest] 87104  - [39m03/08/2026, 2:28:05 pm [32m    LOG[39m [38;5;3m[InstanceLoader] [39m[32mConfigModule dependencies initialized[39m[38;5;3m +0ms[39m
[32m[Nest] 87104  - [39m03/08/2026, 2:28:05 pm [32m    LOG[39m [38;5;3m[InstanceLoader] [39m[32mStreamModule dependencies initialized[39m[38;5;3m +1ms[39m
[32m[Nest] 87104  - [39m03/08/2026, 2:28:05 pm [32m    LOG[39m [38;5;3m[DrizzleProvider] [39m[32mPostgreSQL connection established successfully.[39m
[32m[Nest] 87104  - [39m03/08/2026, 2:28:05 pm [32m    LOG[39m [38;5;3m[InstanceLoader] [39m[32mDatabaseModule dependencies initialized[39m[38;5;3m +2ms[39m
[32m[Nest] 87104  - [39m03/08/2026, 2:28:05 pm [32m    LOG[39m [38;5;3m[InstanceLoader] [39m[32mUsersModule dependencies initialized[39m[38;5;3m +0ms[39m
[32m[Nest] 87104  - [39m03/08/2026, 2:28:05 pm [32m    LOG[39m [38;5;3m[InstanceLoader] [39m[32mNotificationsModule dependencies initialized[39m[38;5;3m +0ms[39m
[32m[Nest] 87104  - [39m03/08/2026, 2:28:05 pm [32m    LOG[39m [38;5;3m[InstanceLoader] [39m[32mDepartmentsModule dependencies initialized[39m[38;5;3m +1ms[39m
[32m[Nest] 87104  - [39m03/08/2026, 2:28:05 pm [32m    LOG[39m [38;5;3m[InstanceLoader] [39m[32mTasksModule dependencies initialized[39m[38;5;3m +1ms[39m
[32m[Nest] 87104  - [39m03/08/2026, 2:28:05 pm [32m    LOG[39m [38;5;3m[InstanceLoader] [39m[32mMeetingsModule dependencies initialized[39m[38;5;3m +0ms[39m
[32m[Nest] 87104  - [39m03/08/2026, 2:28:05 pm [32m    LOG[39m [38;5;3m[InstanceLoader] [39m[32mChannelsModule dependencies initialized[39m[38;5;3m +0ms[39m
[32m[Nest] 87104  - [39m03/08/2026, 2:28:05 pm [32m    LOG[39m [38;5;3m[InstanceLoader] [39m[32mClerkModule dependencies initialized[39m[38;5;3m +2ms[39m
[32m[Nest] 87104  - [39m03/08/2026, 2:28:05 pm [32m    LOG[39m [38;5;3m[RoutesResolver] [39m[32mHealthController {/health}:[39m[38;5;3m +11ms[39m
[32m[Nest] 87104  - [39m03/08/2026, 2:28:05 pm [32m    LOG[39m [38;5;3m[RouterExplorer] [39m[32mMapped {/health, GET} route[39m[38;5;3m +4ms[39m
[32m[Nest] 87104  - [39m03/08/2026, 2:28:05 pm [32m    LOG[39m [38;5;3m[RoutesResolver] [39m[32mClerkTestController {/clerk-test}:[39m[38;5;3m +0ms[39m
[32m[Nest] 87104  - [39m03/08/2026, 2:28:05 pm [32m    LOG[39m [38;5;3m[RouterExplorer] [39m[32mMapped {/clerk-test/me, GET} route[39m[38;5;3m +1ms[39m
[32m[Nest] 87104  - [39m03/08/2026, 2:28:05 pm [32m    LOG[39m [38;5;3m[RoutesResolver] [39m[32mStreamController {/stream}:[39m[38;5;3m +1ms[39m
[32m[Nest] 87104  - [39m03/08/2026, 2:28:05 pm [32m    LOG[39m [38;5;3m[RouterExplorer] [39m[32mMapped {/stream/token, GET} route[39m[38;5;3m +0ms[39m
[32m[Nest] 87104  - [39m03/08/2026, 2:28:05 pm [32m    LOG[39m [38;5;3m[RoutesResolver] [39m[32mUsersController {/users}:[39m[38;5;3m +1ms[39m
[32m[Nest] 87104  - [39m03/08/2026, 2:28:05 pm [32m    LOG[39m [38;5;3m[RouterExplorer] [39m[32mMapped {/users/me, GET} route[39m[38;5;3m +0ms[39m
[32m[Nest] 87104  - [39m03/08/2026, 2:28:05 pm [32m    LOG[39m [38;5;3m[RouterExplorer] [39m[32mMapped {/users, GET} route[39m[38;5;3m +1ms[39m
[32m[Nest] 87104  - [39m03/08/2026, 2:28:05 pm [32m    LOG[39m [38;5;3m[RouterExplorer] [39m[32mMapped {/users/:clerkId/role, PATCH} route[39m[38;5;3m +1ms[39m
[32m[Nest] 87104  - [39m03/08/2026, 2:28:05 pm [32m    LOG[39m [38;5;3m[RoutesResolver] [39m[32mChatController {/chat}:[39m[38;5;3m +0ms[39m
[32m[Nest] 87104  - [39m03/08/2026, 2:28:05 pm [32m    LOG[39m [38;5;3m[RouterExplorer] [39m[32mMapped {/chat/token, GET} route[39m[38;5;3m +0ms[39m
[32m[Nest] 87104  - [39m03/08/2026, 2:28:05 pm [32m    LOG[39m [38;5;3m[RouterExplorer] [39m[32mMapped {/chat/direct, POST} route[39m[38;5;3m +1ms[39m
[32m[Nest] 87104  - [39m03/08/2026, 2:28:05 pm [32m    LOG[39m [38;5;3m[RouterExplorer] [39m[32mMapped {/chat/group, POST} route[39m[38;5;3m +0ms[39m
[32m[Nest] 87104  - [39m03/08/2026, 2:28:05 pm [32m    LOG[39m [38;5;3m[RouterExplorer] [39m[32mMapped {/chat/groups/:channelId, GET} route[39m[38;5;3m +1ms[39m
[32m[Nest] 87104  - [39m03/08/2026, 2:28:05 pm [32m    LOG[39m [38;5;3m[RouterExplorer] [39m[32mMapped {/chat/groups/:channelId, PATCH} route[39m[38;5;3m +0ms[39m
[32m[Nest] 87104  - [39m03/08/2026, 2:28:05 pm [32m    LOG[39m [38;5;3m[RouterExplorer] [39m[32mMapped {/chat/groups/:channelId/avatar, PUT} route[39m[38;5;3m +0ms[39m
[32m[Nest] 87104  - [39m03/08/2026, 2:28:05 pm [32m    LOG[39m [38;5;3m[RouterExplorer] [39m[32mMapped {/chat/groups/:channelId/avatar, DELETE} route[39m[38;5;3m +1ms[39m
[32m[Nest] 87104  - [39m03/08/2026, 2:28:05 pm [32m    LOG[39m [38;5;3m[RouterExplorer] [39m[32mMapped {/chat/groups/:channelId/members/:memberId, POST} route[39m[38;5;3m +0ms[39m
[32m[Nest] 87104  - [39m03/08/2026, 2:28:05 pm [32m    LOG[39m [38;5;3m[RouterExplorer] [39m[32mMapped {/chat/groups/:channelId/members/:memberId, DELETE} route[39m[38;5;3m +0ms[39m
[32m[Nest] 87104  - [39m03/08/2026, 2:28:05 pm [32m    LOG[39m [38;5;3m[RouterExplorer] [39m[32mMapped {/chat/groups/:channelId/leave, POST} route[39m[38;5;3m +0ms[39m
[32m[Nest] 87104  - [39m03/08/2026, 2:28:05 pm [32m    LOG[39m [38;5;3m[RouterExplorer] [39m[32mMapped {/chat/groups/:channelId/moderators/:memberId, POST} route[39m[38;5;3m +1ms[39m
[32m[Nest] 87104  - [39m03/08/2026, 2:28:05 pm [32m    LOG[39m [38;5;3m[RouterExplorer] [39m[32mMapped {/chat/groups/:channelId/moderators/:memberId, DELETE} route[39m[38;5;3m +0ms[39m
[32m[Nest] 87104  - [39m03/08/2026, 2:28:05 pm [32m    LOG[39m [38;5;3m[RoutesResolver] [39m[32mTasksController {/tasks}:[39m[38;5;3m +0ms[39m
[32m[Nest] 87104  - [39m03/08/2026, 2:28:05 pm [32m    LOG[39m [38;5;3m[RouterExplorer] [39m[32mMapped {/tasks, POST} route[39m[38;5;3m +0ms[39m
[32m[Nest] 87104  - [39m03/08/2026, 2:28:05 pm [32m    LOG[39m [38;5;3m[RouterExplorer] [39m[32mMapped {/tasks, GET} route[39m[38;5;3m +1ms[39m
[32m[Nest] 87104  - [39m03/08/2026, 2:28:05 pm [32m    LOG[39m [38;5;3m[RouterExplorer] [39m[32mMapped {/tasks/:id, GET} route[39m[38;5;3m +0ms[39m
[32m[Nest] 87104  - [39m03/08/2026, 2:28:05 pm [32m    LOG[39m [38;5;3m[RouterExplorer] [39m[32mMapped {/tasks/:id, PATCH} route[39m[38;5;3m +0ms[39m
[32m[Nest] 87104  - [39m03/08/2026, 2:28:05 pm [32m    LOG[39m [38;5;3m[RouterExplorer] [39m[32mMapped {/tasks/:id/status, PATCH} route[39m[38;5;3m +0ms[39m
[32m[Nest] 87104  - [39m03/08/2026, 2:28:05 pm [32m    LOG[39m [38;5;3m[RouterExplorer] [39m[32mMapped {/tasks/:id, DELETE} route[39m[38;5;3m +0ms[39m
[32m[Nest] 87104  - [39m03/08/2026, 2:28:05 pm [32m    LOG[39m [38;5;3m[RoutesResolver] [39m[32mMeetingsController {/meetings}:[39m[38;5;3m +1ms[39m
[32m[Nest] 87104  - [39m03/08/2026, 2:28:05 pm [32m    LOG[39m [38;5;3m[RouterExplorer] [39m[32mMapped {/meetings, POST} route[39m[38;5;3m +0ms[39m
[32m[Nest] 87104  - [39m03/08/2026, 2:28:05 pm [32m    LOG[39m [38;5;3m[RouterExplorer] [39m[32mMapped {/meetings, GET} route[39m[38;5;3m +0ms[39m
[32m[Nest] 87104  - [39m03/08/2026, 2:28:05 pm [32m    LOG[39m [38;5;3m[RouterExplorer] [39m[32mMapped {/meetings/:id, GET} route[39m[38;5;3m +0ms[39m
[32m[Nest] 87104  - [39m03/08/2026, 2:28:05 pm [32m    LOG[39m [38;5;3m[RouterExplorer] [39m[32mMapped {/meetings/:id, PATCH} route[39m[38;5;3m +1ms[39m
[32m[Nest] 87104  - [39m03/08/2026, 2:28:05 pm [32m    LOG[39m [38;5;3m[RouterExplorer] [39m[32mMapped {/meetings/:id, DELETE} route[39m[38;5;3m +0ms[39m
[32m[Nest] 87104  - [39m03/08/2026, 2:28:05 pm [32m    LOG[39m [38;5;3m[RouterExplorer] [39m[32mMapped {/meetings/:id/join, POST} route[39m[38;5;3m +0ms[39m
[32m[Nest] 87104  - [39m03/08/2026, 2:28:05 pm [32m    LOG[39m [38;5;3m[RouterExplorer] [39m[32mMapped {/meetings/:id/leave, POST} route[39m[38;5;3m +0ms[39m
[32m[Nest] 87104  - [39m03/08/2026, 2:28:05 pm [32m    LOG[39m [38;5;3m[RoutesResolver] [39m[32mDepartmentsController {/departments}:[39m[38;5;3m +0ms[39m
[32m[Nest] 87104  - [39m03/08/2026, 2:28:05 pm [32m    LOG[39m [38;5;3m[RouterExplorer] [39m[32mMapped {/departments, POST} route[39m[38;5;3m +1ms[39m
[32m[Nest] 87104  - [39m03/08/2026, 2:28:05 pm [32m    LOG[39m [38;5;3m[RouterExplorer] [39m[32mMapped {/departments/mine, GET} route[39m[38;5;3m +0ms[39m
[32m[Nest] 87104  - [39m03/08/2026, 2:28:05 pm [32m    LOG[39m [38;5;3m[RouterExplorer] [39m[32mMapped {/departments/:id, GET} route[39m[38;5;3m +0ms[39m
[32m[Nest] 87104  - [39m03/08/2026, 2:28:05 pm [32m    LOG[39m [38;5;3m[RouterExplorer] [39m[32mMapped {/departments/:id, PATCH} route[39m[38;5;3m +0ms[39m
[32m[Nest] 87104  - [39m03/08/2026, 2:28:05 pm [32m    LOG[39m [38;5;3m[RouterExplorer] [39m[32mMapped {/departments/:id, DELETE} route[39m[38;5;3m +1ms[39m
[32m[Nest] 87104  - [39m03/08/2026, 2:28:05 pm [32m    LOG[39m [38;5;3m[RouterExplorer] [39m[32mMapped {/departments/:id/members/:memberId, POST} route[39m[38;5;3m +0ms[39m
[32m[Nest] 87104  - [39m03/08/2026, 2:28:05 pm [32m    LOG[39m [38;5;3m[RouterExplorer] [39m[32mMapped {/departments/:id/members/:memberId, DELETE} route[39m[38;5;3m +0ms[39m
[32m[Nest] 87104  - [39m03/08/2026, 2:28:05 pm [32m    LOG[39m [38;5;3m[RoutesResolver] [39m[32mChannelsController {/channels}:[39m[38;5;3m +0ms[39m
[32m[Nest] 87104  - [39m03/08/2026, 2:28:05 pm [32m    LOG[39m [38;5;3m[RouterExplorer] [39m[32mMapped {/channels, POST} route[39m[38;5;3m +0ms[39m
[32m[Nest] 87104  - [39m03/08/2026, 2:28:05 pm [32m    LOG[39m [38;5;3m[RouterExplorer] [39m[32mMapped {/channels, GET} route[39m[38;5;3m +1ms[39m
[32m[Nest] 87104  - [39m03/08/2026, 2:28:05 pm [32m    LOG[39m [38;5;3m[RouterExplorer] [39m[32mMapped {/channels/:id, GET} route[39m[38;5;3m +0ms[39m
[32m[Nest] 87104  - [39m03/08/2026, 2:28:05 pm [32m    LOG[39m [38;5;3m[RouterExplorer] [39m[32mMapped {/channels/:id, PATCH} route[39m[38;5;3m +0ms[39m
[32m[Nest] 87104  - [39m03/08/2026, 2:28:05 pm [32m    LOG[39m [38;5;3m[RouterExplorer] [39m[32mMapped {/channels/:id, DELETE} route[39m[38;5;3m +0ms[39m
[32m[Nest] 87104  - [39m03/08/2026, 2:28:05 pm [32m    LOG[39m [38;5;3m[RouterExplorer] [39m[32mMapped {/channels/:id/join, POST} route[39m[38;5;3m +1ms[39m
[32m[Nest] 87104  - [39m03/08/2026, 2:28:05 pm [32m    LOG[39m [38;5;3m[RouterExplorer] [39m[32mMapped {/channels/:id/leave, POST} route[39m[38;5;3m +0ms[39m
[32m[Nest] 87104  - [39m03/08/2026, 2:28:05 pm [32m    LOG[39m [38;5;3m[RouterExplorer] [39m[32mMapped {/channels/:id/members, GET} route[39m[38;5;3m +0ms[39m
[32m[Nest] 87104  - [39m03/08/2026, 2:28:05 pm [32m    LOG[39m [38;5;3m[RouterExplorer] [39m[32mMapped {/channels/:id/members/:memberId, POST} route[39m[38;5;3m +0ms[39m
[32m[Nest] 87104  - [39m03/08/2026, 2:28:05 pm [32m    LOG[39m [38;5;3m[RouterExplorer] [39m[32mMapped {/channels/:id/members/:memberId, DELETE} route[39m[38;5;3m +0ms[39m
[32m[Nest] 87104  - [39m03/08/2026, 2:28:05 pm [32m    LOG[39m [38;5;3m[RoutesResolver] [39m[32mNotificationsController {/notifications}:[39m[38;5;3m +1ms[39m
[32m[Nest] 87104  - [39m03/08/2026, 2:28:05 pm [32m    LOG[39m [38;5;3m[RouterExplorer] [39m[32mMapped {/notifications, GET} route[39m[38;5;3m +0ms[39m
[32m[Nest] 87104  - [39m03/08/2026, 2:28:05 pm [32m    LOG[39m [38;5;3m[RouterExplorer] [39m[32mMapped {/notifications/unread-count, GET} route[39m[38;5;3m +1ms[39m
[32m[Nest] 87104  - [39m03/08/2026, 2:28:05 pm [32m    LOG[39m [38;5;3m[RouterExplorer] [39m[32mMapped {/notifications/:id/read, PATCH} route[39m[38;5;3m +1ms[39m
[32m[Nest] 87104  - [39m03/08/2026, 2:28:05 pm [32m    LOG[39m [38;5;3m[RouterExplorer] [39m[32mMapped {/notifications/read-all, PATCH} route[39m[38;5;3m +0ms[39m
[32m[Nest] 87104  - [39m03/08/2026, 2:28:05 pm [32m    LOG[39m [38;5;3m[RouterExplorer] [39m[32mMapped {/notifications/self, POST} route[39m[38;5;3m +0ms[39m
[32m[Nest] 87104  - [39m03/08/2026, 2:28:05 pm [32m    LOG[39m [38;5;3m[StreamService] [39m[32mStream Chat server client initialized.[39m
Attention: Clerk collects telemetry data from its SDKs when connected to development instances.
The data collected is used to inform Clerk's product roadmap.
To learn more, including how to opt-out from the telemetry program, visit: https://clerk.com/docs/telemetry.

[32m[Nest] 87104  - [39m03/08/2026, 2:28:06 pm [32m    LOG[39m [38;5;3m[NestApplication] [39m[32mNest application successfully started[39m[38;5;3m +723ms[39m
🚀 Application is running on: http://localhost:3001
[32m[Nest] 87104  - [39m03/08/2026, 2:28:53 pm [32m    LOG[39m [38;5;3m[StreamService] [39m[32mStream user synced: user_3HE0SV8kvYSMEx8ggz3MMpOGMYX[39m
[32m[Nest] 87104  - [39m03/08/2026, 2:28:53 pm [32m    LOG[39m [38;5;3m[StreamService] [39m[32mStream user synced: user_3HE0SV8kvYSMEx8ggz3MMpOGMYX[39m
[95m[Nest] 87104  - [39m03/08/2026, 2:29:29 pm [95m  DEBUG[39m [38;5;3m[ClerkAuthGuard] [39m[95m{
  "status": "signed-out",
  "reason": "dev-browser-missing",
  "message": "",
  "proxyUrl": "",
  "publishableKey": "pk_test_c3VwcmVtZS1raXRlLTI0LmNsZXJrLmFjY291bnRzLmRldiQ",
  "isSatellite": false,
  "domain": "",
  "signInUrl": "",
  "signUpUrl": "",
  "afterSignInUrl": "",
  "afterSignUpUrl": "",
  "isSignedIn": false,
  "isAuthenticated": false,
  "tokenType": "session_token",
  "headers": {},
  "token": null
}[39m
[32m[Nest] 87104  - [39m03/08/2026, 2:29:53 pm [32m    LOG[39m [38;5;3m[StreamService] [39m[32mStream user synced: user_3HE0SV8kvYSMEx8ggz3MMpOGMYX[39m
[32m[Nest] 87104  - [39m03/08/2026, 2:29:53 pm [32m    LOG[39m [38;5;3m[StreamService] [39m[32mStream user synced: user_3HE0SV8kvYSMEx8ggz3MMpOGMYX[39m
[32m[Nest] 87104  - [39m03/08/2026, 2:30:52 pm [32m    LOG[39m [38;5;3m[StreamService] [39m[32mStream user synced: user_3HE0SV8kvYSMEx8ggz3MMpOGMYX[39m
[32m[Nest] 87104  - [39m03/08/2026, 2:30:52 pm [32m    LOG[39m [38;5;3m[StreamService] [39m[32mStream user synced: user_3HE0SV8kvYSMEx8ggz3MMpOGMYX[39m
[32m[Nest] 87104  - [39m03/08/2026, 2:31:51 pm [32m    LOG[39m [38;5;3m[StreamService] [39m[32mStream user synced: user_3HE0SV8kvYSMEx8ggz3MMpOGMYX[39m
[32m[Nest] 87104  - [39m03/08/2026, 2:31:51 pm [32m    LOG[39m [38;5;3m[StreamService] [39m[32mStream user synced: user_3HE0SV8kvYSMEx8ggz3MMpOGMYX[39m
[32m[Nest] 87104  - [39m03/08/2026, 2:32:52 pm [32m    LOG[39m [38;5;3m[StreamService] [39m[32mStream user synced: user_3HE0SV8kvYSMEx8ggz3MMpOGMYX[39m
[32m[Nest] 87104  - [39m03/08/2026, 2:32:52 pm [32m    LOG[39m [38;5;3m[StreamService] [39m[32mStream user synced: user_3HE0SV8kvYSMEx8ggz3MMpOGMYX[39m
[32m[Nest] 87104  - [39m03/08/2026, 2:33:52 pm [32m    LOG[39m [38;5;3m[StreamService] [39m[32mStream user synced: user_3HE0SV8kvYSMEx8ggz3MMpOGMYX[39m
[32m[Nest] 87104  - [39m03/08/2026, 2:33:52 pm [32m    LOG[39m [38;5;3m[StreamService] [39m[32mStream user synced: user_3HE0SV8kvYSMEx8ggz3MMpOGMYX[39m
[32m[Nest] 87104  - [39m03/08/2026, 2:34:52 pm [32m    LOG[39m [38;5;3m[StreamService] [39m[32mStream user synced: user_3HE0SV8kvYSMEx8ggz3MMpOGMYX[39m
[32m[Nest] 87104  - [39m03/08/2026, 2:34:52 pm [32m    LOG[39m [38;5;3m[StreamService] [39m[32mStream user synced: user_3HE0SV8kvYSMEx8ggz3MMpOGMYX[39m
[32m[Nest] 87104  - [39m03/08/2026, 2:35:52 pm [32m    LOG[39m [38;5;3m[StreamService] [39m[32mStream user synced: user_3HE0SV8kvYSMEx8ggz3MMpOGMYX[39m
[32m[Nest] 87104  - [39m03/08/2026, 2:35:52 pm [32m    LOG[39m [38;5;3m[StreamService] [39m[32mStream user synced: user_3HE0SV8kvYSMEx8ggz3MMpOGMYX[39m
[32m[Nest] 87104  - [39m03/08/2026, 2:36:52 pm [32m    LOG[39m [38;5;3m[StreamService] [39m[32mStream user synced: user_3HE0SV8kvYSMEx8ggz3MMpOGMYX[39m
[32m[Nest] 87104  - [39m03/08/2026, 2:36:52 pm [32m    LOG[39m [38;5;3m[StreamService] [39m[32mStream user synced: user_3HE0SV8kvYSMEx8ggz3MMpOGMYX[39m
[32m[Nest] 87104  - [39m03/08/2026, 2:37:52 pm [32m    LOG[39m [38;5;3m[StreamService] [39m[32mStream user synced: user_3HE0SV8kvYSMEx8ggz3MMpOGMYX[39m
[32m[Nest] 87104  - [39m03/08/2026, 2:37:52 pm [32m    LOG[39m [38;5;3m[StreamService] [39m[32mStream user synced: user_3HE0SV8kvYSMEx8ggz3MMpOGMYX[39m
[32m[Nest] 87104  - [39m03/08/2026, 2:38:52 pm [32m    LOG[39m [38;5;3m[StreamService] [39m[32mStream user synced: user_3HE0SV8kvYSMEx8ggz3MMpOGMYX[39m
[32m[Nest] 87104  - [39m03/08/2026, 2:38:52 pm [32m    LOG[39m [38;5;3m[StreamService] [39m[32mStream user synced: user_3HE0SV8kvYSMEx8ggz3MMpOGMYX[39m
[32m[Nest] 87104  - [39m03/08/2026, 2:39:54 pm [32m    LOG[39m [38;5;3m[StreamService] [39m[32mStream user synced: user_3HE0SV8kvYSMEx8ggz3MMpOGMYX[39m
[32m[Nest] 87104  - [39m03/08/2026, 2:39:54 pm [32m    LOG[39m [38;5;3m[StreamService] [39m[32mStream user synced: user_3HE0SV8kvYSMEx8ggz3MMpOGMYX[39m
[32m[Nest] 87104  - [39m03/08/2026, 2:40:52 pm [32m    LOG[39m [38;5;3m[StreamService] [39m[32mStream user synced: user_3HE0SV8kvYSMEx8ggz3MMpOGMYX[39m
[32m[Nest] 87104  - [39m03/08/2026, 2:40:52 pm [32m    LOG[39m [38;5;3m[StreamService] [39m[32mStream user synced: user_3HE0SV8kvYSMEx8ggz3MMpOGMYX[39m
[32m[Nest] 87104  - [39m03/08/2026, 2:41:47 pm [32m    LOG[39m [38;5;3m[StreamService] [39m[32mStream user synced: user_3HE0SV8kvYSMEx8ggz3MMpOGMYX[39m
[32m[Nest] 87104  - [39m03/08/2026, 2:41:47 pm [32m    LOG[39m [38;5;3m[StreamService] [39m[32mStream user synced: user_3HE0SV8kvYSMEx8ggz3MMpOGMYX[39m
[32m[Nest] 87104  - [39m03/08/2026, 2:41:52 pm [32m    LOG[39m [38;5;3m[StreamService] [39m[32mStream user synced: user_3HE0SV8kvYSMEx8ggz3MMpOGMYX[39m
[32m[Nest] 87104  - [39m03/08/2026, 2:41:52 pm [32m    LOG[39m [38;5;3m[StreamService] [39m[32mStream user synced: user_3HE0SV8kvYSMEx8ggz3MMpOGMYX[39m
[32m[Nest] 87104  - [39m03/08/2026, 2:41:53 pm [32m    LOG[39m [38;5;3m[StreamService] [39m[32mStream user synced: user_3HE0SV8kvYSMEx8ggz3MMpOGMYX[39m
[32m[Nest] 87104  - [39m03/08/2026, 2:41:54 pm [32m    LOG[39m [38;5;3m[StreamService] [39m[32mStream user synced: user_3HE0SV8kvYSMEx8ggz3MMpOGMYX[39m
[32m[Nest] 87104  - [39m03/08/2026, 2:41:55 pm [32m    LOG[39m [38;5;3m[StreamService] [39m[32mStream user synced: user_3HE0SV8kvYSMEx8ggz3MMpOGMYX[39m
[32m[Nest] 87104  - [39m03/08/2026, 2:41:55 pm [32m    LOG[39m [38;5;3m[StreamService] [39m[32mStream user synced: user_3HE0SV8kvYSMEx8ggz3MMpOGMYX[39m
[32m[Nest] 87104  - [39m03/08/2026, 2:41:59 pm [32m    LOG[39m [38;5;3m[StreamService] [39m[32mStream user synced: user_3HE0SV8kvYSMEx8ggz3MMpOGMYX[39m
[32m[Nest] 87104  - [39m03/08/2026, 2:41:59 pm [32m    LOG[39m [38;5;3m[StreamService] [39m[32mStream user synced: user_3HE0SV8kvYSMEx8ggz3MMpOGMYX[39m
[32m[Nest] 87104  - [39m03/08/2026, 2:42:00 pm [32m    LOG[39m [38;5;3m[StreamService] [39m[32mStream user synced: user_3HE0SV8kvYSMEx8ggz3MMpOGMYX[39m
[32m[Nest] 87104  - [39m03/08/2026, 2:42:00 pm [32m    LOG[39m [38;5;3m[StreamService] [39m[32mStream user synced: user_3HE0SV8kvYSMEx8ggz3MMpOGMYX[39m
[32m[Nest] 87104  - [39m03/08/2026, 2:42:05 pm [32m    LOG[39m [38;5;3m[StreamService] [39m[32mStream user synced: user_3HE0SV8kvYSMEx8ggz3MMpOGMYX[39m
[32m[Nest] 87104  - [39m03/08/2026, 2:42:05 pm [32m    LOG[39m [38;5;3m[StreamService] [39m[32mStream user synced: user_3HE0SV8kvYSMEx8ggz3MMpOGMYX[39m
[32m[Nest] 87104  - [39m03/08/2026, 2:42:15 pm [32m    LOG[39m [38;5;3m[StreamService] [39m[32mStream user synced: user_3HE0SV8kvYSMEx8ggz3MMpOGMYX[39m
[32m[Nest] 87104  - [39m03/08/2026, 2:42:15 pm [32m    LOG[39m [38;5;3m[StreamService] [39m[32mStream user synced: user_3HE0SV8kvYSMEx8ggz3MMpOGMYX[39m
[32m[Nest] 87104  - [39m03/08/2026, 2:42:16 pm [32m    LOG[39m [38;5;3m[StreamService] [39m[32mStream user synced: user_3HE0SV8kvYSMEx8ggz3MMpOGMYX[39m
[32m[Nest] 87104  - [39m03/08/2026, 2:42:16 pm [32m    LOG[39m [38;5;3m[StreamService] [39m[32mStream user synced: user_3HE0SV8kvYSMEx8ggz3MMpOGMYX[39m
[32m[Nest] 87104  - [39m03/08/2026, 2:42:17 pm [32m    LOG[39m [38;5;3m[StreamService] [39m[32mStream user synced: user_3HE0SV8kvYSMEx8ggz3MMpOGMYX[39m
[32m[Nest] 87104  - [39m03/08/2026, 2:42:17 pm [32m    LOG[39m [38;5;3m[StreamService] [39m[32mStream user synced: user_3HE0SV8kvYSMEx8ggz3MMpOGMYX[39m
[32m[Nest] 87104  - [39m03/08/2026, 2:42:18 pm [32m    LOG[39m [38;5;3m[StreamService] [39m[32mStream user synced: user_3HE0SV8kvYSMEx8ggz3MMpOGMYX[39m
[32m[Nest] 87104  - [39m03/08/2026, 2:42:19 pm [32m    LOG[39m [38;5;3m[StreamService] [39m[32mStream user synced: user_3HE0SV8kvYSMEx8ggz3MMpOGMYX[39m
[32m[Nest] 87104  - [39m03/08/2026, 2:42:19 pm [32m    LOG[39m [38;5;3m[StreamService] [39m[32mStream user synced: user_3HE0SV8kvYSMEx8ggz3MMpOGMYX[39m
[32m[Nest] 87104  - [39m03/08/2026, 2:42:20 pm [32m    LOG[39m [38;5;3m[StreamService] [39m[32mStream user synced: user_3HE0SV8kvYSMEx8ggz3MMpOGMYX[39m
[32m[Nest] 87104  - [39m03/08/2026, 2:42:26 pm [32m    LOG[39m [38;5;3m[StreamService] [39m[32mStream user synced: user_3HE0SV8kvYSMEx8ggz3MMpOGMYX[39m
[32m[Nest] 87104  - [39m03/08/2026, 2:42:26 pm [32m    LOG[39m [38;5;3m[StreamService] [39m[32mStream user synced: user_3HE0SV8kvYSMEx8ggz3MMpOGMYX[39m
[32m[Nest] 87104  - [39m03/08/2026, 2:42:26 pm [32m    LOG[39m [38;5;3m[StreamService] [39m[32mStream user synced: user_3HE0SV8kvYSMEx8ggz3MMpOGMYX[39m
[32m[Nest] 87104  - [39m03/08/2026, 2:42:26 pm [32m    LOG[39m [38;5;3m[StreamService] [39m[32mStream user synced: user_3HE0SV8kvYSMEx8ggz3MMpOGMYX[39m
[32m[Nest] 87104  - [39m03/08/2026, 2:42:27 pm [32m    LOG[39m [38;5;3m[StreamService] [39m[32mStream user synced: user_3HE0SV8kvYSMEx8ggz3MMpOGMYX[39m
[32m[Nest] 87104  - [39m03/08/2026, 2:42:28 pm [32m    LOG[39m [38;5;3m[StreamService] [39m[32mStream user synced: user_3HE0SV8kvYSMEx8ggz3MMpOGMYX[39m
[32m[Nest] 87104  - [39m03/08/2026, 2:42:36 pm [32m    LOG[39m [38;5;3m[StreamService] [39m[32mStream user synced: user_3HE0SV8kvYSMEx8ggz3MMpOGMYX[39m
[32m[Nest] 87104  - [39m03/08/2026, 2:42:36 pm [32m    LOG[39m [38;5;3m[StreamService] [39m[32mStream user synced: user_3HE0SV8kvYSMEx8ggz3MMpOGMYX[39m
[32m[Nest] 87104  - [39m03/08/2026, 2:42:46 pm [32m    LOG[39m [38;5;3m[StreamService] [39m[32mStream user synced: user_3HE0SV8kvYSMEx8ggz3MMpOGMYX[39m
[32m[Nest] 87104  - [39m03/08/2026, 2:42:46 pm [32m    LOG[39m [38;5;3m[StreamService] [39m[32mStream user synced: user_3HE0SV8kvYSMEx8ggz3MMpOGMYX[39m
[32m[Nest] 87104  - [39m03/08/2026, 2:42:57 pm [32m    LOG[39m [38;5;3m[StreamService] [39m[32mStream user synced: user_3HE0SV8kvYSMEx8ggz3MMpOGMYX[39m
[32m[Nest] 87104  - [39m03/08/2026, 2:42:57 pm [32m    LOG[39m [38;5;3m[StreamService] [39m[32mStream user synced: user_3HE0SV8kvYSMEx8ggz3MMpOGMYX[39m
[32m[Nest] 87104  - [39m03/08/2026, 2:43:06 pm [32m    LOG[39m [38;5;3m[StreamService] [39m[32mStream user synced: user_3HE0SV8kvYSMEx8ggz3MMpOGMYX[39m
[32m[Nest] 87104  - [39m03/08/2026, 2:43:06 pm [32m    LOG[39m [38;5;3m[StreamService] [39m[32mStream user synced: user_3HE0SV8kvYSMEx8ggz3MMpOGMYX[39m
[32m[Nest] 87104  - [39m03/08/2026, 2:43:16 pm [32m    LOG[39m [38;5;3m[StreamService] [39m[32mStream user synced: user_3HE0SV8kvYSMEx8ggz3MMpOGMYX[39m
[32m[Nest] 87104  - [39m03/08/2026, 2:43:16 pm [32m    LOG[39m [38;5;3m[StreamService] [39m[32mStream user synced: user_3HE0SV8kvYSMEx8ggz3MMpOGMYX[39m
[32m[Nest] 87104  - [39m03/08/2026, 2:43:27 pm [32m    LOG[39m [38;5;3m[StreamService] [39m[32mStream user synced: user_3HE0SV8kvYSMEx8ggz3MMpOGMYX[39m
[32m[Nest] 87104  - [39m03/08/2026, 2:43:27 pm [32m    LOG[39m [38;5;3m[StreamService] [39m[32mStream user synced: user_3HE0SV8kvYSMEx8ggz3MMpOGMYX[39m
[32m[Nest] 87104  - [39m03/08/2026, 2:43:52 pm [32m    LOG[39m [38;5;3m[StreamService] [39m[32mStream user synced: user_3HE0SV8kvYSMEx8ggz3MMpOGMYX[39m
[32m[Nest] 87104  - [39m03/08/2026, 2:43:52 pm [32m    LOG[39m [38;5;3m[StreamService] [39m[32mStream user synced: user_3HE0SV8kvYSMEx8ggz3MMpOGMYX[39m
[32m[Nest] 87104  - [39m03/08/2026, 2:44:53 pm [32m    LOG[39m [38;5;3m[StreamService] [39m[32mStream user synced: user_3HE0SV8kvYSMEx8ggz3MMpOGMYX[39m
[32m[Nest] 87104  - [39m03/08/2026, 2:44:53 pm [32m    LOG[39m [38;5;3m[StreamService] [39m[32mStream user synced: user_3HE0SV8kvYSMEx8ggz3MMpOGMYX[39m
[32m[Nest] 87104  - [39m03/08/2026, 2:45:52 pm [32m    LOG[39m [38;5;3m[StreamService] [39m[32mStream user synced: user_3HE0SV8kvYSMEx8ggz3MMpOGMYX[39m
[32m[Nest] 87104  - [39m03/08/2026, 2:45:52 pm [32m    LOG[39m [38;5;3m[StreamService] [39m[32mStream user synced: user_3HE0SV8kvYSMEx8ggz3MMpOGMYX[39m
[32m[Nest] 87104  - [39m03/08/2026, 2:46:52 pm [32m    LOG[39m [38;5;3m[StreamService] [39m[32mStream user synced: user_3HE0SV8kvYSMEx8ggz3MMpOGMYX[39m
[32m[Nest] 87104  - [39m03/08/2026, 2:46:52 pm [32m    LOG[39m [38;5;3m[StreamService] [39m[32mStream user synced: user_3HE0SV8kvYSMEx8ggz3MMpOGMYX[39m
[32m[Nest] 87104  - [39m03/08/2026, 2:47:52 pm [32m    LOG[39m [38;5;3m[StreamService] [39m[32mStream user synced: user_3HE0SV8kvYSMEx8ggz3MMpOGMYX[39m
[32m[Nest] 87104  - [39m03/08/2026, 2:47:52 pm [32m    LOG[39m [38;5;3m[StreamService] [39m[32mStream user synced: user_3HE0SV8kvYSMEx8ggz3MMpOGMYX[39m
[32m[Nest] 87104  - [39m03/08/2026, 2:48:52 pm [32m    LOG[39m [38;5;3m[StreamService] [39m[32mStream user synced: user_3HE0SV8kvYSMEx8ggz3MMpOGMYX[39m
[32m[Nest] 87104  - [39m03/08/2026, 2:48:52 pm [32m    LOG[39m [38;5;3m[StreamService] [39m[32mStream user synced: user_3HE0SV8kvYSMEx8ggz3MMpOGMYX[39m
[2J[3J[H[[90m2:49:25 pm[0m] File change detected. Starting incremental compilation...

[[90m2:49:27 pm[0m] Found 0 errors. Watching for file changes.

[2J[3J[H[[90m2:49:28 pm[0m] File change detected. Starting incremental compilation...

[[90m2:49:32 pm[0m] Found 0 errors. Watching for file changes.

[2J[3J[H[[90m2:49:32 pm[0m] File change detected. Starting incremental compilation...

[[90m2:49:34 pm[0m] Found 0 errors. Watching for file changes.

[2J[3J[H[[90m2:49:35 pm[0m] File change detected. Starting incremental compilation...

[[90m2:49:36 pm[0m] Found 0 errors. Watching for file changes.

[2J[3J[H[[90m2:49:39 pm[0m] File change detected. Starting incremental compilation...

[[90m2:49:41 pm[0m] Found 0 errors. Watching for file changes.

[2J[3J[H[[90m2:49:42 pm[0m] File change detected. Starting incremental compilation...

[[90m2:49:43 pm[0m] Found 0 errors. Watching for file changes.

[2J[3J[H[[90m2:49:43 pm[0m] File change detected. Starting incremental compilation...

[[90m2:49:45 pm[0m] Found 0 errors. Watching for file changes.

[2J[3J[H[[90m2:49:50 pm[0m] File change detected. Starting incremental compilation...

[[90m2:49:52 pm[0m] Found 0 errors. Watching for file changes.

[2J[3J[H[[90m2:49:53 pm[0m] File change detected. Starting incremental compilation...

[[90m2:49:54 pm[0m] Found 0 errors. Watching for file changes.

[32m[Nest] 42168  - [39m03/08/2026, 2:50:05 pm [32m    LOG[39m [38;5;3m[NestFactory] [39m[32mStarting Nest application...[39m
[32m[Nest] 42168  - [39m03/08/2026, 2:50:06 pm [32m    LOG[39m [38;5;3m[InstanceLoader] [39m[32mAppModule dependencies initialized[39m[38;5;3m +82ms[39m
[32m[Nest] 42168  - [39m03/08/2026, 2:50:06 pm [32m    LOG[39m [38;5;3m[InstanceLoader] [39m[32mConfigModule dependencies initialized[39m[38;5;3m +0ms[39m
[32m[Nest] 42168  - [39m03/08/2026, 2:50:06 pm [32m    LOG[39m [38;5;3m[InstanceLoader] [39m[32mConfigHostModule dependencies initialized[39m[38;5;3m +1ms[39m
[2J[3J[H[[90m2:50:06 pm[0m] File change detected. Starting incremental compilation...

[32m[Nest] 42168  - [39m03/08/2026, 2:50:06 pm [32m    LOG[39m [38;5;3m[InstanceLoader] [39m[32mHealthModule dependencies initialized[39m[38;5;3m +104ms[39m
[32m[Nest] 42168  - [39m03/08/2026, 2:50:06 pm [32m    LOG[39m [38;5;3m[InstanceLoader] [39m[32mConfigModule dependencies initialized[39m[38;5;3m +0ms[39m
[32m[Nest] 42168  - [39m03/08/2026, 2:50:06 pm [32m    LOG[39m [38;5;3m[InstanceLoader] [39m[32mStreamModule dependencies initialized[39m[38;5;3m +0ms[39m
[32m[Nest] 42168  - [39m03/08/2026, 2:50:06 pm [32m    LOG[39m [38;5;3m[DrizzleProvider] [39m[32mPostgreSQL connection established successfully.[39m
[32m[Nest] 42168  - [39m03/08/2026, 2:50:06 pm [32m    LOG[39m [38;5;3m[InstanceLoader] [39m[32mDatabaseModule dependencies initialized[39m[38;5;3m +2ms[39m
[32m[Nest] 42168  - [39m03/08/2026, 2:50:06 pm [32m    LOG[39m [38;5;3m[InstanceLoader] [39m[32mUsersModule dependencies initialized[39m[38;5;3m +1ms[39m
[32m[Nest] 42168  - [39m03/08/2026, 2:50:06 pm [32m    LOG[39m [38;5;3m[InstanceLoader] [39m[32mNotificationsModule dependencies initialized[39m[38;5;3m +1ms[39m
[32m[Nest] 42168  - [39m03/08/2026, 2:50:06 pm [32m    LOG[39m [38;5;3m[InstanceLoader] [39m[32mDepartmentsModule dependencies initialized[39m[38;5;3m +2ms[39m
[32m[Nest] 42168  - [39m03/08/2026, 2:50:06 pm [32m    LOG[39m [38;5;3m[InstanceLoader] [39m[32mTasksModule dependencies initialized[39m[38;5;3m +0ms[39m
[32m[Nest] 42168  - [39m03/08/2026, 2:50:06 pm [32m    LOG[39m [38;5;3m[InstanceLoader] [39m[32mMeetingsModule dependencies initialized[39m[38;5;3m +0ms[39m
[32m[Nest] 42168  - [39m03/08/2026, 2:50:06 pm [32m    LOG[39m [38;5;3m[InstanceLoader] [39m[32mChannelsModule dependencies initialized[39m[38;5;3m +0ms[39m
[32m[Nest] 42168  - [39m03/08/2026, 2:50:06 pm [32m    LOG[39m [38;5;3m[InstanceLoader] [39m[32mClerkModule dependencies initialized[39m[38;5;3m +2ms[39m
[32m[Nest] 42168  - [39m03/08/2026, 2:50:06 pm [32m    LOG[39m [38;5;3m[RoutesResolver] [39m[32mHealthController {/health}:[39m[38;5;3m +11ms[39m
[32m[Nest] 42168  - [39m03/08/2026, 2:50:06 pm [32m    LOG[39m [38;5;3m[RouterExplorer] [39m[32mMapped {/health, GET} route[39m[38;5;3m +6ms[39m
[32m[Nest] 42168  - [39m03/08/2026, 2:50:06 pm [32m    LOG[39m [38;5;3m[RoutesResolver] [39m[32mClerkTestController {/clerk-test}:[39m[38;5;3m +0ms[39m
[32m[Nest] 42168  - [39m03/08/2026, 2:50:06 pm [32m    LOG[39m [38;5;3m[RouterExplorer] [39m[32mMapped {/clerk-test/me, GET} route[39m[38;5;3m +1ms[39m
[32m[Nest] 42168  - [39m03/08/2026, 2:50:06 pm [32m    LOG[39m [38;5;3m[RoutesResolver] [39m[32mStreamController {/stream}:[39m[38;5;3m +1ms[39m
[32m[Nest] 42168  - [39m03/08/2026, 2:50:06 pm [32m    LOG[39m [38;5;3m[RouterExplorer] [39m[32mMapped {/stream/token, GET} route[39m[38;5;3m +0ms[39m
[32m[Nest] 42168  - [39m03/08/2026, 2:50:06 pm [32m    LOG[39m [38;5;3m[RoutesResolver] [39m[32mUsersController {/users}:[39m[38;5;3m +0ms[39m
[32m[Nest] 42168  - [39m03/08/2026, 2:50:06 pm [32m    LOG[39m [38;5;3m[RouterExplorer] [39m[32mMapped {/users/me, GET} route[39m[38;5;3m +1ms[39m
[32m[Nest] 42168  - [39m03/08/2026, 2:50:06 pm [32m    LOG[39m [38;5;3m[RouterExplorer] [39m[32mMapped {/users, GET} route[39m[38;5;3m +1ms[39m
[32m[Nest] 42168  - [39m03/08/2026, 2:50:06 pm [32m    LOG[39m [38;5;3m[RouterExplorer] [39m[32mMapped {/users/:clerkId/role, PATCH} route[39m[38;5;3m +1ms[39m
[32m[Nest] 42168  - [39m03/08/2026, 2:50:06 pm [32m    LOG[39m [38;5;3m[RoutesResolver] [39m[32mChatController {/chat}:[39m[38;5;3m +0ms[39m
[32m[Nest] 42168  - [39m03/08/2026, 2:50:06 pm [32m    LOG[39m [38;5;3m[RouterExplorer] [39m[32mMapped {/chat/token, GET} route[39m[38;5;3m +1ms[39m
[32m[Nest] 42168  - [39m03/08/2026, 2:50:06 pm [32m    LOG[39m [38;5;3m[RouterExplorer] [39m[32mMapped {/chat/direct, POST} route[39m[38;5;3m +0ms[39m
[32m[Nest] 42168  - [39m03/08/2026, 2:50:06 pm [32m    LOG[39m [38;5;3m[RouterExplorer] [39m[32mMapped {/chat/group, POST} route[39m[38;5;3m +0ms[39m
[32m[Nest] 42168  - [39m03/08/2026, 2:50:06 pm [32m    LOG[39m [38;5;3m[RouterExplorer] [39m[32mMapped {/chat/groups/:channelId, GET} route[39m[38;5;3m +1ms[39m
[32m[Nest] 42168  - [39m03/08/2026, 2:50:06 pm [32m    LOG[39m [38;5;3m[RouterExplorer] [39m[32mMapped {/chat/groups/:channelId, PATCH} route[39m[38;5;3m +0ms[39m
[32m[Nest] 42168  - [39m03/08/2026, 2:50:06 pm [32m    LOG[39m [38;5;3m[RouterExplorer] [39m[32mMapped {/chat/groups/:channelId/avatar, PUT} route[39m[38;5;3m +1ms[39m
[32m[Nest] 42168  - [39m03/08/2026, 2:50:06 pm [32m    LOG[39m [38;5;3m[RouterExplorer] [39m[32mMapped {/chat/groups/:channelId/avatar, DELETE} route[39m[38;5;3m +0ms[39m
[32m[Nest] 42168  - [39m03/08/2026, 2:50:06 pm [32m    LOG[39m [38;5;3m[RouterExplorer] [39m[32mMapped {/chat/groups/:channelId/members/:memberId, POST} route[39m[38;5;3m +0ms[39m
[32m[Nest] 42168  - [39m03/08/2026, 2:50:06 pm [32m    LOG[39m [38;5;3m[RouterExplorer] [39m[32mMapped {/chat/groups/:channelId/members/:memberId, DELETE} route[39m[38;5;3m +1ms[39m
[32m[Nest] 42168  - [39m03/08/2026, 2:50:06 pm [32m    LOG[39m [38;5;3m[RouterExplorer] [39m[32mMapped {/chat/groups/:channelId/leave, POST} route[39m[38;5;3m +0ms[39m
[32m[Nest] 42168  - [39m03/08/2026, 2:50:06 pm [32m    LOG[39m [38;5;3m[RouterExplorer] [39m[32mMapped {/chat/groups/:channelId/moderators/:memberId, POST} route[39m[38;5;3m +0ms[39m
[32m[Nest] 42168  - [39m03/08/2026, 2:50:06 pm [32m    LOG[39m [38;5;3m[RouterExplorer] [39m[32mMapped {/chat/groups/:channelId/moderators/:memberId, DELETE} route[39m[38;5;3m +1ms[39m
[32m[Nest] 42168  - [39m03/08/2026, 2:50:06 pm [32m    LOG[39m [38;5;3m[RoutesResolver] [39m[32mTasksController {/tasks}:[39m[38;5;3m +0ms[39m
[32m[Nest] 42168  - [39m03/08/2026, 2:50:06 pm [32m    LOG[39m [38;5;3m[RouterExplorer] [39m[32mMapped {/tasks, POST} route[39m[38;5;3m +0ms[39m
[32m[Nest] 42168  - [39m03/08/2026, 2:50:06 pm [32m    LOG[39m [38;5;3m[RouterExplorer] [39m[32mMapped {/tasks, GET} route[39m[38;5;3m +0ms[39m
[32m[Nest] 42168  - [39m03/08/2026, 2:50:06 pm [32m    LOG[39m [38;5;3m[RouterExplorer] [39m[32mMapped {/tasks/:id, GET} route[39m[38;5;3m +1ms[39m
[32m[Nest] 42168  - [39m03/08/2026, 2:50:06 pm [32m    LOG[39m [38;5;3m[RouterExplorer] [39m[32mMapped {/tasks/:id, PATCH} route[39m[38;5;3m +0ms[39m
[32m[Nest] 42168  - [39m03/08/2026, 2:50:06 pm [32m    LOG[39m [38;5;3m[RouterExplorer] [39m[32mMapped {/tasks/:id/status, PATCH} route[39m[38;5;3m +0ms[39m
[32m[Nest] 42168  - [39m03/08/2026, 2:50:06 pm [32m    LOG[39m [38;5;3m[RouterExplorer] [39m[32mMapped {/tasks/:id, DELETE} route[39m[38;5;3m +0ms[39m
[32m[Nest] 42168  - [39m03/08/2026, 2:50:06 pm [32m    LOG[39m [38;5;3m[RoutesResolver] [39m[32mMeetingsController {/meetings}:[39m[38;5;3m +0ms[39m
[32m[Nest] 42168  - [39m03/08/2026, 2:50:06 pm [32m    LOG[39m [38;5;3m[RouterExplorer] [39m[32mMapped {/meetings, POST} route[39m[38;5;3m +1ms[39m
[32m[Nest] 42168  - [39m03/08/2026, 2:50:06 pm [32m    LOG[39m [38;5;3m[RouterExplorer] [39m[32mMapped {/meetings, GET} route[39m[38;5;3m +0ms[39m
[32m[Nest] 42168  - [39m03/08/2026, 2:50:06 pm [32m    LOG[39m [38;5;3m[RouterExplorer] [39m[32mMapped {/meetings/:id, GET} route[39m[38;5;3m +1ms[39m
[32m[Nest] 42168  - [39m03/08/2026, 2:50:06 pm [32m    LOG[39m [38;5;3m[RouterExplorer] [39m[32mMapped {/meetings/:id, PATCH} route[39m[38;5;3m +0ms[39m
[32m[Nest] 42168  - [39m03/08/2026, 2:50:06 pm [32m    LOG[39m [38;5;3m[RouterExplorer] [39m[32mMapped {/meetings/:id, DELETE} route[39m[38;5;3m +0ms[39m
[32m[Nest] 42168  - [39m03/08/2026, 2:50:06 pm [32m    LOG[39m [38;5;3m[RouterExplorer] [39m[32mMapped {/meetings/:id/join, POST} route[39m[38;5;3m +1ms[39m
[32m[Nest] 42168  - [39m03/08/2026, 2:50:06 pm [32m    LOG[39m [38;5;3m[RouterExplorer] [39m[32mMapped {/meetings/:id/leave, POST} route[39m[38;5;3m +0ms[39m
[32m[Nest] 42168  - [39m03/08/2026, 2:50:06 pm [32m    LOG[39m [38;5;3m[RoutesResolver] [39m[32mDepartmentsController {/departments}:[39m[38;5;3m +0ms[39m
[32m[Nest] 42168  - [39m03/08/2026, 2:50:06 pm [32m    LOG[39m [38;5;3m[RouterExplorer] [39m[32mMapped {/departments, POST} route[39m[38;5;3m +0ms[39m
[32m[Nest] 42168  - [39m03/08/2026, 2:50:06 pm [32m    LOG[39m [38;5;3m[RouterExplorer] [39m[32mMapped {/departments/mine, GET} route[39m[38;5;3m +1ms[39m
[32m[Nest] 42168  - [39m03/08/2026, 2:50:06 pm [32m    LOG[39m [38;5;3m[RouterExplorer] [39m[32mMapped {/departments/:id, GET} route[39m[38;5;3m +0ms[39m
[32m[Nest] 42168  - [39m03/08/2026, 2:50:06 pm [32m    LOG[39m [38;5;3m[RouterExplorer] [39m[32mMapped {/departments/:id, PATCH} route[39m[38;5;3m +0ms[39m
[32m[Nest] 42168  - [39m03/08/2026, 2:50:06 pm [32m    LOG[39m [38;5;3m[RouterExplorer] [39m[32mMapped {/departments/:id, DELETE} route[39m[38;5;3m +0ms[39m
[32m[Nest] 42168  - [39m03/08/2026, 2:50:06 pm [32m    LOG[39m [38;5;3m[RouterExplorer] [39m[32mMapped {/departments/:id/members/:memberId, POST} route[39m[38;5;3m +1ms[39m
[32m[Nest] 42168  - [39m03/08/2026, 2:50:06 pm [32m    LOG[39m [38;5;3m[RouterExplorer] [39m[32mMapped {/departments/:id/members/:memberId, DELETE} route[39m[38;5;3m +0ms[39m
[32m[Nest] 42168  - [39m03/08/2026, 2:50:06 pm [32m    LOG[39m [38;5;3m[RoutesResolver] [39m[32mChannelsController {/channels}:[39m[38;5;3m +0ms[39m
[32m[Nest] 42168  - [39m03/08/2026, 2:50:06 pm [32m    LOG[39m [38;5;3m[RouterExplorer] [39m[32mMapped {/channels, POST} route[39m[38;5;3m +1ms[39m
[32m[Nest] 42168  - [39m03/08/2026, 2:50:06 pm [32m    LOG[39m [38;5;3m[RouterExplorer] [39m[32mMapped {/channels, GET} route[39m[38;5;3m +0ms[39m
[32m[Nest] 42168  - [39m03/08/2026, 2:50:06 pm [32m    LOG[39m [38;5;3m[RouterExplorer] [39m[32mMapped {/channels/:id, GET} route[39m[38;5;3m +0ms[39m
[32m[Nest] 42168  - [39m03/08/2026, 2:50:06 pm [32m    LOG[39m [38;5;3m[RouterExplorer] [39m[32mMapped {/channels/:id, PATCH} route[39m[38;5;3m +0ms[39m
[32m[Nest] 42168  - [39m03/08/2026, 2:50:06 pm [32m    LOG[39m [38;5;3m[RouterExplorer] [39m[32mMapped {/channels/:id, DELETE} route[39m[38;5;3m +1ms[39m
[32m[Nest] 42168  - [39m03/08/2026, 2:50:06 pm [32m    LOG[39m [38;5;3m[RouterExplorer] [39m[32mMapped {/channels/:id/join, POST} route[39m[38;5;3m +0ms[39m
[32m[Nest] 42168  - [39m03/08/2026, 2:50:06 pm [32m    LOG[39m [38;5;3m[RouterExplorer] [39m[32mMapped {/channels/:id/leave, POST} route[39m[38;5;3m +0ms[39m
[32m[Nest] 42168  - [39m03/08/2026, 2:50:06 pm [32m    LOG[39m [38;5;3m[RouterExplorer] [39m[32mMapped {/channels/:id/members, GET} route[39m[38;5;3m +0ms[39m
[32m[Nest] 42168  - [39m03/08/2026, 2:50:06 pm [32m    LOG[39m [38;5;3m[RouterExplorer] [39m[32mMapped {/channels/:id/members/:memberId, POST} route[39m[38;5;3m +1ms[39m
[32m[Nest] 42168  - [39m03/08/2026, 2:50:06 pm [32m    LOG[39m [38;5;3m[RouterExplorer] [39m[32mMapped {/channels/:id/members/:memberId, DELETE} route[39m[38;5;3m +0ms[39m
[32m[Nest] 42168  - [39m03/08/2026, 2:50:06 pm [32m    LOG[39m [38;5;3m[RoutesResolver] [39m[32mNotificationsController {/notifications}:[39m[38;5;3m +0ms[39m
[32m[Nest] 42168  - [39m03/08/2026, 2:50:06 pm [32m    LOG[39m [38;5;3m[RouterExplorer] [39m[32mMapped {/notifications, GET} route[39m[38;5;3m +1ms[39m
[32m[Nest] 42168  - [39m03/08/2026, 2:50:06 pm [32m    LOG[39m [38;5;3m[RouterExplorer] [39m[32mMapped {/notifications/unread-count, GET} route[39m[38;5;3m +0ms[39m
[32m[Nest] 42168  - [39m03/08/2026, 2:50:06 pm [32m    LOG[39m [38;5;3m[RouterExplorer] [39m[32mMapped {/notifications/:id/read, PATCH} route[39m[38;5;3m +0ms[39m
[32m[Nest] 42168  - [39m03/08/2026, 2:50:06 pm [32m    LOG[39m [38;5;3m[RouterExplorer] [39m[32mMapped {/notifications/read-all, PATCH} route[39m[38;5;3m +0ms[39m
[32m[Nest] 42168  - [39m03/08/2026, 2:50:06 pm [32m    LOG[39m [38;5;3m[RouterExplorer] [39m[32mMapped {/notifications/self, POST} route[39m[38;5;3m +0ms[39m
[32m[Nest] 42168  - [39m03/08/2026, 2:50:06 pm [32m    LOG[39m [38;5;3m[StreamService] [39m[32mStream Chat server client initialized.[39m
Attention: Clerk collects telemetry data from its SDKs when connected to development instances.
The data collected is used to inform Clerk's product roadmap.
To learn more, including how to opt-out from the telemetry program, visit: https://clerk.com/docs/telemetry.

[32m[Nest] 42168  - [39m03/08/2026, 2:50:06 pm [32m    LOG[39m [38;5;3m[NestApplication] [39m[32mNest application successfully started[39m[38;5;3m +609ms[39m
🚀 Application is running on: http://localhost:3001
[[90m2:50:07 pm[0m] Found 0 errors. Watching for file changes.

[32m[Nest] 65152  - [39m03/08/2026, 2:50:20 pm [32m    LOG[39m [38;5;3m[NestFactory] [39m[32mStarting Nest application...[39m
[32m[Nest] 65152  - [39m03/08/2026, 2:50:20 pm [32m    LOG[39m [38;5;3m[InstanceLoader] [39m[32mAppModule dependencies initialized[39m[38;5;3m +35ms[39m
[32m[Nest] 65152  - [39m03/08/2026, 2:50:20 pm [32m    LOG[39m [38;5;3m[InstanceLoader] [39m[32mConfigModule dependencies initialized[39m[38;5;3m +0ms[39m
[32m[Nest] 65152  - [39m03/08/2026, 2:50:20 pm [32m    LOG[39m [38;5;3m[InstanceLoader] [39m[32mConfigHostModule dependencies initialized[39m[38;5;3m +1ms[39m
[32m[Nest] 65152  - [39m03/08/2026, 2:50:20 pm [32m    LOG[39m [38;5;3m[InstanceLoader] [39m[32mHealthModule dependencies initialized[39m[38;5;3m +23ms[39m
[32m[Nest] 65152  - [39m03/08/2026, 2:50:20 pm [32m    LOG[39m [38;5;3m[InstanceLoader] [39m[32mConfigModule dependencies initialized[39m[38;5;3m +0ms[39m
[32m[Nest] 65152  - [39m03/08/2026, 2:50:20 pm [32m    LOG[39m [38;5;3m[InstanceLoader] [39m[32mStreamModule dependencies initialized[39m[38;5;3m +0ms[39m
[32m[Nest] 65152  - [39m03/08/2026, 2:50:20 pm [32m    LOG[39m [38;5;3m[DrizzleProvider] [39m[32mPostgreSQL connection established successfully.[39m
[32m[Nest] 65152  - [39m03/08/2026, 2:50:20 pm [32m    LOG[39m [38;5;3m[InstanceLoader] [39m[32mDatabaseModule dependencies initialized[39m[38;5;3m +2ms[39m
[32m[Nest] 65152  - [39m03/08/2026, 2:50:20 pm [32m    LOG[39m [38;5;3m[InstanceLoader] [39m[32mUsersModule dependencies initialized[39m[38;5;3m +0ms[39m
[32m[Nest] 65152  - [39m03/08/2026, 2:50:20 pm [32m    LOG[39m [38;5;3m[InstanceLoader] [39m[32mNotificationsModule dependencies initialized[39m[38;5;3m +1ms[39m
[32m[Nest] 65152  - [39m03/08/2026, 2:50:20 pm [32m    LOG[39m [38;5;3m[InstanceLoader] [39m[32mDepartmentsModule dependencies initialized[39m[38;5;3m +0ms[39m
[32m[Nest] 65152  - [39m03/08/2026, 2:50:20 pm [32m    LOG[39m [38;5;3m[InstanceLoader] [39m[32mTasksModule dependencies initialized[39m[38;5;3m +0ms[39m
[32m[Nest] 65152  - [39m03/08/2026, 2:50:20 pm [32m    LOG[39m [38;5;3m[InstanceLoader] [39m[32mMeetingsModule dependencies initialized[39m[38;5;3m +0ms[39m
[32m[Nest] 65152  - [39m03/08/2026, 2:50:20 pm [32m    LOG[39m [38;5;3m[InstanceLoader] [39m[32mChannelsModule dependencies initialized[39m[38;5;3m +1ms[39m
[32m[Nest] 65152  - [39m03/08/2026, 2:50:20 pm [32m    LOG[39m [38;5;3m[InstanceLoader] [39m[32mClerkModule dependencies initialized[39m[38;5;3m +1ms[39m
[32m[Nest] 65152  - [39m03/08/2026, 2:50:20 pm [32m    LOG[39m [38;5;3m[RoutesResolver] [39m[32mHealthController {/health}:[39m[38;5;3m +12ms[39m
[32m[Nest] 65152  - [39m03/08/2026, 2:50:20 pm [32m    LOG[39m [38;5;3m[RouterExplorer] [39m[32mMapped {/health, GET} route[39m[38;5;3m +5ms[39m
[32m[Nest] 65152  - [39m03/08/2026, 2:50:20 pm [32m    LOG[39m [38;5;3m[RoutesResolver] [39m[32mClerkTestController {/clerk-test}:[39m[38;5;3m +0ms[39m
[32m[Nest] 65152  - [39m03/08/2026, 2:50:20 pm [32m    LOG[39m [38;5;3m[RouterExplorer] [39m[32mMapped {/clerk-test/me, GET} route[39m[38;5;3m +1ms[39m
[32m[Nest] 65152  - [39m03/08/2026, 2:50:20 pm [32m    LOG[39m [38;5;3m[RoutesResolver] [39m[32mStreamController {/stream}:[39m[38;5;3m +0ms[39m
[32m[Nest] 65152  - [39m03/08/2026, 2:50:20 pm [32m    LOG[39m [38;5;3m[RouterExplorer] [39m[32mMapped {/stream/token, GET} route[39m[38;5;3m +1ms[39m
[32m[Nest] 65152  - [39m03/08/2026, 2:50:20 pm [32m    LOG[39m [38;5;3m[RoutesResolver] [39m[32mUsersController {/users}:[39m[38;5;3m +0ms[39m
[32m[Nest] 65152  - [39m03/08/2026, 2:50:20 pm [32m    LOG[39m [38;5;3m[RouterExplorer] [39m[32mMapped {/users/me, GET} route[39m[38;5;3m +1ms[39m
[32m[Nest] 65152  - [39m03/08/2026, 2:50:20 pm [32m    LOG[39m [38;5;3m[RouterExplorer] [39m[32mMapped {/users, GET} route[39m[38;5;3m +0ms[39m
[32m[Nest] 65152  - [39m03/08/2026, 2:50:20 pm [32m    LOG[39m [38;5;3m[RouterExplorer] [39m[32mMapped {/users/:clerkId/role, PATCH} route[39m[38;5;3m +1ms[39m
[32m[Nest] 65152  - [39m03/08/2026, 2:50:20 pm [32m    LOG[39m [38;5;3m[RoutesResolver] [39m[32mChatController {/chat}:[39m[38;5;3m +1ms[39m
[32m[Nest] 65152  - [39m03/08/2026, 2:50:20 pm [32m    LOG[39m [38;5;3m[RouterExplorer] [39m[32mMapped {/chat/token, GET} route[39m[38;5;3m +0ms[39m
[32m[Nest] 65152  - [39m03/08/2026, 2:50:20 pm [32m    LOG[39m [38;5;3m[RouterExplorer] [39m[32mMapped {/chat/direct, POST} route[39m[38;5;3m +1ms[39m
[32m[Nest] 65152  - [39m03/08/2026, 2:50:20 pm [32m    LOG[39m [38;5;3m[RouterExplorer] [39m[32mMapped {/chat/group, POST} route[39m[38;5;3m +0ms[39m
[32m[Nest] 65152  - [39m03/08/2026, 2:50:20 pm [32m    LOG[39m [38;5;3m[RouterExplorer] [39m[32mMapped {/chat/groups/:channelId, GET} route[39m[38;5;3m +1ms[39m
[32m[Nest] 65152  - [39m03/08/2026, 2:50:20 pm [32m    LOG[39m [38;5;3m[RouterExplorer] [39m[32mMapped {/chat/groups/:channelId, PATCH} route[39m[38;5;3m +0ms[39m
[32m[Nest] 65152  - [39m03/08/2026, 2:50:20 pm [32m    LOG[39m [38;5;3m[RouterExplorer] [39m[32mMapped {/chat/groups/:channelId/avatar, PUT} route[39m[38;5;3m +1ms[39m
[32m[Nest] 65152  - [39m03/08/2026, 2:50:20 pm [32m    LOG[39m [38;5;3m[RouterExplorer] [39m[32mMapped {/chat/groups/:channelId/avatar, DELETE} route[39m[38;5;3m +0ms[39m
[32m[Nest] 65152  - [39m03/08/2026, 2:50:20 pm [32m    LOG[39m [38;5;3m[RouterExplorer] [39m[32mMapped {/chat/groups/:channelId/members/:memberId, POST} route[39m[38;5;3m +0ms[39m
[32m[Nest] 65152  - [39m03/08/2026, 2:50:20 pm [32m    LOG[39m [38;5;3m[RouterExplorer] [39m[32mMapped {/chat/groups/:channelId/members/:memberId, DELETE} route[39m[38;5;3m +1ms[39m
[32m[Nest] 65152  - [39m03/08/2026, 2:50:20 pm [32m    LOG[39m [38;5;3m[RouterExplorer] [39m[32mMapped {/chat/groups/:channelId/leave, POST} route[39m[38;5;3m +0ms[39m
[32m[Nest] 65152  - [39m03/08/2026, 2:50:20 pm [32m    LOG[39m [38;5;3m[RouterExplorer] [39m[32mMapped {/chat/groups/:channelId/moderators/:memberId, POST} route[39m[38;5;3m +0ms[39m
[32m[Nest] 65152  - [39m03/08/2026, 2:50:20 pm [32m    LOG[39m [38;5;3m[RouterExplorer] [39m[32mMapped {/chat/groups/:channelId/moderators/:memberId, DELETE} route[39m[38;5;3m +1ms[39m
[32m[Nest] 65152  - [39m03/08/2026, 2:50:20 pm [32m    LOG[39m [38;5;3m[RoutesResolver] [39m[32mTasksController {/tasks}:[39m[38;5;3m +0ms[39m
[32m[Nest] 65152  - [39m03/08/2026, 2:50:20 pm [32m    LOG[39m [38;5;3m[RouterExplorer] [39m[32mMapped {/tasks, POST} route[39m[38;5;3m +0ms[39m
[32m[Nest] 65152  - [39m03/08/2026, 2:50:20 pm [32m    LOG[39m [38;5;3m[RouterExplorer] [39m[32mMapped {/tasks, GET} route[39m[38;5;3m +0ms[39m
[32m[Nest] 65152  - [39m03/08/2026, 2:50:20 pm [32m    LOG[39m [38;5;3m[RouterExplorer] [39m[32mMapped {/tasks/:id, GET} route[39m[38;5;3m +1ms[39m
[32m[Nest] 65152  - [39m03/08/2026, 2:50:20 pm [32m    LOG[39m [38;5;3m[RouterExplorer] [39m[32mMapped {/tasks/:id, PATCH} route[39m[38;5;3m +0ms[39m
[32m[Nest] 65152  - [39m03/08/2026, 2:50:20 pm [32m    LOG[39m [38;5;3m[RouterExplorer] [39m[32mMapped {/tasks/:id/status, PATCH} route[39m[38;5;3m +0ms[39m
[32m[Nest] 65152  - [39m03/08/2026, 2:50:20 pm [32m    LOG[39m [38;5;3m[RouterExplorer] [39m[32mMapped {/tasks/:id, DELETE} route[39m[38;5;3m +0ms[39m
[32m[Nest] 65152  - [39m03/08/2026, 2:50:20 pm [32m    LOG[39m [38;5;3m[RoutesResolver] [39m[32mMeetingsController {/meetings}:[39m[38;5;3m +0ms[39m
[32m[Nest] 65152  - [39m03/08/2026, 2:50:20 pm [32m    LOG[39m [38;5;3m[RouterExplorer] [39m[32mMapped {/meetings, POST} route[39m[38;5;3m +1ms[39m
[32m[Nest] 65152  - [39m03/08/2026, 2:50:20 pm [32m    LOG[39m [38;5;3m[RouterExplorer] [39m[32mMapped {/meetings, GET} route[39m[38;5;3m +0ms[39m
[32m[Nest] 65152  - [39m03/08/2026, 2:50:20 pm [32m    LOG[39m [38;5;3m[RouterExplorer] [39m[32mMapped {/meetings/:id, GET} route[39m[38;5;3m +0ms[39m
[32m[Nest] 65152  - [39m03/08/2026, 2:50:20 pm [32m    LOG[39m [38;5;3m[RouterExplorer] [39m[32mMapped {/meetings/:id, PATCH} route[39m[38;5;3m +1ms[39m
[32m[Nest] 65152  - [39m03/08/2026, 2:50:20 pm [32m    LOG[39m [38;5;3m[RouterExplorer] [39m[32mMapped {/meetings/:id, DELETE} route[39m[38;5;3m +0ms[39m
[32m[Nest] 65152  - [39m03/08/2026, 2:50:20 pm [32m    LOG[39m [38;5;3m[RouterExplorer] [39m[32mMapped {/meetings/:id/join, POST} route[39m[38;5;3m +0ms[39m
[32m[Nest] 65152  - [39m03/08/2026, 2:50:20 pm [32m    LOG[39m [38;5;3m[RouterExplorer] [39m[32mMapped {/meetings/:id/leave, POST} route[39m[38;5;3m +0ms[39m
[32m[Nest] 65152  - [39m03/08/2026, 2:50:20 pm [32m    LOG[39m [38;5;3m[RoutesResolver] [39m[32mDepartmentsController {/departments}:[39m[38;5;3m +0ms[39m
[32m[Nest] 65152  - [39m03/08/2026, 2:50:20 pm [32m    LOG[39m [38;5;3m[RouterExplorer] [39m[32mMapped {/departments, POST} route[39m[38;5;3m +1ms[39m
[32m[Nest] 65152  - [39m03/08/2026, 2:50:20 pm [32m    LOG[39m [38;5;3m[RouterExplorer] [39m[32mMapped {/departments/mine, GET} route[39m[38;5;3m +0ms[39m
[32m[Nest] 65152  - [39m03/08/2026, 2:50:20 pm [32m    LOG[39m [38;5;3m[RouterExplorer] [39m[32mMapped {/departments/:id, GET} route[39m[38;5;3m +0ms[39m
[32m[Nest] 65152  - [39m03/08/2026, 2:50:20 pm [32m    LOG[39m [38;5;3m[RouterExplorer] [39m[32mMapped {/departments/:id, PATCH} route[39m[38;5;3m +0ms[39m
[32m[Nest] 65152  - [39m03/08/2026, 2:50:20 pm [32m    LOG[39m [38;5;3m[RouterExplorer] [39m[32mMapped {/departments/:id, DELETE} route[39m[38;5;3m +0ms[39m
[32m[Nest] 65152  - [39m03/08/2026, 2:50:20 pm [32m    LOG[39m [38;5;3m[RouterExplorer] [39m[32mMapped {/departments/:id/members/:memberId, POST} route[39m[38;5;3m +0ms[39m
[32m[Nest] 65152  - [39m03/08/2026, 2:50:20 pm [32m    LOG[39m [38;5;3m[RouterExplorer] [39m[32mMapped {/departments/:id/members/:memberId, DELETE} route[39m[38;5;3m +0ms[39m
[32m[Nest] 65152  - [39m03/08/2026, 2:50:20 pm [32m    LOG[39m [38;5;3m[RoutesResolver] [39m[32mChannelsController {/channels}:[39m[38;5;3m +0ms[39m
[32m[Nest] 65152  - [39m03/08/2026, 2:50:20 pm [32m    LOG[39m [38;5;3m[RouterExplorer] [39m[32mMapped {/channels, POST} route[39m[38;5;3m +1ms[39m
[32m[Nest] 65152  - [39m03/08/2026, 2:50:20 pm [32m    LOG[39m [38;5;3m[RouterExplorer] [39m[32mMapped {/channels, GET} route[39m[38;5;3m +0ms[39m
[32m[Nest] 65152  - [39m03/08/2026, 2:50:20 pm [32m    LOG[39m [38;5;3m[RouterExplorer] [39m[32mMapped {/channels/:id, GET} route[39m[38;5;3m +0ms[39m
[32m[Nest] 65152  - [39m03/08/2026, 2:50:20 pm [32m    LOG[39m [38;5;3m[RouterExplorer] [39m[32mMapped {/channels/:id, PATCH} route[39m[38;5;3m +0ms[39m
[32m[Nest] 65152  - [39m03/08/2026, 2:50:20 pm [32m    LOG[39m [38;5;3m[RouterExplorer] [39m[32mMapped {/channels/:id, DELETE} route[39m[38;5;3m +1ms[39m
[32m[Nest] 65152  - [39m03/08/2026, 2:50:20 pm [32m    LOG[39m [38;5;3m[RouterExplorer] [39m[32mMapped {/channels/:id/join, POST} route[39m[38;5;3m +0ms[39m
[32m[Nest] 65152  - [39m03/08/2026, 2:50:20 pm [32m    LOG[39m [38;5;3m[RouterExplorer] [39m[32mMapped {/channels/:id/leave, POST} route[39m[38;5;3m +0ms[39m
[32m[Nest] 65152  - [39m03/08/2026, 2:50:20 pm [32m    LOG[39m [38;5;3m[RouterExplorer] [39m[32mMapped {/channels/:id/members, GET} route[39m[38;5;3m +0ms[39m
[32m[Nest] 65152  - [39m03/08/2026, 2:50:20 pm [32m    LOG[39m [38;5;3m[RouterExplorer] [39m[32mMapped {/channels/:id/members/:memberId, POST} route[39m[38;5;3m +0ms[39m
[32m[Nest] 65152  - [39m03/08/2026, 2:50:20 pm [32m    LOG[39m [38;5;3m[RouterExplorer] [39m[32mMapped {/channels/:id/members/:memberId, DELETE} route[39m[38;5;3m +1ms[39m
[32m[Nest] 65152  - [39m03/08/2026, 2:50:20 pm [32m    LOG[39m [38;5;3m[RoutesResolver] [39m[32mNotificationsController {/notifications}:[39m[38;5;3m +0ms[39m
[32m[Nest] 65152  - [39m03/08/2026, 2:50:20 pm [32m    LOG[39m [38;5;3m[RouterExplorer] [39m[32mMapped {/notifications, GET} route[39m[38;5;3m +0ms[39m
[32m[Nest] 65152  - [39m03/08/2026, 2:50:20 pm [32m    LOG[39m [38;5;3m[RouterExplorer] [39m[32mMapped {/notifications/unread-count, GET} route[39m[38;5;3m +0ms[39m
[32m[Nest] 65152  - [39m03/08/2026, 2:50:20 pm [32m    LOG[39m [38;5;3m[RouterExplorer] [39m[32mMapped {/notifications/:id/read, PATCH} route[39m[38;5;3m +1ms[39m
[32m[Nest] 65152  - [39m03/08/2026, 2:50:20 pm [32m    LOG[39m [38;5;3m[RouterExplorer] [39m[32mMapped {/notifications/read-all, PATCH} route[39m[38;5;3m +0ms[39m
[32m[Nest] 65152  - [39m03/08/2026, 2:50:20 pm [32m    LOG[39m [38;5;3m[RouterExplorer] [39m[32mMapped {/notifications/self, POST} route[39m[38;5;3m +0ms[39m
[32m[Nest] 65152  - [39m03/08/2026, 2:50:20 pm [32m    LOG[39m [38;5;3m[StreamService] [39m[32mStream Chat server client initialized.[39m
Attention: Clerk collects telemetry data from its SDKs when connected to development instances.
The data collected is used to inform Clerk's product roadmap.
To learn more, including how to opt-out from the telemetry program, visit: https://clerk.com/docs/telemetry.

[32m[Nest] 65152  - [39m03/08/2026, 2:50:21 pm [32m    LOG[39m [38;5;3m[NestApplication] [39m[32mNest application successfully started[39m[38;5;3m +578ms[39m
🚀 Application is running on: http://localhost:3001
[32m[Nest] 65152  - [39m03/08/2026, 2:50:22 pm [32m    LOG[39m [38;5;3m[StreamService] [39m[32mStream user synced: user_3HE0SV8kvYSMEx8ggz3MMpOGMYX[39m
[32m[Nest] 65152  - [39m03/08/2026, 2:50:22 pm [32m    LOG[39m [38;5;3m[StreamService] [39m[32mStream user synced: user_3HE0SV8kvYSMEx8ggz3MMpOGMYX[39m
[32m[Nest] 65152  - [39m03/08/2026, 2:50:27 pm [32m    LOG[39m [38;5;3m[StreamService] [39m[32mStream user synced: user_3HE0SV8kvYSMEx8ggz3MMpOGMYX[39m
[32m[Nest] 65152  - [39m03/08/2026, 2:50:27 pm [32m    LOG[39m [38;5;3m[StreamService] [39m[32mStream user synced: user_3HE0SV8kvYSMEx8ggz3MMpOGMYX[39m
[32m[Nest] 65152  - [39m03/08/2026, 2:50:37 pm [32m    LOG[39m [38;5;3m[StreamService] [39m[32mStream user synced: user_3HE0SV8kvYSMEx8ggz3MMpOGMYX[39m
[32m[Nest] 65152  - [39m03/08/2026, 2:50:37 pm [32m    LOG[39m [38;5;3m[StreamService] [39m[32mStream user synced: user_3HE0SV8kvYSMEx8ggz3MMpOGMYX[39m
[2J[3J[H[[90m2:50:38 pm[0m] File change detected. Starting incremental compilation...

[[90m2:50:41 pm[0m] Found 0 errors. Watching for file changes.

[2J[3J[H[[90m2:50:41 pm[0m] File change detected. Starting incremental compilation...

[[90m2:50:44 pm[0m] Found 0 errors. Watching for file changes.

[2J[3J[H[[90m2:50:46 pm[0m] File change detected. Starting incremental compilation...

[[90m2:50:49 pm[0m] Found 0 errors. Watching for file changes.

[2J[3J[H[[90m2:50:53 pm[0m] File change detected. Starting incremental compilation...

[[90m2:50:55 pm[0m] Found 0 errors. Watching for file changes.

[32m[Nest] 65620  - [39m03/08/2026, 2:51:07 pm [32m    LOG[39m [38;5;3m[NestFactory] [39m[32mStarting Nest application...[39m
[32m[Nest] 65620  - [39m03/08/2026, 2:51:07 pm [32m    LOG[39m [38;5;3m[InstanceLoader] [39m[32mAppModule dependencies initialized[39m[38;5;3m +57ms[39m
[32m[Nest] 65620  - [39m03/08/2026, 2:51:07 pm [32m    LOG[39m [38;5;3m[InstanceLoader] [39m[32mConfigModule dependencies initialized[39m[38;5;3m +1ms[39m
[32m[Nest] 65620  - [39m03/08/2026, 2:51:07 pm [32m    LOG[39m [38;5;3m[InstanceLoader] [39m[32mConfigHostModule dependencies initialized[39m[38;5;3m +0ms[39m
[32m[Nest] 65620  - [39m03/08/2026, 2:51:07 pm [32m    LOG[39m [38;5;3m[InstanceLoader] [39m[32mHealthModule dependencies initialized[39m[38;5;3m +34ms[39m
[32m[Nest] 65620  - [39m03/08/2026, 2:51:07 pm [32m    LOG[39m [38;5;3m[InstanceLoader] [39m[32mConfigModule dependencies initialized[39m[38;5;3m +1ms[39m
[32m[Nest] 65620  - [39m03/08/2026, 2:51:07 pm [32m    LOG[39m [38;5;3m[InstanceLoader] [39m[32mStreamModule dependencies initialized[39m[38;5;3m +0ms[39m
[32m[Nest] 65620  - [39m03/08/2026, 2:51:07 pm [32m    LOG[39m [38;5;3m[DrizzleProvider] [39m[32mPostgreSQL connection established successfully.[39m
[32m[Nest] 65620  - [39m03/08/2026, 2:51:07 pm [32m    LOG[39m [38;5;3m[InstanceLoader] [39m[32mDatabaseModule dependencies initialized[39m[38;5;3m +2ms[39m
[32m[Nest] 65620  - [39m03/08/2026, 2:51:07 pm [32m    LOG[39m [38;5;3m[InstanceLoader] [39m[32mUsersModule dependencies initialized[39m[38;5;3m +1ms[39m
[32m[Nest] 65620  - [39m03/08/2026, 2:51:07 pm [32m    LOG[39m [38;5;3m[InstanceLoader] [39m[32mNotificationsModule dependencies initialized[39m[38;5;3m +0ms[39m
[32m[Nest] 65620  - [39m03/08/2026, 2:51:07 pm [32m    LOG[39m [38;5;3m[InstanceLoader] [39m[32mDepartmentsModule dependencies initialized[39m[38;5;3m +1ms[39m
[32m[Nest] 65620  - [39m03/08/2026, 2:51:07 pm [32m    LOG[39m [38;5;3m[InstanceLoader] [39m[32mTasksModule dependencies initialized[39m[38;5;3m +0ms[39m
[32m[Nest] 65620  - [39m03/08/2026, 2:51:07 pm [32m    LOG[39m [38;5;3m[InstanceLoader] [39m[32mMeetingsModule dependencies initialized[39m[38;5;3m +0ms[39m
[32m[Nest] 65620  - [39m03/08/2026, 2:51:07 pm [32m    LOG[39m [38;5;3m[InstanceLoader] [39m[32mChannelsModule dependencies initialized[39m[38;5;3m +0ms[39m
[32m[Nest] 65620  - [39m03/08/2026, 2:51:07 pm [32m    LOG[39m [38;5;3m[InstanceLoader] [39m[32mClerkModule dependencies initialized[39m[38;5;3m +2ms[39m
[32m[Nest] 65620  - [39m03/08/2026, 2:51:07 pm [32m    LOG[39m [38;5;3m[RoutesResolver] [39m[32mHealthController {/health}:[39m[38;5;3m +13ms[39m
[32m[Nest] 65620  - [39m03/08/2026, 2:51:07 pm [32m    LOG[39m [38;5;3m[RouterExplorer] [39m[32mMapped {/health, GET} route[39m[38;5;3m +7ms[39m
[32m[Nest] 65620  - [39m03/08/2026, 2:51:07 pm [32m    LOG[39m [38;5;3m[RoutesResolver] [39m[32mClerkTestController {/clerk-test}:[39m[38;5;3m +0ms[39m
[32m[Nest] 65620  - [39m03/08/2026, 2:51:07 pm [32m    LOG[39m [38;5;3m[RouterExplorer] [39m[32mMapped {/clerk-test/me, GET} route[39m[38;5;3m +1ms[39m
[32m[Nest] 65620  - [39m03/08/2026, 2:51:07 pm [32m    LOG[39m [38;5;3m[RoutesResolver] [39m[32mStreamController {/stream}:[39m[38;5;3m +0ms[39m
[32m[Nest] 65620  - [39m03/08/2026, 2:51:07 pm [32m    LOG[39m [38;5;3m[RouterExplorer] [39m[32mMapped {/stream/token, GET} route[39m[38;5;3m +1ms[39m
[32m[Nest] 65620  - [39m03/08/2026, 2:51:07 pm [32m    LOG[39m [38;5;3m[RoutesResolver] [39m[32mUsersController {/users}:[39m[38;5;3m +0ms[39m
[32m[Nest] 65620  - [39m03/08/2026, 2:51:07 pm [32m    LOG[39m [38;5;3m[RouterExplorer] [39m[32mMapped {/users/me, GET} route[39m[38;5;3m +1ms[39m
[32m[Nest] 65620  - [39m03/08/2026, 2:51:07 pm [32m    LOG[39m [38;5;3m[RouterExplorer] [39m[32mMapped {/users, GET} route[39m[38;5;3m +0ms[39m
[32m[Nest] 65620  - [39m03/08/2026, 2:51:07 pm [32m    LOG[39m [38;5;3m[RouterExplorer] [39m[32mMapped {/users/:clerkId/role, PATCH} route[39m[38;5;3m +1ms[39m
[32m[Nest] 65620  - [39m03/08/2026, 2:51:07 pm [32m    LOG[39m [38;5;3m[RoutesResolver] [39m[32mChatController {/chat}:[39m[38;5;3m +0ms[39m
[32m[Nest] 65620  - [39m03/08/2026, 2:51:07 pm [32m    LOG[39m [38;5;3m[RouterExplorer] [39m[32mMapped {/chat/token, GET} route[39m[38;5;3m +1ms[39m
[32m[Nest] 65620  - [39m03/08/2026, 2:51:07 pm [32m    LOG[39m [38;5;3m[RouterExplorer] [39m[32mMapped {/chat/direct, POST} route[39m[38;5;3m +0ms[39m
[32m[Nest] 65620  - [39m03/08/2026, 2:51:07 pm [32m    LOG[39m [38;5;3m[RouterExplorer] [39m[32mMapped {/chat/group, POST} route[39m[38;5;3m +1ms[39m
[32m[Nest] 65620  - [39m03/08/2026, 2:51:07 pm [32m    LOG[39m [38;5;3m[RouterExplorer] [39m[32mMapped {/chat/groups/:channelId, GET} route[39m[38;5;3m +0ms[39m
[32m[Nest] 65620  - [39m03/08/2026, 2:51:07 pm [32m    LOG[39m [38;5;3m[RouterExplorer] [39m[32mMapped {/chat/groups/:channelId, PATCH} route[39m[38;5;3m +1ms[39m
[32m[Nest] 65620  - [39m03/08/2026, 2:51:07 pm [32m    LOG[39m [38;5;3m[RouterExplorer] [39m[32mMapped {/chat/groups/:channelId/avatar, PUT} route[39m[38;5;3m +0ms[39m
[32m[Nest] 65620  - [39m03/08/2026, 2:51:07 pm [32m    LOG[39m [38;5;3m[RouterExplorer] [39m[32mMapped {/chat/groups/:channelId/avatar, DELETE} route[39m[38;5;3m +1ms[39m
[32m[Nest] 65620  - [39m03/08/2026, 2:51:07 pm [32m    LOG[39m [38;5;3m[RouterExplorer] [39m[32mMapped {/chat/groups/:channelId/members/:memberId, POST} route[39m[38;5;3m +0ms[39m
[32m[Nest] 65620  - [39m03/08/2026, 2:51:07 pm [32m    LOG[39m [38;5;3m[RouterExplorer] [39m[32mMapped {/chat/groups/:channelId/members/:memberId, DELETE} route[39m[38;5;3m +0ms[39m
[32m[Nest] 65620  - [39m03/08/2026, 2:51:07 pm [32m    LOG[39m [38;5;3m[RouterExplorer] [39m[32mMapped {/chat/groups/:channelId/leave, POST} route[39m[38;5;3m +1ms[39m
[32m[Nest] 65620  - [39m03/08/2026, 2:51:07 pm [32m    LOG[39m [38;5;3m[RouterExplorer] [39m[32mMapped {/chat/groups/:channelId/moderators/:memberId, POST} route[39m[38;5;3m +0ms[39m
[32m[Nest] 65620  - [39m03/08/2026, 2:51:07 pm [32m    LOG[39m [38;5;3m[RouterExplorer] [39m[32mMapped {/chat/groups/:channelId/moderators/:memberId, DELETE} route[39m[38;5;3m +0ms[39m
[32m[Nest] 65620  - [39m03/08/2026, 2:51:07 pm [32m    LOG[39m [38;5;3m[RoutesResolver] [39m[32mTasksController {/tasks}:[39m[38;5;3m +0ms[39m
[32m[Nest] 65620  - [39m03/08/2026, 2:51:07 pm [32m    LOG[39m [38;5;3m[RouterExplorer] [39m[32mMapped {/tasks, POST} route[39m[38;5;3m +1ms[39m
[32m[Nest] 65620  - [39m03/08/2026, 2:51:07 pm [32m    LOG[39m [38;5;3m[RouterExplorer] [39m[32mMapped {/tasks, GET} route[39m[38;5;3m +0ms[39m
[32m[Nest] 65620  - [39m03/08/2026, 2:51:07 pm [32m    LOG[39m [38;5;3m[RouterExplorer] [39m[32mMapped {/tasks/:id, GET} route[39m[38;5;3m +0ms[39m
[32m[Nest] 65620  - [39m03/08/2026, 2:51:07 pm [32m    LOG[39m [38;5;3m[RouterExplorer] [39m[32mMapped {/tasks/:id, PATCH} route[39m[38;5;3m +1ms[39m
[32m[Nest] 65620  - [39m03/08/2026, 2:51:07 pm [32m    LOG[39m [38;5;3m[RouterExplorer] [39m[32mMapped {/tasks/:id/status, PATCH} route[39m[38;5;3m +0ms[39m
[32m[Nest] 65620  - [39m03/08/2026, 2:51:07 pm [32m    LOG[39m [38;5;3m[RouterExplorer] [39m[32mMapped {/tasks/:id, DELETE} route[39m[38;5;3m +0ms[39m
[32m[Nest] 65620  - [39m03/08/2026, 2:51:07 pm [32m    LOG[39m [38;5;3m[RoutesResolver] [39m[32mMeetingsController {/meetings}:[39m[38;5;3m +0ms[39m
[32m[Nest] 65620  - [39m03/08/2026, 2:51:07 pm [32m    LOG[39m [38;5;3m[RouterExplorer] [39m[32mMapped {/meetings, POST} route[39m[38;5;3m +1ms[39m
[32m[Nest] 65620  - [39m03/08/2026, 2:51:07 pm [32m    LOG[39m [38;5;3m[RouterExplorer] [39m[32mMapped {/meetings, GET} route[39m[38;5;3m +0ms[39m
[32m[Nest] 65620  - [39m03/08/2026, 2:51:07 pm [32m    LOG[39m [38;5;3m[RouterExplorer] [39m[32mMapped {/meetings/:id, GET} route[39m[38;5;3m +0ms[39m
[32m[Nest] 65620  - [39m03/08/2026, 2:51:07 pm [32m    LOG[39m [38;5;3m[RouterExplorer] [39m[32mMapped {/meetings/:id, PATCH} route[39m[38;5;3m +0ms[39m
[32m[Nest] 65620  - [39m03/08/2026, 2:51:07 pm [32m    LOG[39m [38;5;3m[RouterExplorer] [39m[32mMapped {/meetings/:id, DELETE} route[39m[38;5;3m +1ms[39m
[32m[Nest] 65620  - [39m03/08/2026, 2:51:07 pm [32m    LOG[39m [38;5;3m[RouterExplorer] [39m[32mMapped {/meetings/:id/join, POST} route[39m[38;5;3m +0ms[39m
[32m[Nest] 65620  - [39m03/08/2026, 2:51:07 pm [32m    LOG[39m [38;5;3m[RouterExplorer] [39m[32mMapped {/meetings/:id/leave, POST} route[39m[38;5;3m +0ms[39m
[32m[Nest] 65620  - [39m03/08/2026, 2:51:07 pm [32m    LOG[39m [38;5;3m[RoutesResolver] [39m[32mDepartmentsController {/departments}:[39m[38;5;3m +1ms[39m
[32m[Nest] 65620  - [39m03/08/2026, 2:51:07 pm [32m    LOG[39m [38;5;3m[RouterExplorer] [39m[32mMapped {/departments, POST} route[39m[38;5;3m +0ms[39m
[32m[Nest] 65620  - [39m03/08/2026, 2:51:07 pm [32m    LOG[39m [38;5;3m[RouterExplorer] [39m[32mMapped {/departments/mine, GET} route[39m[38;5;3m +0ms[39m
[32m[Nest] 65620  - [39m03/08/2026, 2:51:07 pm [32m    LOG[39m [38;5;3m[RouterExplorer] [39m[32mMapped {/departments/:id, GET} route[39m[38;5;3m +1ms[39m
[32m[Nest] 65620  - [39m03/08/2026, 2:51:07 pm [32m    LOG[39m [38;5;3m[RouterExplorer] [39m[32mMapped {/departments/:id, PATCH} route[39m[38;5;3m +0ms[39m
[32m[Nest] 65620  - [39m03/08/2026, 2:51:07 pm [32m    LOG[39m [38;5;3m[RouterExplorer] [39m[32mMapped {/departments/:id, DELETE} route[39m[38;5;3m +0ms[39m
[32m[Nest] 65620  - [39m03/08/2026, 2:51:07 pm [32m    LOG[39m [38;5;3m[RouterExplorer] [39m[32mMapped {/departments/:id/members/:memberId, POST} route[39m[38;5;3m +0ms[39m
[32m[Nest] 65620  - [39m03/08/2026, 2:51:07 pm [32m    LOG[39m [38;5;3m[RouterExplorer] [39m[32mMapped {/departments/:id/members/:memberId, DELETE} route[39m[38;5;3m +0ms[39m
[32m[Nest] 65620  - [39m03/08/2026, 2:51:07 pm [32m    LOG[39m [38;5;3m[RoutesResolver] [39m[32mChannelsController {/channels}:[39m[38;5;3m +1ms[39m
[32m[Nest] 65620  - [39m03/08/2026, 2:51:07 pm [32m    LOG[39m [38;5;3m[RouterExplorer] [39m[32mMapped {/channels, POST} route[39m[38;5;3m +0ms[39m
[32m[Nest] 65620  - [39m03/08/2026, 2:51:07 pm [32m    LOG[39m [38;5;3m[RouterExplorer] [39m[32mMapped {/channels, GET} route[39m[38;5;3m +0ms[39m
[32m[Nest] 65620  - [39m03/08/2026, 2:51:07 pm [32m    LOG[39m [38;5;3m[RouterExplorer] [39m[32mMapped {/channels/:id, GET} route[39m[38;5;3m +0ms[39m
[32m[Nest] 65620  - [39m03/08/2026, 2:51:07 pm [32m    LOG[39m [38;5;3m[RouterExplorer] [39m[32mMapped {/channels/:id, PATCH} route[39m[38;5;3m +1ms[39m
[32m[Nest] 65620  - [39m03/08/2026, 2:51:07 pm [32m    LOG[39m [38;5;3m[RouterExplorer] [39m[32mMapped {/channels/:id, DELETE} route[39m[38;5;3m +0ms[39m
[32m[Nest] 65620  - [39m03/08/2026, 2:51:07 pm [32m    LOG[39m [38;5;3m[RouterExplorer] [39m[32mMapped {/channels/:id/join, POST} route[39m[38;5;3m +0ms[39m
[32m[Nest] 65620  - [39m03/08/2026, 2:51:07 pm [32m    LOG[39m [38;5;3m[RouterExplorer] [39m[32mMapped {/channels/:id/leave, POST} route[39m[38;5;3m +0ms[39m
[32m[Nest] 65620  - [39m03/08/2026, 2:51:07 pm [32m    LOG[39m [38;5;3m[RouterExplorer] [39m[32mMapped {/channels/:id/members, GET} route[39m[38;5;3m +0ms[39m
[32m[Nest] 65620  - [39m03/08/2026, 2:51:07 pm [32m    LOG[39m [38;5;3m[RouterExplorer] [39m[32mMapped {/channels/:id/members/:memberId, POST} route[39m[38;5;3m +1ms[39m
[32m[Nest] 65620  - [39m03/08/2026, 2:51:07 pm [32m    LOG[39m [38;5;3m[RouterExplorer] [39m[32mMapped {/channels/:id/members/:memberId, DELETE} route[39m[38;5;3m +0ms[39m
[32m[Nest] 65620  - [39m03/08/2026, 2:51:07 pm [32m    LOG[39m [38;5;3m[RoutesResolver] [39m[32mNotificationsController {/notifications}:[39m[38;5;3m +0ms[39m
[32m[Nest] 65620  - [39m03/08/2026, 2:51:07 pm [32m    LOG[39m [38;5;3m[RouterExplorer] [39m[32mMapped {/notifications, GET} route[39m[38;5;3m +0ms[39m
[32m[Nest] 65620  - [39m03/08/2026, 2:51:07 pm [32m    LOG[39m [38;5;3m[RouterExplorer] [39m[32mMapped {/notifications/unread-count, GET} route[39m[38;5;3m +1ms[39m
[32m[Nest] 65620  - [39m03/08/2026, 2:51:07 pm [32m    LOG[39m [38;5;3m[RouterExplorer] [39m[32mMapped {/notifications/:id/read, PATCH} route[39m[38;5;3m +0ms[39m
[32m[Nest] 65620  - [39m03/08/2026, 2:51:07 pm [32m    LOG[39m [38;5;3m[RouterExplorer] [39m[32mMapped {/notifications/read-all, PATCH} route[39m[38;5;3m +0ms[39m
[32m[Nest] 65620  - [39m03/08/2026, 2:51:07 pm [32m    LOG[39m [38;5;3m[RouterExplorer] [39m[32mMapped {/notifications/self, POST} route[39m[38;5;3m +1ms[39m
[32m[Nest] 65620  - [39m03/08/2026, 2:51:07 pm [32m    LOG[39m [38;5;3m[StreamService] [39m[32mStream Chat server client initialized.[39m
Attention: Clerk collects telemetry data from its SDKs when connected to development instances.
The data collected is used to inform Clerk's product roadmap.
To learn more, including how to opt-out from the telemetry program, visit: https://clerk.com/docs/telemetry.

[32m[Nest] 65620  - [39m03/08/2026, 2:51:08 pm [32m    LOG[39m [38;5;3m[NestApplication] [39m[32mNest application successfully started[39m[38;5;3m +605ms[39m
🚀 Application is running on: http://localhost:3001
[32m[Nest] 65620  - [39m03/08/2026, 2:51:09 pm [32m    LOG[39m [38;5;3m[StreamService] [39m[32mStream user synced: user_3HE0SV8kvYSMEx8ggz3MMpOGMYX[39m
[32m[Nest] 65620  - [39m03/08/2026, 2:51:09 pm [32m    LOG[39m [38;5;3m[StreamService] [39m[32mStream user synced: user_3HE0SV8kvYSMEx8ggz3MMpOGMYX[39m
[2J[3J[H[[90m2:51:13 pm[0m] File change detected. Starting incremental compilation...

[[90m2:51:16 pm[0m] Found 0 errors. Watching for file changes.

[2J[3J[H[[90m2:51:19 pm[0m] File change detected. Starting incremental compilation...

[[90m2:51:21 pm[0m] Found 0 errors. Watching for file changes.

[2J[3J[H[[90m2:51:26 pm[0m] File change detected. Starting incremental compilation...

[[90m2:51:28 pm[0m] Found 0 errors. Watching for file changes.

[2J[3J[H[[90m2:51:31 pm[0m] File change detected. Starting incremental compilation...

[[90m2:51:33 pm[0m] Found 0 errors. Watching for file changes.

[32m[Nest] 43296  - [39m03/08/2026, 2:51:42 pm [32m    LOG[39m [38;5;3m[NestFactory] [39m[32mStarting Nest application...[39m
[32m[Nest] 43296  - [39m03/08/2026, 2:51:42 pm [32m    LOG[39m [38;5;3m[InstanceLoader] [39m[32mAppModule dependencies initialized[39m[38;5;3m +44ms[39m
[32m[Nest] 43296  - [39m03/08/2026, 2:51:42 pm [32m    LOG[39m [38;5;3m[InstanceLoader] [39m[32mConfigModule dependencies initialized[39m[38;5;3m +0ms[39m
[32m[Nest] 43296  - [39m03/08/2026, 2:51:42 pm [32m    LOG[39m [38;5;3m[InstanceLoader] [39m[32mConfigHostModule dependencies initialized[39m[38;5;3m +1ms[39m
[32m[Nest] 43296  - [39m03/08/2026, 2:51:42 pm [32m    LOG[39m [38;5;3m[InstanceLoader] [39m[32mHealthModule dependencies initialized[39m[38;5;3m +24ms[39m
[32m[Nest] 43296  - [39m03/08/2026, 2:51:42 pm [32m    LOG[39m [38;5;3m[InstanceLoader] [39m[32mConfigModule dependencies initialized[39m[38;5;3m +0ms[39m
[32m[Nest] 43296  - [39m03/08/2026, 2:51:42 pm [32m    LOG[39m [38;5;3m[InstanceLoader] [39m[32mStreamModule dependencies initialized[39m[38;5;3m +0ms[39m
[32m[Nest] 43296  - [39m03/08/2026, 2:51:43 pm [32m    LOG[39m [38;5;3m[DrizzleProvider] [39m[32mPostgreSQL connection established successfully.[39m
[32m[Nest] 43296  - [39m03/08/2026, 2:51:43 pm [32m    LOG[39m [38;5;3m[InstanceLoader] [39m[32mDatabaseModule dependencies initialized[39m[38;5;3m +2ms[39m
[32m[Nest] 43296  - [39m03/08/2026, 2:51:43 pm [32m    LOG[39m [38;5;3m[InstanceLoader] [39m[32mUsersModule dependencies initialized[39m[38;5;3m +1ms[39m
[32m[Nest] 43296  - [39m03/08/2026, 2:51:43 pm [32m    LOG[39m [38;5;3m[InstanceLoader] [39m[32mNotificationsModule dependencies initialized[39m[38;5;3m +0ms[39m
[32m[Nest] 43296  - [39m03/08/2026, 2:51:43 pm [32m    LOG[39m [38;5;3m[InstanceLoader] [39m[32mDepartmentsModule dependencies initialized[39m[38;5;3m +1ms[39m
[32m[Nest] 43296  - [39m03/08/2026, 2:51:43 pm [32m    LOG[39m [38;5;3m[InstanceLoader] [39m[32mTasksModule dependencies initialized[39m[38;5;3m +0ms[39m
[32m[Nest] 43296  - [39m03/08/2026, 2:51:43 pm [32m    LOG[39m [38;5;3m[InstanceLoader] [39m[32mMeetingsModule dependencies initialized[39m[38;5;3m +0ms[39m
[32m[Nest] 43296  - [39m03/08/2026, 2:51:43 pm [32m    LOG[39m [38;5;3m[InstanceLoader] [39m[32mChannelsModule dependencies initialized[39m[38;5;3m +0ms[39m
[32m[Nest] 43296  - [39m03/08/2026, 2:51:43 pm [32m    LOG[39m [38;5;3m[InstanceLoader] [39m[32mClerkModule dependencies initialized[39m[38;5;3m +2ms[39m
[32m[Nest] 43296  - [39m03/08/2026, 2:51:43 pm [32m    LOG[39m [38;5;3m[RoutesResolver] [39m[32mHealthController {/health}:[39m[38;5;3m +12ms[39m
[32m[Nest] 43296  - [39m03/08/2026, 2:51:43 pm [32m    LOG[39m [38;5;3m[RouterExplorer] [39m[32mMapped {/health, GET} route[39m[38;5;3m +6ms[39m
[32m[Nest] 43296  - [39m03/08/2026, 2:51:43 pm [32m    LOG[39m [38;5;3m[RoutesResolver] [39m[32mClerkTestController {/clerk-test}:[39m[38;5;3m +1ms[39m
[32m[Nest] 43296  - [39m03/08/2026, 2:51:43 pm [32m    LOG[39m [38;5;3m[RouterExplorer] [39m[32mMapped {/clerk-test/me, GET} route[39m[38;5;3m +1ms[39m
[32m[Nest] 43296  - [39m03/08/2026, 2:51:43 pm [32m    LOG[39m [38;5;3m[RoutesResolver] [39m[32mStreamController {/stream}:[39m[38;5;3m +1ms[39m
[32m[Nest] 43296  - [39m03/08/2026, 2:51:43 pm [32m    LOG[39m [38;5;3m[RouterExplorer] [39m[32mMapped {/stream/token, GET} route[39m[38;5;3m +0ms[39m
[32m[Nest] 43296  - [39m03/08/2026, 2:51:43 pm [32m    LOG[39m [38;5;3m[RoutesResolver] [39m[32mUsersController {/users}:[39m[38;5;3m +1ms[39m
[32m[Nest] 43296  - [39m03/08/2026, 2:51:43 pm [32m    LOG[39m [38;5;3m[RouterExplorer] [39m[32mMapped {/users/me, GET} route[39m[38;5;3m +0ms[39m
[32m[Nest] 43296  - [39m03/08/2026, 2:51:43 pm [32m    LOG[39m [38;5;3m[RouterExplorer] [39m[32mMapped {/users, GET} route[39m[38;5;3m +1ms[39m
[32m[Nest] 43296  - [39m03/08/2026, 2:51:43 pm [32m    LOG[39m [38;5;3m[RouterExplorer] [39m[32mMapped {/users/:clerkId/role, PATCH} route[39m[38;5;3m +1ms[39m
[32m[Nest] 43296  - [39m03/08/2026, 2:51:43 pm [32m    LOG[39m [38;5;3m[RoutesResolver] [39m[32mChatController {/chat}:[39m[38;5;3m +0ms[39m
[32m[Nest] 43296  - [39m03/08/2026, 2:51:43 pm [32m    LOG[39m [38;5;3m[RouterExplorer] [39m[32mMapped {/chat/token, GET} route[39m[38;5;3m +1ms[39m
[32m[Nest] 43296  - [39m03/08/2026, 2:51:43 pm [32m    LOG[39m [38;5;3m[RouterExplorer] [39m[32mMapped {/chat/direct, POST} route[39m[38;5;3m +0ms[39m
[32m[Nest] 43296  - [39m03/08/2026, 2:51:43 pm [32m    LOG[39m [38;5;3m[RouterExplorer] [39m[32mMapped {/chat/group, POST} route[39m[38;5;3m +0ms[39m
[32m[Nest] 43296  - [39m03/08/2026, 2:51:43 pm [32m    LOG[39m [38;5;3m[RouterExplorer] [39m[32mMapped {/chat/groups/:channelId, GET} route[39m[38;5;3m +1ms[39m
[32m[Nest] 43296  - [39m03/08/2026, 2:51:43 pm [32m    LOG[39m [38;5;3m[RouterExplorer] [39m[32mMapped {/chat/groups/:channelId, PATCH} route[39m[38;5;3m +0ms[39m
[32m[Nest] 43296  - [39m03/08/2026, 2:51:43 pm [32m    LOG[39m [38;5;3m[RouterExplorer] [39m[32mMapped {/chat/groups/:channelId/avatar, PUT} route[39m[38;5;3m +1ms[39m
[32m[Nest] 43296  - [39m03/08/2026, 2:51:43 pm [32m    LOG[39m [38;5;3m[RouterExplorer] [39m[32mMapped {/chat/groups/:channelId/avatar, DELETE} route[39m[38;5;3m +0ms[39m
[32m[Nest] 43296  - [39m03/08/2026, 2:51:43 pm [32m    LOG[39m [38;5;3m[RouterExplorer] [39m[32mMapped {/chat/groups/:channelId/members/:memberId, POST} route[39m[38;5;3m +1ms[39m
[32m[Nest] 43296  - [39m03/08/2026, 2:51:43 pm [32m    LOG[39m [38;5;3m[RouterExplorer] [39m[32mMapped {/chat/groups/:channelId/members/:memberId, DELETE} route[39m[38;5;3m +0ms[39m
[32m[Nest] 43296  - [39m03/08/2026, 2:51:43 pm [32m    LOG[39m [38;5;3m[RouterExplorer] [39m[32mMapped {/chat/groups/:channelId/leave, POST} route[39m[38;5;3m +0ms[39m
[32m[Nest] 43296  - [39m03/08/2026, 2:51:43 pm [32m    LOG[39m [38;5;3m[RouterExplorer] [39m[32mMapped {/chat/groups/:channelId/moderators/:memberId, POST} route[39m[38;5;3m +1ms[39m
[32m[Nest] 43296  - [39m03/08/2026, 2:51:43 pm [32m    LOG[39m [38;5;3m[RouterExplorer] [39m[32mMapped {/chat/groups/:channelId/moderators/:memberId, DELETE} route[39m[38;5;3m +1ms[39m
[32m[Nest] 43296  - [39m03/08/2026, 2:51:43 pm [32m    LOG[39m [38;5;3m[RoutesResolver] [39m[32mTasksController {/tasks}:[39m[38;5;3m +0ms[39m
[32m[Nest] 43296  - [39m03/08/2026, 2:51:43 pm [32m    LOG[39m [38;5;3m[RouterExplorer] [39m[32mMapped {/tasks, POST} route[39m[38;5;3m +0ms[39m
[32m[Nest] 43296  - [39m03/08/2026, 2:51:43 pm [32m    LOG[39m [38;5;3m[RouterExplorer] [39m[32mMapped {/tasks, GET} route[39m[38;5;3m +0ms[39m
[32m[Nest] 43296  - [39m03/08/2026, 2:51:43 pm [32m    LOG[39m [38;5;3m[RouterExplorer] [39m[32mMapped {/tasks/:id, GET} route[39m[38;5;3m +0ms[39m
[32m[Nest] 43296  - [39m03/08/2026, 2:51:43 pm [32m    LOG[39m [38;5;3m[RouterExplorer] [39m[32mMapped {/tasks/:id, PATCH} route[39m[38;5;3m +0ms[39m
[32m[Nest] 43296  - [39m03/08/2026, 2:51:43 pm [32m    LOG[39m [38;5;3m[RouterExplorer] [39m[32mMapped {/tasks/:id/status, PATCH} route[39m[38;5;3m +1ms[39m
[32m[Nest] 43296  - [39m03/08/2026, 2:51:43 pm [32m    LOG[39m [38;5;3m[RouterExplorer] [39m[32mMapped {/tasks/:id, DELETE} route[39m[38;5;3m +0ms[39m
[32m[Nest] 43296  - [39m03/08/2026, 2:51:43 pm [32m    LOG[39m [38;5;3m[RoutesResolver] [39m[32mMeetingsController {/meetings}:[39m[38;5;3m +0ms[39m
[32m[Nest] 43296  - [39m03/08/2026, 2:51:43 pm [32m    LOG[39m [38;5;3m[RouterExplorer] [39m[32mMapped {/meetings, POST} route[39m[38;5;3m +0ms[39m
[32m[Nest] 43296  - [39m03/08/2026, 2:51:43 pm [32m    LOG[39m [38;5;3m[RouterExplorer] [39m[32mMapped {/meetings, GET} route[39m[38;5;3m +1ms[39m
[32m[Nest] 43296  - [39m03/08/2026, 2:51:43 pm [32m    LOG[39m [38;5;3m[RouterExplorer] [39m[32mMapped {/meetings/:id, GET} route[39m[38;5;3m +0ms[39m
[32m[Nest] 43296  - [39m03/08/2026, 2:51:43 pm [32m    LOG[39m [38;5;3m[RouterExplorer] [39m[32mMapped {/meetings/:id, PATCH} route[39m[38;5;3m +0ms[39m
[32m[Nest] 43296  - [39m03/08/2026, 2:51:43 pm [32m    LOG[39m [38;5;3m[RouterExplorer] [39m[32mMapped {/meetings/:id, DELETE} route[39m[38;5;3m +1ms[39m
[32m[Nest] 43296  - [39m03/08/2026, 2:51:43 pm [32m    LOG[39m [38;5;3m[RouterExplorer] [39m[32mMapped {/meetings/:id/join, POST} route[39m[38;5;3m +0ms[39m
[32m[Nest] 43296  - [39m03/08/2026, 2:51:43 pm [32m    LOG[39m [38;5;3m[RouterExplorer] [39m[32mMapped {/meetings/:id/leave, POST} route[39m[38;5;3m +0ms[39m
[32m[Nest] 43296  - [39m03/08/2026, 2:51:43 pm [32m    LOG[39m [38;5;3m[RoutesResolver] [39m[32mDepartmentsController {/departments}:[39m[38;5;3m +0ms[39m
[32m[Nest] 43296  - [39m03/08/2026, 2:51:43 pm [32m    LOG[39m [38;5;3m[RouterExplorer] [39m[32mMapped {/departments, POST} route[39m[38;5;3m +1ms[39m
[32m[Nest] 43296  - [39m03/08/2026, 2:51:43 pm [32m    LOG[39m [38;5;3m[RouterExplorer] [39m[32mMapped {/departments/mine, GET} route[39m[38;5;3m +0ms[39m
[32m[Nest] 43296  - [39m03/08/2026, 2:51:43 pm [32m    LOG[39m [38;5;3m[RouterExplorer] [39m[32mMapped {/departments/:id, GET} route[39m[38;5;3m +0ms[39m
[32m[Nest] 43296  - [39m03/08/2026, 2:51:43 pm [32m    LOG[39m [38;5;3m[RouterExplorer] [39m[32mMapped {/departments/:id, PATCH} route[39m[38;5;3m +0ms[39m
[32m[Nest] 43296  - [39m03/08/2026, 2:51:43 pm [32m    LOG[39m [38;5;3m[RouterExplorer] [39m[32mMapped {/departments/:id, DELETE} route[39m[38;5;3m +0ms[39m
[32m[Nest] 43296  - [39m03/08/2026, 2:51:43 pm [32m    LOG[39m [38;5;3m[RouterExplorer] [39m[32mMapped {/departments/:id/members/:memberId, POST} route[39m[38;5;3m +1ms[39m
[32m[Nest] 43296  - [39m03/08/2026, 2:51:43 pm [32m    LOG[39m [38;5;3m[RouterExplorer] [39m[32mMapped {/departments/:id/members/:memberId, DELETE} route[39m[38;5;3m +0ms[39m
[32m[Nest] 43296  - [39m03/08/2026, 2:51:43 pm [32m    LOG[39m [38;5;3m[RoutesResolver] [39m[32mChannelsController {/channels}:[39m[38;5;3m +0ms[39m
[32m[Nest] 43296  - [39m03/08/2026, 2:51:43 pm [32m    LOG[39m [38;5;3m[RouterExplorer] [39m[32mMapped {/channels, POST} route[39m[38;5;3m +0ms[39m
[32m[Nest] 43296  - [39m03/08/2026, 2:51:43 pm [32m    LOG[39m [38;5;3m[RouterExplorer] [39m[32mMapped {/channels, GET} route[39m[38;5;3m +1ms[39m
[32m[Nest] 43296  - [39m03/08/2026, 2:51:43 pm [32m    LOG[39m [38;5;3m[RouterExplorer] [39m[32mMapped {/channels/:id, GET} route[39m[38;5;3m +0ms[39m
[32m[Nest] 43296  - [39m03/08/2026, 2:51:43 pm [32m    LOG[39m [38;5;3m[RouterExplorer] [39m[32mMapped {/channels/:id, PATCH} route[39m[38;5;3m +0ms[39m
[32m[Nest] 43296  - [39m03/08/2026, 2:51:43 pm [32m    LOG[39m [38;5;3m[RouterExplorer] [39m[32mMapped {/channels/:id, DELETE} route[39m[38;5;3m +0ms[39m
[32m[Nest] 43296  - [39m03/08/2026, 2:51:43 pm [32m    LOG[39m [38;5;3m[RouterExplorer] [39m[32mMapped {/channels/:id/join, POST} route[39m[38;5;3m +1ms[39m
[32m[Nest] 43296  - [39m03/08/2026, 2:51:43 pm [32m    LOG[39m [38;5;3m[RouterExplorer] [39m[32mMapped {/channels/:id/leave, POST} route[39m[38;5;3m +0ms[39m
[32m[Nest] 43296  - [39m03/08/2026, 2:51:43 pm [32m    LOG[39m [38;5;3m[RouterExplorer] [39m[32mMapped {/channels/:id/members, GET} route[39m[38;5;3m +0ms[39m
[32m[Nest] 43296  - [39m03/08/2026, 2:51:43 pm [32m    LOG[39m [38;5;3m[RouterExplorer] [39m[32mMapped {/channels/:id/members/:memberId, POST} route[39m[38;5;3m +0ms[39m
[32m[Nest] 43296  - [39m03/08/2026, 2:51:43 pm [32m    LOG[39m [38;5;3m[RouterExplorer] [39m[32mMapped {/channels/:id/members/:memberId, DELETE} route[39m[38;5;3m +1ms[39m
[32m[Nest] 43296  - [39m03/08/2026, 2:51:43 pm [32m    LOG[39m [38;5;3m[RoutesResolver] [39m[32mNotificationsController {/notifications}:[39m[38;5;3m +0ms[39m
[32m[Nest] 43296  - [39m03/08/2026, 2:51:43 pm [32m    LOG[39m [38;5;3m[RouterExplorer] [39m[32mMapped {/notifications, GET} route[39m[38;5;3m +0ms[39m
[32m[Nest] 43296  - [39m03/08/2026, 2:51:43 pm [32m    LOG[39m [38;5;3m[RouterExplorer] [39m[32mMapped {/notifications/unread-count, GET} route[39m[38;5;3m +0ms[39m
[32m[Nest] 43296  - [39m03/08/2026, 2:51:43 pm [32m    LOG[39m [38;5;3m[RouterExplorer] [39m[32mMapped {/notifications/:id/read, PATCH} route[39m[38;5;3m +1ms[39m
[32m[Nest] 43296  - [39m03/08/2026, 2:51:43 pm [32m    LOG[39m [38;5;3m[RouterExplorer] [39m[32mMapped {/notifications/read-all, PATCH} route[39m[38;5;3m +0ms[39m
[32m[Nest] 43296  - [39m03/08/2026, 2:51:43 pm [32m    LOG[39m [38;5;3m[RouterExplorer] [39m[32mMapped {/notifications/self, POST} route[39m[38;5;3m +0ms[39m
[32m[Nest] 43296  - [39m03/08/2026, 2:51:43 pm [32m    LOG[39m [38;5;3m[StreamService] [39m[32mStream Chat server client initialized.[39m
Attention: Clerk collects telemetry data from its SDKs when connected to development instances.
The data collected is used to inform Clerk's product roadmap.
To learn more, including how to opt-out from the telemetry program, visit: https://clerk.com/docs/telemetry.

[32m[Nest] 43296  - [39m03/08/2026, 2:51:43 pm [32m    LOG[39m [38;5;3m[NestApplication] [39m[32mNest application successfully started[39m[38;5;3m +654ms[39m
🚀 Application is running on: http://localhost:3001
[2J[3J[H[[90m2:51:44 pm[0m] File change detected. Starting incremental compilation...

[[90m2:51:46 pm[0m] Found 0 errors. Watching for file changes.

[2J[3J[H[[90m2:51:49 pm[0m] File change detected. Starting incremental compilation...

[[90m2:51:50 pm[0m] Found 0 errors. Watching for file changes.

[2J[3J[H[[90m2:51:55 pm[0m] File change detected. Starting incremental compilation...

[[90m2:51:56 pm[0m] Found 0 errors. Watching for file changes.

[32m[Nest] 45788  - [39m03/08/2026, 2:52:06 pm [32m    LOG[39m [38;5;3m[NestFactory] [39m[32mStarting Nest application...[39m
[32m[Nest] 45788  - [39m03/08/2026, 2:52:06 pm [32m    LOG[39m [38;5;3m[InstanceLoader] [39m[32mAppModule dependencies initialized[39m[38;5;3m +38ms[39m
[32m[Nest] 45788  - [39m03/08/2026, 2:52:06 pm [32m    LOG[39m [38;5;3m[InstanceLoader] [39m[32mConfigModule dependencies initialized[39m[38;5;3m +0ms[39m
[32m[Nest] 45788  - [39m03/08/2026, 2:52:06 pm [32m    LOG[39m [38;5;3m[InstanceLoader] [39m[32mConfigHostModule dependencies initialized[39m[38;5;3m +1ms[39m
[32m[Nest] 45788  - [39m03/08/2026, 2:52:06 pm [32m    LOG[39m [38;5;3m[InstanceLoader] [39m[32mHealthModule dependencies initialized[39m[38;5;3m +21ms[39m
[32m[Nest] 45788  - [39m03/08/2026, 2:52:06 pm [32m    LOG[39m [38;5;3m[InstanceLoader] [39m[32mConfigModule dependencies initialized[39m[38;5;3m +0ms[39m
[32m[Nest] 45788  - [39m03/08/2026, 2:52:06 pm [32m    LOG[39m [38;5;3m[InstanceLoader] [39m[32mStreamModule dependencies initialized[39m[38;5;3m +1ms[39m
[32m[Nest] 45788  - [39m03/08/2026, 2:52:06 pm [32m    LOG[39m [38;5;3m[DrizzleProvider] [39m[32mPostgreSQL connection established successfully.[39m
[32m[Nest] 45788  - [39m03/08/2026, 2:52:06 pm [32m    LOG[39m [38;5;3m[InstanceLoader] [39m[32mDatabaseModule dependencies initialized[39m[38;5;3m +2ms[39m
[32m[Nest] 45788  - [39m03/08/2026, 2:52:06 pm [32m    LOG[39m [38;5;3m[InstanceLoader] [39m[32mUsersModule dependencies initialized[39m[38;5;3m +1ms[39m
[32m[Nest] 45788  - [39m03/08/2026, 2:52:06 pm [32m    LOG[39m [38;5;3m[InstanceLoader] [39m[32mNotificationsModule dependencies initialized[39m[38;5;3m +0ms[39m
[32m[Nest] 45788  - [39m03/08/2026, 2:52:06 pm [32m    LOG[39m [38;5;3m[InstanceLoader] [39m[32mDepartmentsModule dependencies initialized[39m[38;5;3m +1ms[39m
[32m[Nest] 45788  - [39m03/08/2026, 2:52:06 pm [32m    LOG[39m [38;5;3m[InstanceLoader] [39m[32mTasksModule dependencies initialized[39m[38;5;3m +0ms[39m
[32m[Nest] 45788  - [39m03/08/2026, 2:52:06 pm [32m    LOG[39m [38;5;3m[InstanceLoader] [39m[32mMeetingsModule dependencies initialized[39m[38;5;3m +0ms[39m
[32m[Nest] 45788  - [39m03/08/2026, 2:52:06 pm [32m    LOG[39m [38;5;3m[InstanceLoader] [39m[32mChannelsModule dependencies initialized[39m[38;5;3m +0ms[39m
[32m[Nest] 45788  - [39m03/08/2026, 2:52:06 pm [32m    LOG[39m [38;5;3m[InstanceLoader] [39m[32mClerkModule dependencies initialized[39m[38;5;3m +2ms[39m
[32m[Nest] 45788  - [39m03/08/2026, 2:52:06 pm [32m    LOG[39m [38;5;3m[RoutesResolver] [39m[32mHealthController {/health}:[39m[38;5;3m +10ms[39m
[32m[Nest] 45788  - [39m03/08/2026, 2:52:06 pm [32m    LOG[39m [38;5;3m[RouterExplorer] [39m[32mMapped {/health, GET} route[39m[38;5;3m +6ms[39m
[32m[Nest] 45788  - [39m03/08/2026, 2:52:06 pm [32m    LOG[39m [38;5;3m[RoutesResolver] [39m[32mClerkTestController {/clerk-test}:[39m[38;5;3m +0ms[39m
[32m[Nest] 45788  - [39m03/08/2026, 2:52:06 pm [32m    LOG[39m [38;5;3m[RouterExplorer] [39m[32mMapped {/clerk-test/me, GET} route[39m[38;5;3m +1ms[39m
[32m[Nest] 45788  - [39m03/08/2026, 2:52:06 pm [32m    LOG[39m [38;5;3m[RoutesResolver] [39m[32mStreamController {/stream}:[39m[38;5;3m +0ms[39m
[32m[Nest] 45788  - [39m03/08/2026, 2:52:06 pm [32m    LOG[39m [38;5;3m[RouterExplorer] [39m[32mMapped {/stream/token, GET} route[39m[38;5;3m +0ms[39m
[32m[Nest] 45788  - [39m03/08/2026, 2:52:06 pm [32m    LOG[39m [38;5;3m[RoutesResolver] [39m[32mUsersController {/users}:[39m[38;5;3m +0ms[39m
[32m[Nest] 45788  - [39m03/08/2026, 2:52:06 pm [32m    LOG[39m [38;5;3m[RouterExplorer] [39m[32mMapped {/users/me, GET} route[39m[38;5;3m +1ms[39m
[32m[Nest] 45788  - [39m03/08/2026, 2:52:06 pm [32m    LOG[39m [38;5;3m[RouterExplorer] [39m[32mMapped {/users, GET} route[39m[38;5;3m +0ms[39m
[32m[Nest] 45788  - [39m03/08/2026, 2:52:06 pm [32m    LOG[39m [38;5;3m[RouterExplorer] [39m[32mMapped {/users/:clerkId/role, PATCH} route[39m[38;5;3m +1ms[39m
[32m[Nest] 45788  - [39m03/08/2026, 2:52:06 pm [32m    LOG[39m [38;5;3m[RoutesResolver] [39m[32mChatController {/chat}:[39m[38;5;3m +1ms[39m
[32m[Nest] 45788  - [39m03/08/2026, 2:52:06 pm [32m    LOG[39m [38;5;3m[RouterExplorer] [39m[32mMapped {/chat/token, GET} route[39m[38;5;3m +0ms[39m
[32m[Nest] 45788  - [39m03/08/2026, 2:52:06 pm [32m    LOG[39m [38;5;3m[RouterExplorer] [39m[32mMapped {/chat/direct, POST} route[39m[38;5;3m +1ms[39m
[32m[Nest] 45788  - [39m03/08/2026, 2:52:06 pm [32m    LOG[39m [38;5;3m[RouterExplorer] [39m[32mMapped {/chat/group, POST} route[39m[38;5;3m +0ms[39m
[32m[Nest] 45788  - [39m03/08/2026, 2:52:06 pm [32m    LOG[39m [38;5;3m[RouterExplorer] [39m[32mMapped {/chat/groups/:channelId, GET} route[39m[38;5;3m +1ms[39m
[32m[Nest] 45788  - [39m03/08/2026, 2:52:06 pm [32m    LOG[39m [38;5;3m[RouterExplorer] [39m[32mMapped {/chat/groups/:channelId, PATCH} route[39m[38;5;3m +0ms[39m
[32m[Nest] 45788  - [39m03/08/2026, 2:52:06 pm [32m    LOG[39m [38;5;3m[RouterExplorer] [39m[32mMapped {/chat/groups/:channelId/avatar, PUT} route[39m[38;5;3m +1ms[39m
[32m[Nest] 45788  - [39m03/08/2026, 2:52:06 pm [32m    LOG[39m [38;5;3m[RouterExplorer] [39m[32mMapped {/chat/groups/:channelId/avatar, DELETE} route[39m[38;5;3m +0ms[39m
[32m[Nest] 45788  - [39m03/08/2026, 2:52:06 pm [32m    LOG[39m [38;5;3m[RouterExplorer] [39m[32mMapped {/chat/groups/:channelId/members/:memberId, POST} route[39m[38;5;3m +1ms[39m
[32m[Nest] 45788  - [39m03/08/2026, 2:52:06 pm [32m    LOG[39m [38;5;3m[RouterExplorer] [39m[32mMapped {/chat/groups/:channelId/members/:memberId, DELETE} route[39m[38;5;3m +0ms[39m
[32m[Nest] 45788  - [39m03/08/2026, 2:52:06 pm [32m    LOG[39m [38;5;3m[RouterExplorer] [39m[32mMapped {/chat/groups/:channelId/leave, POST} route[39m[38;5;3m +0ms[39m
[32m[Nest] 45788  - [39m03/08/2026, 2:52:06 pm [32m    LOG[39m [38;5;3m[RouterExplorer] [39m[32mMapped {/chat/groups/:channelId/moderators/:memberId, POST} route[39m[38;5;3m +1ms[39m
[32m[Nest] 45788  - [39m03/08/2026, 2:52:06 pm [32m    LOG[39m [38;5;3m[RouterExplorer] [39m[32mMapped {/chat/groups/:channelId/moderators/:memberId, DELETE} route[39m[38;5;3m +0ms[39m
[32m[Nest] 45788  - [39m03/08/2026, 2:52:06 pm [32m    LOG[39m [38;5;3m[RoutesResolver] [39m[32mTasksController {/tasks}:[39m[38;5;3m +0ms[39m
[32m[Nest] 45788  - [39m03/08/2026, 2:52:06 pm [32m    LOG[39m [38;5;3m[RouterExplorer] [39m[32mMapped {/tasks, POST} route[39m[38;5;3m +0ms[39m
[32m[Nest] 45788  - [39m03/08/2026, 2:52:06 pm [32m    LOG[39m [38;5;3m[RouterExplorer] [39m[32mMapped {/tasks, GET} route[39m[38;5;3m +1ms[39m
[32m[Nest] 45788  - [39m03/08/2026, 2:52:06 pm [32m    LOG[39m [38;5;3m[RouterExplorer] [39m[32mMapped {/tasks/:id, GET} route[39m[38;5;3m +0ms[39m
[32m[Nest] 45788  - [39m03/08/2026, 2:52:06 pm [32m    LOG[39m [38;5;3m[RouterExplorer] [39m[32mMapped {/tasks/:id, PATCH} route[39m[38;5;3m +0ms[39m
[32m[Nest] 45788  - [39m03/08/2026, 2:52:06 pm [32m    LOG[39m [38;5;3m[RouterExplorer] [39m[32mMapped {/tasks/:id/status, PATCH} route[39m[38;5;3m +0ms[39m
[32m[Nest] 45788  - [39m03/08/2026, 2:52:06 pm [32m    LOG[39m [38;5;3m[RouterExplorer] [39m[32mMapped {/tasks/:id, DELETE} route[39m[38;5;3m +1ms[39m
[32m[Nest] 45788  - [39m03/08/2026, 2:52:06 pm [32m    LOG[39m [38;5;3m[RoutesResolver] [39m[32mMeetingsController {/meetings}:[39m[38;5;3m +0ms[39m
[32m[Nest] 45788  - [39m03/08/2026, 2:52:06 pm [32m    LOG[39m [38;5;3m[RouterExplorer] [39m[32mMapped {/meetings, POST} route[39m[38;5;3m +0ms[39m
[32m[Nest] 45788  - [39m03/08/2026, 2:52:06 pm [32m    LOG[39m [38;5;3m[RouterExplorer] [39m[32mMapped {/meetings, GET} route[39m[38;5;3m +1ms[39m
[32m[Nest] 45788  - [39m03/08/2026, 2:52:06 pm [32m    LOG[39m [38;5;3m[RouterExplorer] [39m[32mMapped {/meetings/:id, GET} route[39m[38;5;3m +0ms[39m
[32m[Nest] 45788  - [39m03/08/2026, 2:52:06 pm [32m    LOG[39m [38;5;3m[RouterExplorer] [39m[32mMapped {/meetings/:id, PATCH} route[39m[38;5;3m +0ms[39m
[32m[Nest] 45788  - [39m03/08/2026, 2:52:06 pm [32m    LOG[39m [38;5;3m[RouterExplorer] [39m[32mMapped {/meetings/:id, DELETE} route[39m[38;5;3m +0ms[39m
[32m[Nest] 45788  - [39m03/08/2026, 2:52:06 pm [32m    LOG[39m [38;5;3m[RouterExplorer] [39m[32mMapped {/meetings/:id/join, POST} route[39m[38;5;3m +1ms[39m
[32m[Nest] 45788  - [39m03/08/2026, 2:52:06 pm [32m    LOG[39m [38;5;3m[RouterExplorer] [39m[32mMapped {/meetings/:id/leave, POST} route[39m[38;5;3m +0ms[39m
[32m[Nest] 45788  - [39m03/08/2026, 2:52:06 pm [32m    LOG[39m [38;5;3m[RoutesResolver] [39m[32mDepartmentsController {/departments}:[39m[38;5;3m +0ms[39m
[32m[Nest] 45788  - [39m03/08/2026, 2:52:06 pm [32m    LOG[39m [38;5;3m[RouterExplorer] [39m[32mMapped {/departments, POST} route[39m[38;5;3m +0ms[39m
[32m[Nest] 45788  - [39m03/08/2026, 2:52:06 pm [32m    LOG[39m [38;5;3m[RouterExplorer] [39m[32mMapped {/departments/mine, GET} route[39m[38;5;3m +1ms[39m
[32m[Nest] 45788  - [39m03/08/2026, 2:52:06 pm [32m    LOG[39m [38;5;3m[RouterExplorer] [39m[32mMapped {/departments/:id, GET} route[39m[38;5;3m +0ms[39m
[32m[Nest] 45788  - [39m03/08/2026, 2:52:06 pm [32m    LOG[39m [38;5;3m[RouterExplorer] [39m[32mMapped {/departments/:id, PATCH} route[39m[38;5;3m +0ms[39m
[32m[Nest] 45788  - [39m03/08/2026, 2:52:06 pm [32m    LOG[39m [38;5;3m[RouterExplorer] [39m[32mMapped {/departments/:id, DELETE} route[39m[38;5;3m +0ms[39m
[32m[Nest] 45788  - [39m03/08/2026, 2:52:06 pm [32m    LOG[39m [38;5;3m[RouterExplorer] [39m[32mMapped {/departments/:id/members/:memberId, POST} route[39m[38;5;3m +1ms[39m
[32m[Nest] 45788  - [39m03/08/2026, 2:52:06 pm [32m    LOG[39m [38;5;3m[RouterExplorer] [39m[32mMapped {/departments/:id/members/:memberId, DELETE} route[39m[38;5;3m +0ms[39m
[32m[Nest] 45788  - [39m03/08/2026, 2:52:06 pm [32m    LOG[39m [38;5;3m[RoutesResolver] [39m[32mChannelsController {/channels}:[39m[38;5;3m +0ms[39m
[32m[Nest] 45788  - [39m03/08/2026, 2:52:06 pm [32m    LOG[39m [38;5;3m[RouterExplorer] [39m[32mMapped {/channels, POST} route[39m[38;5;3m +0ms[39m
[32m[Nest] 45788  - [39m03/08/2026, 2:52:06 pm [32m    LOG[39m [38;5;3m[RouterExplorer] [39m[32mMapped {/channels, GET} route[39m[38;5;3m +1ms[39m
[32m[Nest] 45788  - [39m03/08/2026, 2:52:06 pm [32m    LOG[39m [38;5;3m[RouterExplorer] [39m[32mMapped {/channels/:id, GET} route[39m[38;5;3m +0ms[39m
[32m[Nest] 45788  - [39m03/08/2026, 2:52:06 pm [32m    LOG[39m [38;5;3m[RouterExplorer] [39m[32mMapped {/channels/:id, PATCH} route[39m[38;5;3m +0ms[39m
[32m[Nest] 45788  - [39m03/08/2026, 2:52:06 pm [32m    LOG[39m [38;5;3m[RouterExplorer] [39m[32mMapped {/channels/:id, DELETE} route[39m[38;5;3m +1ms[39m
[32m[Nest] 45788  - [39m03/08/2026, 2:52:06 pm [32m    LOG[39m [38;5;3m[RouterExplorer] [39m[32mMapped {/channels/:id/join, POST} route[39m[38;5;3m +0ms[39m
[32m[Nest] 45788  - [39m03/08/2026, 2:52:06 pm [32m    LOG[39m [38;5;3m[RouterExplorer] [39m[32mMapped {/channels/:id/leave, POST} route[39m[38;5;3m +0ms[39m
[32m[Nest] 45788  - [39m03/08/2026, 2:52:06 pm [32m    LOG[39m [38;5;3m[RouterExplorer] [39m[32mMapped {/channels/:id/members, GET} route[39m[38;5;3m +0ms[39m
[32m[Nest] 45788  - [39m03/08/2026, 2:52:06 pm [32m    LOG[39m [38;5;3m[RouterExplorer] [39m[32mMapped {/channels/:id/members/:memberId, POST} route[39m[38;5;3m +1ms[39m
[32m[Nest] 45788  - [39m03/08/2026, 2:52:06 pm [32m    LOG[39m [38;5;3m[RouterExplorer] [39m[32mMapped {/channels/:id/members/:memberId, DELETE} route[39m[38;5;3m +0ms[39m
[32m[Nest] 45788  - [39m03/08/2026, 2:52:06 pm [32m    LOG[39m [38;5;3m[RoutesResolver] [39m[32mNotificationsController {/notifications}:[39m[38;5;3m +0ms[39m
[32m[Nest] 45788  - [39m03/08/2026, 2:52:06 pm [32m    LOG[39m [38;5;3m[RouterExplorer] [39m[32mMapped {/notifications, GET} route[39m[38;5;3m +0ms[39m
[32m[Nest] 45788  - [39m03/08/2026, 2:52:06 pm [32m    LOG[39m [38;5;3m[RouterExplorer] [39m[32mMapped {/notifications/unread-count, GET} route[39m[38;5;3m +1ms[39m
[32m[Nest] 45788  - [39m03/08/2026, 2:52:06 pm [32m    LOG[39m [38;5;3m[RouterExplorer] [39m[32mMapped {/notifications/:id/read, PATCH} route[39m[38;5;3m +0ms[39m
[32m[Nest] 45788  - [39m03/08/2026, 2:52:06 pm [32m    LOG[39m [38;5;3m[RouterExplorer] [39m[32mMapped {/notifications/read-all, PATCH} route[39m[38;5;3m +0ms[39m
[32m[Nest] 45788  - [39m03/08/2026, 2:52:06 pm [32m    LOG[39m [38;5;3m[RouterExplorer] [39m[32mMapped {/notifications/self, POST} route[39m[38;5;3m +1ms[39m
[32m[Nest] 45788  - [39m03/08/2026, 2:52:06 pm [32m    LOG[39m [38;5;3m[StreamService] [39m[32mStream Chat server client initialized.[39m
Attention: Clerk collects telemetry data from its SDKs when connected to development instances.
The data collected is used to inform Clerk's product roadmap.
To learn more, including how to opt-out from the telemetry program, visit: https://clerk.com/docs/telemetry.

[32m[Nest] 45788  - [39m03/08/2026, 2:52:07 pm [32m    LOG[39m [38;5;3m[NestApplication] [39m[32mNest application successfully started[39m[38;5;3m +614ms[39m
🚀 Application is running on: http://localhost:3001
[2J[3J[H[[90m2:52:08 pm[0m] File change detected. Starting incremental compilation...

[96msrc/project-announcements/project-announcements.service.ts[0m:[93m91[0m:[93m9[0m - [91merror[0m[90m TS2345: [0mArgument of type 'SQL<unknown> | undefined' is not assignable to parameter of type 'SQL<unknown>'.
  Type 'undefined' is not assignable to type 'SQL<unknown>'.

[7m91[0m         or(
[7m  [0m [91m        ~~~[0m
[7m92[0m           ilike(projectAnnouncements.title, `%${term}%`),
[7m  [0m [91m~~~~~~~~~~~~~~~~~~~~~~~~~~~~~~~~~~~~~~~~~~~~~~~~~~~~~~~~~[0m
[7m93[0m           ilike(projectAnnouncements.body, `%${term}%`),
[7m  [0m [91m~~~~~~~~~~~~~~~~~~~~~~~~~~~~~~~~~~~~~~~~~~~~~~~~~~~~~~~~[0m
[7m94[0m         ),
[7m  [0m [91m~~~~~~~~~[0m

[[90m2:52:09 pm[0m] Found 1 error. Watching for file changes.

[2J[3J[H[[90m2:52:15 pm[0m] File change detected. Starting incremental compilation...

[96msrc/project-announcements/project-announcements.service.ts[0m:[93m91[0m:[93m9[0m - [91merror[0m[90m TS2345: [0mArgument of type 'SQL<unknown> | undefined' is not assignable to parameter of type 'SQL<unknown>'.
  Type 'undefined' is not assignable to type 'SQL<unknown>'.

[7m91[0m         or(
[7m  [0m [91m        ~~~[0m
[7m92[0m           ilike(projectAnnouncements.title, `%${term}%`),
[7m  [0m [91m~~~~~~~~~~~~~~~~~~~~~~~~~~~~~~~~~~~~~~~~~~~~~~~~~~~~~~~~~[0m
[7m93[0m           ilike(projectAnnouncements.body, `%${term}%`),
[7m  [0m [91m~~~~~~~~~~~~~~~~~~~~~~~~~~~~~~~~~~~~~~~~~~~~~~~~~~~~~~~~[0m
[7m94[0m         ),
[7m  [0m [91m~~~~~~~~~[0m

[[90m2:52:16 pm[0m] Found 1 error. Watching for file changes.

[2J[3J[H[[90m2:52:20 pm[0m] File change detected. Starting incremental compilation...

[96msrc/project-announcements/project-announcements.service.ts[0m:[93m91[0m:[93m9[0m - [91merror[0m[90m TS2345: [0mArgument of type 'SQL<unknown> | undefined' is not assignable to parameter of type 'SQL<unknown>'.
  Type 'undefined' is not assignable to type 'SQL<unknown>'.

[7m91[0m         or(
[7m  [0m [91m        ~~~[0m
[7m92[0m           ilike(projectAnnouncements.title, `%${term}%`),
[7m  [0m [91m~~~~~~~~~~~~~~~~~~~~~~~~~~~~~~~~~~~~~~~~~~~~~~~~~~~~~~~~~[0m
[7m93[0m           ilike(projectAnnouncements.body, `%${term}%`),
[7m  [0m [91m~~~~~~~~~~~~~~~~~~~~~~~~~~~~~~~~~~~~~~~~~~~~~~~~~~~~~~~~[0m
[7m94[0m         ),
[7m  [0m [91m~~~~~~~~~[0m

[[90m2:52:20 pm[0m] Found 1 error. Watching for file changes.

[2J[3J[H[[90m2:52:50 pm[0m] File change detected. Starting incremental compilation...

[96msrc/project-announcements/project-announcements.service.ts[0m:[93m91[0m:[93m9[0m - [91merror[0m[90m TS2345: [0mArgument of type 'SQL<unknown> | undefined' is not assignable to parameter of type 'SQL<unknown>'.
  Type 'undefined' is not assignable to type 'SQL<unknown>'.

[7m91[0m         or(
[7m  [0m [91m        ~~~[0m
[7m92[0m           ilike(projectAnnouncements.title, `%${term}%`),
[7m  [0m [91m~~~~~~~~~~~~~~~~~~~~~~~~~~~~~~~~~~~~~~~~~~~~~~~~~~~~~~~~~[0m
[7m93[0m           ilike(projectAnnouncements.body, `%${term}%`),
[7m  [0m [91m~~~~~~~~~~~~~~~~~~~~~~~~~~~~~~~~~~~~~~~~~~~~~~~~~~~~~~~~[0m
[7m94[0m         ),
[7m  [0m [91m~~~~~~~~~[0m

[[90m2:52:51 pm[0m] Found 1 error. Watching for file changes.

[2J[3J[H[[90m2:52:52 pm[0m] File change detected. Starting incremental compilation...

[96msrc/project-announcements/project-announcements.service.ts[0m:[93m91[0m:[93m9[0m - [91merror[0m[90m TS2345: [0mArgument of type 'SQL<unknown> | undefined' is not assignable to parameter of type 'SQL<unknown>'.
  Type 'undefined' is not assignable to type 'SQL<unknown>'.

[7m91[0m         or(
[7m  [0m [91m        ~~~[0m
[7m92[0m           ilike(projectAnnouncements.title, `%${term}%`),
[7m  [0m [91m~~~~~~~~~~~~~~~~~~~~~~~~~~~~~~~~~~~~~~~~~~~~~~~~~~~~~~~~~[0m
[7m93[0m           ilike(projectAnnouncements.body, `%${term}%`),
[7m  [0m [91m~~~~~~~~~~~~~~~~~~~~~~~~~~~~~~~~~~~~~~~~~~~~~~~~~~~~~~~~[0m
[7m94[0m         ),
[7m  [0m [91m~~~~~~~~~[0m

[[90m2:52:59 pm[0m] Found 1 error. Watching for file changes.

[2J[3J[H[[90m2:53:02 pm[0m] File change detected. Starting incremental compilation...

[96msrc/project-announcements/project-announcements.service.ts[0m:[93m91[0m:[93m9[0m - [91merror[0m[90m TS2345: [0mArgument of type 'SQL<unknown> | undefined' is not assignable to parameter of type 'SQL<unknown>'.
  Type 'undefined' is not assignable to type 'SQL<unknown>'.

[7m91[0m         or(
[7m  [0m [91m        ~~~[0m
[7m92[0m           ilike(projectAnnouncements.title, `%${term}%`),
[7m  [0m [91m~~~~~~~~~~~~~~~~~~~~~~~~~~~~~~~~~~~~~~~~~~~~~~~~~~~~~~~~~[0m
[7m93[0m           ilike(projectAnnouncements.body, `%${term}%`),
[7m  [0m [91m~~~~~~~~~~~~~~~~~~~~~~~~~~~~~~~~~~~~~~~~~~~~~~~~~~~~~~~~[0m
[7m94[0m         ),
[7m  [0m [91m~~~~~~~~~[0m

[[90m2:53:02 pm[0m] Found 1 error. Watching for file changes.

[32m[Nest] 45788  - [39m03/08/2026, 2:53:05 pm [32m    LOG[39m [38;5;3m[StreamService] [39m[32mStream user synced: user_3HE0SV8kvYSMEx8ggz3MMpOGMYX[39m
[32m[Nest] 45788  - [39m03/08/2026, 2:53:05 pm [32m    LOG[39m [38;5;3m[StreamService] [39m[32mStream user synced: user_3HE0SV8kvYSMEx8ggz3MMpOGMYX[39m
[2J[3J[H[[90m2:53:14 pm[0m] File change detected. Starting incremental compilation...

[96msrc/project-announcements/project-announcements.service.ts[0m:[93m91[0m:[93m9[0m - [91merror[0m[90m TS2345: [0mArgument of type 'SQL<unknown> | undefined' is not assignable to parameter of type 'SQL<unknown>'.
  Type 'undefined' is not assignable to type 'SQL<unknown>'.

[7m91[0m         or(
[7m  [0m [91m        ~~~[0m
[7m92[0m           ilike(projectAnnouncements.title, `%${term}%`),
[7m  [0m [91m~~~~~~~~~~~~~~~~~~~~~~~~~~~~~~~~~~~~~~~~~~~~~~~~~~~~~~~~~[0m
[7m93[0m           ilike(projectAnnouncements.body, `%${term}%`),
[7m  [0m [91m~~~~~~~~~~~~~~~~~~~~~~~~~~~~~~~~~~~~~~~~~~~~~~~~~~~~~~~~[0m
[7m94[0m         ),
[7m  [0m [91m~~~~~~~~~[0m

[[90m2:53:15 pm[0m] Found 1 error. Watching for file changes.

[2J[3J[H[[90m2:53:25 pm[0m] File change detected. Starting incremental compilation...

[96msrc/project-announcements/project-announcements.service.ts[0m:[93m91[0m:[93m9[0m - [91merror[0m[90m TS2345: [0mArgument of type 'SQL<unknown> | undefined' is not assignable to parameter of type 'SQL<unknown>'.
  Type 'undefined' is not assignable to type 'SQL<unknown>'.

[7m91[0m         or(
[7m  [0m [91m        ~~~[0m
[7m92[0m           ilike(projectAnnouncements.title, `%${term}%`),
[7m  [0m [91m~~~~~~~~~~~~~~~~~~~~~~~~~~~~~~~~~~~~~~~~~~~~~~~~~~~~~~~~~[0m
[7m93[0m           ilike(projectAnnouncements.body, `%${term}%`),
[7m  [0m [91m~~~~~~~~~~~~~~~~~~~~~~~~~~~~~~~~~~~~~~~~~~~~~~~~~~~~~~~~[0m
[7m94[0m         ),
[7m  [0m [91m~~~~~~~~~[0m

[[90m2:53:26 pm[0m] Found 1 error. Watching for file changes.

[2J[3J[H[[90m2:53:30 pm[0m] File change detected. Starting incremental compilation...

[96msrc/project-announcements/project-announcements.service.ts[0m:[93m91[0m:[93m9[0m - [91merror[0m[90m TS2345: [0mArgument of type 'SQL<unknown> | undefined' is not assignable to parameter of type 'SQL<unknown>'.
  Type 'undefined' is not assignable to type 'SQL<unknown>'.

[7m91[0m         or(
[7m  [0m [91m        ~~~[0m
[7m92[0m           ilike(projectAnnouncements.title, `%${term}%`),
[7m  [0m [91m~~~~~~~~~~~~~~~~~~~~~~~~~~~~~~~~~~~~~~~~~~~~~~~~~~~~~~~~~[0m
[7m93[0m           ilike(projectAnnouncements.body, `%${term}%`),
[7m  [0m [91m~~~~~~~~~~~~~~~~~~~~~~~~~~~~~~~~~~~~~~~~~~~~~~~~~~~~~~~~[0m
[7m94[0m         ),
[7m  [0m [91m~~~~~~~~~[0m

[[90m2:53:31 pm[0m] Found 1 error. Watching for file changes.

[2J[3J[H[[90m2:53:34 pm[0m] File change detected. Starting incremental compilation...

[96msrc/project-announcements/project-announcements.service.ts[0m:[93m91[0m:[93m9[0m - [91merror[0m[90m TS2345: [0mArgument of type 'SQL<unknown> | undefined' is not assignable to parameter of type 'SQL<unknown>'.
  Type 'undefined' is not assignable to type 'SQL<unknown>'.

[7m91[0m         or(
[7m  [0m [91m        ~~~[0m
[7m92[0m           ilike(projectAnnouncements.title, `%${term}%`),
[7m  [0m [91m~~~~~~~~~~~~~~~~~~~~~~~~~~~~~~~~~~~~~~~~~~~~~~~~~~~~~~~~~[0m
[7m93[0m           ilike(projectAnnouncements.body, `%${term}%`),
[7m  [0m [91m~~~~~~~~~~~~~~~~~~~~~~~~~~~~~~~~~~~~~~~~~~~~~~~~~~~~~~~~[0m
[7m94[0m         ),
[7m  [0m [91m~~~~~~~~~[0m

[[90m2:53:35 pm[0m] Found 1 error. Watching for file changes.

[32m[Nest] 45788  - [39m03/08/2026, 2:53:46 pm [32m    LOG[39m [38;5;3m[StreamService] [39m[32mStream user synced: user_3HE0SV8kvYSMEx8ggz3MMpOGMYX[39m
[32m[Nest] 45788  - [39m03/08/2026, 2:53:46 pm [32m    LOG[39m [38;5;3m[StreamService] [39m[32mStream user synced: user_3HE0SV8kvYSMEx8ggz3MMpOGMYX[39m
[2J[3J[H[[90m2:53:47 pm[0m] File change detected. Starting incremental compilation...

[96msrc/project-announcements/project-announcements.service.ts[0m:[93m91[0m:[93m9[0m - [91merror[0m[90m TS2345: [0mArgument of type 'SQL<unknown> | undefined' is not assignable to parameter of type 'SQL<unknown>'.
  Type 'undefined' is not assignable to type 'SQL<unknown>'.

[7m91[0m         or(
[7m  [0m [91m        ~~~[0m
[7m92[0m           ilike(projectAnnouncements.title, `%${term}%`),
[7m  [0m [91m~~~~~~~~~~~~~~~~~~~~~~~~~~~~~~~~~~~~~~~~~~~~~~~~~~~~~~~~~[0m
[7m93[0m           ilike(projectAnnouncements.body, `%${term}%`),
[7m  [0m [91m~~~~~~~~~~~~~~~~~~~~~~~~~~~~~~~~~~~~~~~~~~~~~~~~~~~~~~~~[0m
[7m94[0m         ),
[7m  [0m [91m~~~~~~~~~[0m

[[90m2:53:48 pm[0m] Found 1 error. Watching for file changes.

[2J[3J[H[[90m2:53:51 pm[0m] File change detected. Starting incremental compilation...

[96msrc/project-announcements/project-announcements.service.ts[0m:[93m91[0m:[93m9[0m - [91merror[0m[90m TS2345: [0mArgument of type 'SQL<unknown> | undefined' is not assignable to parameter of type 'SQL<unknown>'.
  Type 'undefined' is not assignable to type 'SQL<unknown>'.

[7m91[0m         or(
[7m  [0m [91m        ~~~[0m
[7m92[0m           ilike(projectAnnouncements.title, `%${term}%`),
[7m  [0m [91m~~~~~~~~~~~~~~~~~~~~~~~~~~~~~~~~~~~~~~~~~~~~~~~~~~~~~~~~~[0m
[7m93[0m           ilike(projectAnnouncements.body, `%${term}%`),
[7m  [0m [91m~~~~~~~~~~~~~~~~~~~~~~~~~~~~~~~~~~~~~~~~~~~~~~~~~~~~~~~~[0m
[7m94[0m         ),
[7m  [0m [91m~~~~~~~~~[0m

[[90m2:53:52 pm[0m] Found 1 error. Watching for file changes.

[32m[Nest] 45788  - [39m03/08/2026, 2:53:56 pm [32m    LOG[39m [38;5;3m[StreamService] [39m[32mStream user synced: user_3HE0SV8kvYSMEx8ggz3MMpOGMYX[39m
[32m[Nest] 45788  - [39m03/08/2026, 2:53:56 pm [32m    LOG[39m [38;5;3m[StreamService] [39m[32mStream user synced: user_3HE0SV8kvYSMEx8ggz3MMpOGMYX[39m
[2J[3J[H[[90m2:54:06 pm[0m] File change detected. Starting incremental compilation...

[32m[Nest] 45788  - [39m03/08/2026, 2:54:07 pm [32m    LOG[39m [38;5;3m[StreamService] [39m[32mStream user synced: user_3HE0SV8kvYSMEx8ggz3MMpOGMYX[39m
[32m[Nest] 45788  - [39m03/08/2026, 2:54:07 pm [32m    LOG[39m [38;5;3m[StreamService] [39m[32mStream user synced: user_3HE0SV8kvYSMEx8ggz3MMpOGMYX[39m
[96msrc/project-announcements/project-announcements.service.ts[0m:[93m91[0m:[93m9[0m - [91merror[0m[90m TS2345: [0mArgument of type 'SQL<unknown> | undefined' is not assignable to parameter of type 'SQL<unknown>'.
  Type 'undefined' is not assignable to type 'SQL<unknown>'.

[7m91[0m         or(
[7m  [0m [91m        ~~~[0m
[7m92[0m           ilike(projectAnnouncements.title, `%${term}%`),
[7m  [0m [91m~~~~~~~~~~~~~~~~~~~~~~~~~~~~~~~~~~~~~~~~~~~~~~~~~~~~~~~~~[0m
[7m93[0m           ilike(projectAnnouncements.body, `%${term}%`),
[7m  [0m [91m~~~~~~~~~~~~~~~~~~~~~~~~~~~~~~~~~~~~~~~~~~~~~~~~~~~~~~~~[0m
[7m94[0m         ),
[7m  [0m [91m~~~~~~~~~[0m

[[90m2:54:08 pm[0m] Found 1 error. Watching for file changes.

[2J[3J[H[[90m2:54:13 pm[0m] File change detected. Starting incremental compilation...

[96msrc/project-announcements/project-announcements.service.ts[0m:[93m91[0m:[93m9[0m - [91merror[0m[90m TS2345: [0mArgument of type 'SQL<unknown> | undefined' is not assignable to parameter of type 'SQL<unknown>'.
  Type 'undefined' is not assignable to type 'SQL<unknown>'.

[7m91[0m         or(
[7m  [0m [91m        ~~~[0m
[7m92[0m           ilike(projectAnnouncements.title, `%${term}%`),
[7m  [0m [91m~~~~~~~~~~~~~~~~~~~~~~~~~~~~~~~~~~~~~~~~~~~~~~~~~~~~~~~~~[0m
[7m93[0m           ilike(projectAnnouncements.body, `%${term}%`),
[7m  [0m [91m~~~~~~~~~~~~~~~~~~~~~~~~~~~~~~~~~~~~~~~~~~~~~~~~~~~~~~~~[0m
[7m94[0m         ),
[7m  [0m [91m~~~~~~~~~[0m

[[90m2:54:14 pm[0m] Found 1 error. Watching for file changes.

[32m[Nest] 45788  - [39m03/08/2026, 2:54:16 pm [32m    LOG[39m [38;5;3m[StreamService] [39m[32mStream user synced: user_3HE0SV8kvYSMEx8ggz3MMpOGMYX[39m
[32m[Nest] 45788  - [39m03/08/2026, 2:54:16 pm [32m    LOG[39m [38;5;3m[StreamService] [39m[32mStream user synced: user_3HE0SV8kvYSMEx8ggz3MMpOGMYX[39m
[2J[3J[H[[90m2:54:19 pm[0m] File change detected. Starting incremental compilation...

[96msrc/project-announcements/project-announcements.service.ts[0m:[93m91[0m:[93m9[0m - [91merror[0m[90m TS2345: [0mArgument of type 'SQL<unknown> | undefined' is not assignable to parameter of type 'SQL<unknown>'.
  Type 'undefined' is not assignable to type 'SQL<unknown>'.

[7m91[0m         or(
[7m  [0m [91m        ~~~[0m
[7m92[0m           ilike(projectAnnouncements.title, `%${term}%`),
[7m  [0m [91m~~~~~~~~~~~~~~~~~~~~~~~~~~~~~~~~~~~~~~~~~~~~~~~~~~~~~~~~~[0m
[7m93[0m           ilike(projectAnnouncements.body, `%${term}%`),
[7m  [0m [91m~~~~~~~~~~~~~~~~~~~~~~~~~~~~~~~~~~~~~~~~~~~~~~~~~~~~~~~~[0m
[7m94[0m         ),
[7m  [0m [91m~~~~~~~~~[0m

[[90m2:54:19 pm[0m] Found 1 error. Watching for file changes.

[2J[3J[H[[90m2:54:23 pm[0m] File change detected. Starting incremental compilation...

[96msrc/project-announcements/project-announcements.service.ts[0m:[93m91[0m:[93m9[0m - [91merror[0m[90m TS2345: [0mArgument of type 'SQL<unknown> | undefined' is not assignable to parameter of type 'SQL<unknown>'.
  Type 'undefined' is not assignable to type 'SQL<unknown>'.

[7m91[0m         or(
[7m  [0m [91m        ~~~[0m
[7m92[0m           ilike(projectAnnouncements.title, `%${term}%`),
[7m  [0m [91m~~~~~~~~~~~~~~~~~~~~~~~~~~~~~~~~~~~~~~~~~~~~~~~~~~~~~~~~~[0m
[7m93[0m           ilike(projectAnnouncements.body, `%${term}%`),
[7m  [0m [91m~~~~~~~~~~~~~~~~~~~~~~~~~~~~~~~~~~~~~~~~~~~~~~~~~~~~~~~~[0m
[7m94[0m         ),
[7m  [0m [91m~~~~~~~~~[0m

[[90m2:54:24 pm[0m] Found 1 error. Watching for file changes.

[32m[Nest] 45788  - [39m03/08/2026, 2:54:26 pm [32m    LOG[39m [38;5;3m[StreamService] [39m[32mStream user synced: user_3HE0SV8kvYSMEx8ggz3MMpOGMYX[39m
[32m[Nest] 45788  - [39m03/08/2026, 2:54:26 pm [32m    LOG[39m [38;5;3m[StreamService] [39m[32mStream user synced: user_3HE0SV8kvYSMEx8ggz3MMpOGMYX[39m
[2J[3J[H[[90m2:54:30 pm[0m] File change detected. Starting incremental compilation...

[96msrc/project-announcements/project-announcements.service.ts[0m:[93m91[0m:[93m9[0m - [91merror[0m[90m TS2345: [0mArgument of type 'SQL<unknown> | undefined' is not assignable to parameter of type 'SQL<unknown>'.
  Type 'undefined' is not assignable to type 'SQL<unknown>'.

[7m91[0m         or(
[7m  [0m [91m        ~~~[0m
[7m92[0m           ilike(projectAnnouncements.title, `%${term}%`),
[7m  [0m [91m~~~~~~~~~~~~~~~~~~~~~~~~~~~~~~~~~~~~~~~~~~~~~~~~~~~~~~~~~[0m
[7m93[0m           ilike(projectAnnouncements.body, `%${term}%`),
[7m  [0m [91m~~~~~~~~~~~~~~~~~~~~~~~~~~~~~~~~~~~~~~~~~~~~~~~~~~~~~~~~[0m
[7m94[0m         ),
[7m  [0m [91m~~~~~~~~~[0m

[[90m2:54:30 pm[0m] Found 1 error. Watching for file changes.

[2J[3J[H[[90m2:54:36 pm[0m] File change detected. Starting incremental compilation...

[32m[Nest] 45788  - [39m03/08/2026, 2:54:36 pm [32m    LOG[39m [38;5;3m[StreamService] [39m[32mStream user synced: user_3HE0SV8kvYSMEx8ggz3MMpOGMYX[39m
[96msrc/project-announcements/project-announcements.service.ts[0m:[93m91[0m:[93m9[0m - [91merror[0m[90m TS2345: [0mArgument of type 'SQL<unknown> | undefined' is not assignable to parameter of type 'SQL<unknown>'.
  Type 'undefined' is not assignable to type 'SQL<unknown>'.

[7m91[0m         or(
[7m  [0m [91m        ~~~[0m
[7m92[0m           ilike(projectAnnouncements.title, `%${term}%`),
[7m  [0m [91m~~~~~~~~~~~~~~~~~~~~~~~~~~~~~~~~~~~~~~~~~~~~~~~~~~~~~~~~~[0m
[7m93[0m           ilike(projectAnnouncements.body, `%${term}%`),
[7m  [0m [91m~~~~~~~~~~~~~~~~~~~~~~~~~~~~~~~~~~~~~~~~~~~~~~~~~~~~~~~~[0m
[7m94[0m         ),
[7m  [0m [91m~~~~~~~~~[0m

[[90m2:54:37 pm[0m] Found 1 error. Watching for file changes.

[32m[Nest] 45788  - [39m03/08/2026, 2:54:37 pm [32m    LOG[39m [38;5;3m[StreamService] [39m[32mStream user synced: user_3HE0SV8kvYSMEx8ggz3MMpOGMYX[39m
[2J[3J[H[[90m2:54:46 pm[0m] File change detected. Starting incremental compilation...

[96msrc/project-announcements/project-announcements.service.ts[0m:[93m91[0m:[93m9[0m - [91merror[0m[90m TS2345: [0mArgument of type 'SQL<unknown> | undefined' is not assignable to parameter of type 'SQL<unknown>'.
  Type 'undefined' is not assignable to type 'SQL<unknown>'.

[7m91[0m         or(
[7m  [0m [91m        ~~~[0m
[7m92[0m           ilike(projectAnnouncements.title, `%${term}%`),
[7m  [0m [91m~~~~~~~~~~~~~~~~~~~~~~~~~~~~~~~~~~~~~~~~~~~~~~~~~~~~~~~~~[0m
[7m93[0m           ilike(projectAnnouncements.body, `%${term}%`),
[7m  [0m [91m~~~~~~~~~~~~~~~~~~~~~~~~~~~~~~~~~~~~~~~~~~~~~~~~~~~~~~~~[0m
[7m94[0m         ),
[7m  [0m [91m~~~~~~~~~[0m

[[90m2:54:47 pm[0m] Found 1 error. Watching for file changes.

[32m[Nest] 45788  - [39m03/08/2026, 2:54:47 pm [32m    LOG[39m [38;5;3m[StreamService] [39m[32mStream user synced: user_3HE0SV8kvYSMEx8ggz3MMpOGMYX[39m
[32m[Nest] 45788  - [39m03/08/2026, 2:54:47 pm [32m    LOG[39m [38;5;3m[StreamService] [39m[32mStream user synced: user_3HE0SV8kvYSMEx8ggz3MMpOGMYX[39m
[2J[3J[H[[90m2:54:52 pm[0m] File change detected. Starting incremental compilation...

[96msrc/project-announcements/project-announcements.service.ts[0m:[93m91[0m:[93m9[0m - [91merror[0m[90m TS2345: [0mArgument of type 'SQL<unknown> | undefined' is not assignable to parameter of type 'SQL<unknown>'.
  Type 'undefined' is not assignable to type 'SQL<unknown>'.

[7m91[0m         or(
[7m  [0m [91m        ~~~[0m
[7m92[0m           ilike(projectAnnouncements.title, `%${term}%`),
[7m  [0m [91m~~~~~~~~~~~~~~~~~~~~~~~~~~~~~~~~~~~~~~~~~~~~~~~~~~~~~~~~~[0m
[7m93[0m           ilike(projectAnnouncements.body, `%${term}%`),
[7m  [0m [91m~~~~~~~~~~~~~~~~~~~~~~~~~~~~~~~~~~~~~~~~~~~~~~~~~~~~~~~~[0m
[7m94[0m         ),
[7m  [0m [91m~~~~~~~~~[0m

[[90m2:54:53 pm[0m] Found 1 error. Watching for file changes.

[32m[Nest] 45788  - [39m03/08/2026, 2:54:57 pm [32m    LOG[39m [38;5;3m[StreamService] [39m[32mStream user synced: user_3HE0SV8kvYSMEx8ggz3MMpOGMYX[39m
[32m[Nest] 45788  - [39m03/08/2026, 2:54:57 pm [32m    LOG[39m [38;5;3m[StreamService] [39m[32mStream user synced: user_3HE0SV8kvYSMEx8ggz3MMpOGMYX[39m
[2J[3J[H[[90m2:55:01 pm[0m] File change detected. Starting incremental compilation...

[96msrc/project-announcements/project-announcements.service.ts[0m:[93m91[0m:[93m9[0m - [91merror[0m[90m TS2345: [0mArgument of type 'SQL<unknown> | undefined' is not assignable to parameter of type 'SQL<unknown>'.
  Type 'undefined' is not assignable to type 'SQL<unknown>'.

[7m91[0m         or(
[7m  [0m [91m        ~~~[0m
[7m92[0m           ilike(projectAnnouncements.title, `%${term}%`),
[7m  [0m [91m~~~~~~~~~~~~~~~~~~~~~~~~~~~~~~~~~~~~~~~~~~~~~~~~~~~~~~~~~[0m
[7m93[0m           ilike(projectAnnouncements.body, `%${term}%`),
[7m  [0m [91m~~~~~~~~~~~~~~~~~~~~~~~~~~~~~~~~~~~~~~~~~~~~~~~~~~~~~~~~[0m
[7m94[0m         ),
[7m  [0m [91m~~~~~~~~~[0m

[[90m2:55:01 pm[0m] Found 1 error. Watching for file changes.

[2J[3J[H[[90m2:55:08 pm[0m] File change detected. Starting incremental compilation...

[96msrc/ai-summary/ai-summary.service.ts[0m:[93m13[0m:[93m8[0m - [91merror[0m[90m TS2307: [0mCannot find module './ai-summary.module' or its corresponding type declarations.

[7m13[0m } from './ai-summary.module';
[7m  [0m [91m       ~~~~~~~~~~~~~~~~~~~~~[0m

[96msrc/ai-summary/ai-summary.service.ts[0m:[93m35[0m:[93m17[0m - [91merror[0m[90m TS2322: [0mType 'number' is not assignable to type 'SQL<unknown> | Aliased<unknown> | Subquery<string, Record<string, unknown>> | PgColumn<ColumnBaseConfig<ColumnDataType, string>, {}, {}> | PgTable<...> | SelectedFieldsFlat<...>'.

[7m35[0m       .select({ n: eq(projectMembers.userId).length as unknown as number })
[7m  [0m [91m                ~[0m

[96msrc/ai-summary/ai-summary.service.ts[0m:[93m35[0m:[93m20[0m - [91merror[0m[90m TS2554: [0mExpected 2 arguments, but got 1.

[7m35[0m       .select({ n: eq(projectMembers.userId).length as unknown as number })
[7m  [0m [91m                   ~~[0m

  [96m../../../node_modules/drizzle-orm/sql/expressions/conditions.d.ts[0m:[93m5[0m:[93m45[0m
    [7m5[0m     <TColumn extends Column>(left: TColumn, right: GetColumnData<TColumn, 'raw'> | SQLWrapper): SQL;
    [7m [0m [96m                                            ~~~~~~~~~~~~~~~~~~~~~~~~~~~~~~~~~~~~~~~~~~~~~~~~~[0m
    An argument for 'right' was not provided.

[96msrc/ai-summary/ai-summary.service.ts[0m:[93m35[0m:[93m46[0m - [91merror[0m[90m TS2339: [0mProperty 'length' does not exist on type 'SQL<unknown>'.

[7m35[0m       .select({ n: eq(projectMembers.userId).length as unknown as number })
[7m  [0m [91m                                             ~~~~~~[0m

[96msrc/ai-summary/ai-summary.service.ts[0m:[93m63[0m:[93m7[0m - [91merror[0m[90m TS2322: [0mType '{}' is not assignable to type 'number'.

[7m63[0m       memberCount: memberCountRow?.n ?? 0,
[7m  [0m [91m      ~~~~~~~~~~~[0m

  [96msrc/ai-summary/ai-summary.provider.ts[0m:[93m21[0m:[93m3[0m
    [7m21[0m   memberCount: number;
    [7m  [0m [96m  ~~~~~~~~~~~[0m
    The expected type comes from property 'memberCount' which is declared here on type 'AiSummaryContext'

[96msrc/ai-summary/ai-summary.service.ts[0m:[93m84[0m:[93m9[0m - [91merror[0m[90m TS2345: [0mArgument of type '{}' is not assignable to parameter of type 'MessageSetType | undefined'.

[7m84[0m         {},
[7m  [0m [91m        ~~[0m

[96msrc/project-announcements/project-announcements.service.ts[0m:[93m91[0m:[93m9[0m - [91merror[0m[90m TS2345: [0mArgument of type 'SQL<unknown> | undefined' is not assignable to parameter of type 'SQL<unknown>'.
  Type 'undefined' is not assignable to type 'SQL<unknown>'.

[7m91[0m         or(
[7m  [0m [91m        ~~~[0m
[7m92[0m           ilike(projectAnnouncements.title, `%${term}%`),
[7m  [0m [91m~~~~~~~~~~~~~~~~~~~~~~~~~~~~~~~~~~~~~~~~~~~~~~~~~~~~~~~~~[0m
[7m93[0m           ilike(projectAnnouncements.body, `%${term}%`),
[7m  [0m [91m~~~~~~~~~~~~~~~~~~~~~~~~~~~~~~~~~~~~~~~~~~~~~~~~~~~~~~~~[0m
[7m94[0m         ),
[7m  [0m [91m~~~~~~~~~[0m

[[90m2:55:09 pm[0m] Found 7 errors. Watching for file changes.

[2J[3J[H[[90m2:55:12 pm[0m] File change detected. Starting incremental compilation...

[96msrc/ai-summary/ai-summary.service.ts[0m:[93m13[0m:[93m8[0m - [91merror[0m[90m TS2307: [0mCannot find module './ai-summary.module' or its corresponding type declarations.

[7m13[0m } from './ai-summary.module';
[7m  [0m [91m       ~~~~~~~~~~~~~~~~~~~~~[0m

[96msrc/ai-summary/ai-summary.service.ts[0m:[93m35[0m:[93m17[0m - [91merror[0m[90m TS2322: [0mType 'number' is not assignable to type 'SQL<unknown> | Aliased<unknown> | Subquery<string, Record<string, unknown>> | PgColumn<ColumnBaseConfig<ColumnDataType, string>, {}, {}> | PgTable<...> | SelectedFieldsFlat<...>'.

[7m35[0m       .select({ n: eq(projectMembers.userId).length as unknown as number })
[7m  [0m [91m                ~[0m

[96msrc/ai-summary/ai-summary.service.ts[0m:[93m35[0m:[93m20[0m - [91merror[0m[90m TS2554: [0mExpected 2 arguments, but got 1.

[7m35[0m       .select({ n: eq(projectMembers.userId).length as unknown as number })
[7m  [0m [91m                   ~~[0m

  [96m../../../node_modules/drizzle-orm/sql/expressions/conditions.d.ts[0m:[93m5[0m:[93m45[0m
    [7m5[0m     <TColumn extends Column>(left: TColumn, right: GetColumnData<TColumn, 'raw'> | SQLWrapper): SQL;
    [7m [0m [96m                                            ~~~~~~~~~~~~~~~~~~~~~~~~~~~~~~~~~~~~~~~~~~~~~~~~~[0m
    An argument for 'right' was not provided.

[96msrc/ai-summary/ai-summary.service.ts[0m:[93m35[0m:[93m46[0m - [91merror[0m[90m TS2339: [0mProperty 'length' does not exist on type 'SQL<unknown>'.

[7m35[0m       .select({ n: eq(projectMembers.userId).length as unknown as number })
[7m  [0m [91m                                             ~~~~~~[0m

[96msrc/ai-summary/ai-summary.service.ts[0m:[93m63[0m:[93m7[0m - [91merror[0m[90m TS2322: [0mType '{}' is not assignable to type 'number'.

[7m63[0m       memberCount: memberCountRow?.n ?? 0,
[7m  [0m [91m      ~~~~~~~~~~~[0m

  [96msrc/ai-summary/ai-summary.provider.ts[0m:[93m21[0m:[93m3[0m
    [7m21[0m   memberCount: number;
    [7m  [0m [96m  ~~~~~~~~~~~[0m
    The expected type comes from property 'memberCount' which is declared here on type 'AiSummaryContext'

[96msrc/ai-summary/ai-summary.service.ts[0m:[93m84[0m:[93m9[0m - [91merror[0m[90m TS2345: [0mArgument of type '{}' is not assignable to parameter of type 'MessageSetType | undefined'.

[7m84[0m         {},
[7m  [0m [91m        ~~[0m

[96msrc/project-announcements/project-announcements.service.ts[0m:[93m91[0m:[93m9[0m - [91merror[0m[90m TS2345: [0mArgument of type 'SQL<unknown> | undefined' is not assignable to parameter of type 'SQL<unknown>'.
  Type 'undefined' is not assignable to type 'SQL<unknown>'.

[7m91[0m         or(
[7m  [0m [91m        ~~~[0m
[7m92[0m           ilike(projectAnnouncements.title, `%${term}%`),
[7m  [0m [91m~~~~~~~~~~~~~~~~~~~~~~~~~~~~~~~~~~~~~~~~~~~~~~~~~~~~~~~~~[0m
[7m93[0m           ilike(projectAnnouncements.body, `%${term}%`),
[7m  [0m [91m~~~~~~~~~~~~~~~~~~~~~~~~~~~~~~~~~~~~~~~~~~~~~~~~~~~~~~~~[0m
[7m94[0m         ),
[7m  [0m [91m~~~~~~~~~[0m

[[90m2:55:13 pm[0m] Found 7 errors. Watching for file changes.

[2J[3J[H[[90m2:55:16 pm[0m] File change detected. Starting incremental compilation...

[96msrc/ai-summary/ai-summary.service.ts[0m:[93m13[0m:[93m8[0m - [91merror[0m[90m TS2307: [0mCannot find module './ai-summary.module' or its corresponding type declarations.

[7m13[0m } from './ai-summary.module';
[7m  [0m [91m       ~~~~~~~~~~~~~~~~~~~~~[0m

[96msrc/ai-summary/ai-summary.service.ts[0m:[93m84[0m:[93m9[0m - [91merror[0m[90m TS2345: [0mArgument of type '{}' is not assignable to parameter of type 'MessageSetType | undefined'.

[7m84[0m         {},
[7m  [0m [91m        ~~[0m

[96msrc/project-announcements/project-announcements.service.ts[0m:[93m91[0m:[93m9[0m - [91merror[0m[90m TS2345: [0mArgument of type 'SQL<unknown> | undefined' is not assignable to parameter of type 'SQL<unknown>'.
  Type 'undefined' is not assignable to type 'SQL<unknown>'.

[7m91[0m         or(
[7m  [0m [91m        ~~~[0m
[7m92[0m           ilike(projectAnnouncements.title, `%${term}%`),
[7m  [0m [91m~~~~~~~~~~~~~~~~~~~~~~~~~~~~~~~~~~~~~~~~~~~~~~~~~~~~~~~~~[0m
[7m93[0m           ilike(projectAnnouncements.body, `%${term}%`),
[7m  [0m [91m~~~~~~~~~~~~~~~~~~~~~~~~~~~~~~~~~~~~~~~~~~~~~~~~~~~~~~~~[0m
[7m94[0m         ),
[7m  [0m [91m~~~~~~~~~[0m

[[90m2:55:17 pm[0m] Found 3 errors. Watching for file changes.

[2J[3J[H[[90m2:55:21 pm[0m] File change detected. Starting incremental compilation...

[96msrc/ai-summary/ai-summary.module.ts[0m:[93m6[0m:[93m37[0m - [91merror[0m[90m TS2307: [0mCannot find module './ai-summary.controller' or its corresponding type declarations.

[7m6[0m import { AiSummaryController } from './ai-summary.controller';
[7m [0m [91m                                    ~~~~~~~~~~~~~~~~~~~~~~~~~[0m

[96msrc/ai-summary/ai-summary.service.ts[0m:[93m84[0m:[93m9[0m - [91merror[0m[90m TS2345: [0mArgument of type '{}' is not assignable to parameter of type 'MessageSetType | undefined'.

[7m84[0m         {},
[7m  [0m [91m        ~~[0m

[96msrc/project-announcements/project-announcements.service.ts[0m:[93m91[0m:[93m9[0m - [91merror[0m[90m TS2345: [0mArgument of type 'SQL<unknown> | undefined' is not assignable to parameter of type 'SQL<unknown>'.
  Type 'undefined' is not assignable to type 'SQL<unknown>'.

[7m91[0m         or(
[7m  [0m [91m        ~~~[0m
[7m92[0m           ilike(projectAnnouncements.title, `%${term}%`),
[7m  [0m [91m~~~~~~~~~~~~~~~~~~~~~~~~~~~~~~~~~~~~~~~~~~~~~~~~~~~~~~~~~[0m
[7m93[0m           ilike(projectAnnouncements.body, `%${term}%`),
[7m  [0m [91m~~~~~~~~~~~~~~~~~~~~~~~~~~~~~~~~~~~~~~~~~~~~~~~~~~~~~~~~[0m
[7m94[0m         ),
[7m  [0m [91m~~~~~~~~~[0m

[[90m2:55:22 pm[0m] Found 3 errors. Watching for file changes.

[2J[3J[H[[90m2:55:27 pm[0m] File change detected. Starting incremental compilation...

[96msrc/ai-summary/ai-summary.module.ts[0m:[93m6[0m:[93m37[0m - [91merror[0m[90m TS2307: [0mCannot find module './ai-summary.controller' or its corresponding type declarations.

[7m6[0m import { AiSummaryController } from './ai-summary.controller';
[7m [0m [91m                                    ~~~~~~~~~~~~~~~~~~~~~~~~~[0m

[96msrc/ai-summary/ai-summary.service.ts[0m:[93m84[0m:[93m9[0m - [91merror[0m[90m TS2345: [0mArgument of type '{}' is not assignable to parameter of type 'MessageSetType | undefined'.

[7m84[0m         {},
[7m  [0m [91m        ~~[0m

[96msrc/project-announcements/project-announcements.service.ts[0m:[93m91[0m:[93m9[0m - [91merror[0m[90m TS2345: [0mArgument of type 'SQL<unknown> | undefined' is not assignable to parameter of type 'SQL<unknown>'.
  Type 'undefined' is not assignable to type 'SQL<unknown>'.

[7m91[0m         or(
[7m  [0m [91m        ~~~[0m
[7m92[0m           ilike(projectAnnouncements.title, `%${term}%`),
[7m  [0m [91m~~~~~~~~~~~~~~~~~~~~~~~~~~~~~~~~~~~~~~~~~~~~~~~~~~~~~~~~~[0m
[7m93[0m           ilike(projectAnnouncements.body, `%${term}%`),
[7m  [0m [91m~~~~~~~~~~~~~~~~~~~~~~~~~~~~~~~~~~~~~~~~~~~~~~~~~~~~~~~~[0m
[7m94[0m         ),
[7m  [0m [91m~~~~~~~~~[0m

[[90m2:55:27 pm[0m] Found 3 errors. Watching for file changes.

[2J[3J[H[[90m2:55:32 pm[0m] File change detected. Starting incremental compilation...

[96msrc/ai-summary/ai-summary.service.ts[0m:[93m84[0m:[93m9[0m - [91merror[0m[90m TS2345: [0mArgument of type '{}' is not assignable to parameter of type 'MessageSetType | undefined'.

[7m84[0m         {},
[7m  [0m [91m        ~~[0m

[96msrc/project-announcements/project-announcements.service.ts[0m:[93m91[0m:[93m9[0m - [91merror[0m[90m TS2345: [0mArgument of type 'SQL<unknown> | undefined' is not assignable to parameter of type 'SQL<unknown>'.
  Type 'undefined' is not assignable to type 'SQL<unknown>'.

[7m91[0m         or(
[7m  [0m [91m        ~~~[0m
[7m92[0m           ilike(projectAnnouncements.title, `%${term}%`),
[7m  [0m [91m~~~~~~~~~~~~~~~~~~~~~~~~~~~~~~~~~~~~~~~~~~~~~~~~~~~~~~~~~[0m
[7m93[0m           ilike(projectAnnouncements.body, `%${term}%`),
[7m  [0m [91m~~~~~~~~~~~~~~~~~~~~~~~~~~~~~~~~~~~~~~~~~~~~~~~~~~~~~~~~[0m
[7m94[0m         ),
[7m  [0m [91m~~~~~~~~~[0m

[[90m2:55:33 pm[0m] Found 2 errors. Watching for file changes.

[2J[3J[H[[90m2:55:49 pm[0m] File change detected. Starting incremental compilation...

[96msrc/ai-summary/ai-summary.service.ts[0m:[93m84[0m:[93m9[0m - [91merror[0m[90m TS2345: [0mArgument of type '{}' is not assignable to parameter of type 'MessageSetType | undefined'.

[7m84[0m         {},
[7m  [0m [91m        ~~[0m

[96msrc/project-announcements/project-announcements.service.ts[0m:[93m91[0m:[93m9[0m - [91merror[0m[90m TS2345: [0mArgument of type 'SQL<unknown> | undefined' is not assignable to parameter of type 'SQL<unknown>'.
  Type 'undefined' is not assignable to type 'SQL<unknown>'.

[7m91[0m         or(
[7m  [0m [91m        ~~~[0m
[7m92[0m           ilike(projectAnnouncements.title, `%${term}%`),
[7m  [0m [91m~~~~~~~~~~~~~~~~~~~~~~~~~~~~~~~~~~~~~~~~~~~~~~~~~~~~~~~~~[0m
[7m93[0m           ilike(projectAnnouncements.body, `%${term}%`),
[7m  [0m [91m~~~~~~~~~~~~~~~~~~~~~~~~~~~~~~~~~~~~~~~~~~~~~~~~~~~~~~~~[0m
[7m94[0m         ),
[7m  [0m [91m~~~~~~~~~[0m

[[90m2:55:49 pm[0m] Found 2 errors. Watching for file changes.

[32m[Nest] 45788  - [39m03/08/2026, 2:55:52 pm [32m    LOG[39m [38;5;3m[StreamService] [39m[32mStream user synced: user_3HE0SV8kvYSMEx8ggz3MMpOGMYX[39m
[32m[Nest] 45788  - [39m03/08/2026, 2:55:52 pm [32m    LOG[39m [38;5;3m[StreamService] [39m[32mStream user synced: user_3HE0SV8kvYSMEx8ggz3MMpOGMYX[39m
[2J[3J[H[[90m2:55:55 pm[0m] File change detected. Starting incremental compilation...

[96msrc/ai-summary/ai-summary.service.ts[0m:[93m84[0m:[93m9[0m - [91merror[0m[90m TS2345: [0mArgument of type '{}' is not assignable to parameter of type 'MessageSetType | undefined'.

[7m84[0m         {},
[7m  [0m [91m        ~~[0m

[96msrc/project-announcements/project-announcements.service.ts[0m:[93m91[0m:[93m9[0m - [91merror[0m[90m TS2345: [0mArgument of type 'SQL<unknown> | undefined' is not assignable to parameter of type 'SQL<unknown>'.
  Type 'undefined' is not assignable to type 'SQL<unknown>'.

[7m91[0m         or(
[7m  [0m [91m        ~~~[0m
[7m92[0m           ilike(projectAnnouncements.title, `%${term}%`),
[7m  [0m [91m~~~~~~~~~~~~~~~~~~~~~~~~~~~~~~~~~~~~~~~~~~~~~~~~~~~~~~~~~[0m
[7m93[0m           ilike(projectAnnouncements.body, `%${term}%`),
[7m  [0m [91m~~~~~~~~~~~~~~~~~~~~~~~~~~~~~~~~~~~~~~~~~~~~~~~~~~~~~~~~[0m
[7m94[0m         ),
[7m  [0m [91m~~~~~~~~~[0m

[[90m2:55:55 pm[0m] Found 2 errors. Watching for file changes.

[2J[3J[H[[90m2:55:59 pm[0m] File change detected. Starting incremental compilation...

[96msrc/ai-summary/ai-summary.service.ts[0m:[93m84[0m:[93m9[0m - [91merror[0m[90m TS2345: [0mArgument of type '{}' is not assignable to parameter of type 'MessageSetType | undefined'.

[7m84[0m         {},
[7m  [0m [91m        ~~[0m

[96msrc/project-announcements/project-announcements.service.ts[0m:[93m91[0m:[93m9[0m - [91merror[0m[90m TS2345: [0mArgument of type 'SQL<unknown> | undefined' is not assignable to parameter of type 'SQL<unknown>'.
  Type 'undefined' is not assignable to type 'SQL<unknown>'.

[7m91[0m         or(
[7m  [0m [91m        ~~~[0m
[7m92[0m           ilike(projectAnnouncements.title, `%${term}%`),
[7m  [0m [91m~~~~~~~~~~~~~~~~~~~~~~~~~~~~~~~~~~~~~~~~~~~~~~~~~~~~~~~~~[0m
[7m93[0m           ilike(projectAnnouncements.body, `%${term}%`),
[7m  [0m [91m~~~~~~~~~~~~~~~~~~~~~~~~~~~~~~~~~~~~~~~~~~~~~~~~~~~~~~~~[0m
[7m94[0m         ),
[7m  [0m [91m~~~~~~~~~[0m

[[90m2:56:00 pm[0m] Found 2 errors. Watching for file changes.

[2J[3J[H[[90m2:56:05 pm[0m] File change detected. Starting incremental compilation...

[96msrc/ai-summary/ai-summary.service.ts[0m:[93m84[0m:[93m9[0m - [91merror[0m[90m TS2345: [0mArgument of type '{}' is not assignable to parameter of type 'MessageSetType | undefined'.

[7m84[0m         {},
[7m  [0m [91m        ~~[0m

[96msrc/project-announcements/project-announcements.service.ts[0m:[93m91[0m:[93m9[0m - [91merror[0m[90m TS2345: [0mArgument of type 'SQL<unknown> | undefined' is not assignable to parameter of type 'SQL<unknown>'.
  Type 'undefined' is not assignable to type 'SQL<unknown>'.

[7m91[0m         or(
[7m  [0m [91m        ~~~[0m
[7m92[0m           ilike(projectAnnouncements.title, `%${term}%`),
[7m  [0m [91m~~~~~~~~~~~~~~~~~~~~~~~~~~~~~~~~~~~~~~~~~~~~~~~~~~~~~~~~~[0m
[7m93[0m           ilike(projectAnnouncements.body, `%${term}%`),
[7m  [0m [91m~~~~~~~~~~~~~~~~~~~~~~~~~~~~~~~~~~~~~~~~~~~~~~~~~~~~~~~~[0m
[7m94[0m         ),
[7m  [0m [91m~~~~~~~~~[0m

[[90m2:56:05 pm[0m] Found 2 errors. Watching for file changes.

[2J[3J[H[[90m2:56:10 pm[0m] File change detected. Starting incremental compilation...

[96msrc/ai-summary/ai-summary.service.ts[0m:[93m84[0m:[93m9[0m - [91merror[0m[90m TS2345: [0mArgument of type '{}' is not assignable to parameter of type 'MessageSetType | undefined'.

[7m84[0m         {},
[7m  [0m [91m        ~~[0m

[96msrc/project-announcements/project-announcements.service.ts[0m:[93m91[0m:[93m9[0m - [91merror[0m[90m TS2345: [0mArgument of type 'SQL<unknown> | undefined' is not assignable to parameter of type 'SQL<unknown>'.
  Type 'undefined' is not assignable to type 'SQL<unknown>'.

[7m91[0m         or(
[7m  [0m [91m        ~~~[0m
[7m92[0m           ilike(projectAnnouncements.title, `%${term}%`),
[7m  [0m [91m~~~~~~~~~~~~~~~~~~~~~~~~~~~~~~~~~~~~~~~~~~~~~~~~~~~~~~~~~[0m
[7m93[0m           ilike(projectAnnouncements.body, `%${term}%`),
[7m  [0m [91m~~~~~~~~~~~~~~~~~~~~~~~~~~~~~~~~~~~~~~~~~~~~~~~~~~~~~~~~[0m
[7m94[0m         ),
[7m  [0m [91m~~~~~~~~~[0m

[[90m2:56:10 pm[0m] Found 2 errors. Watching for file changes.

[2J[3J[H[[90m2:56:18 pm[0m] File change detected. Starting incremental compilation...

[96msrc/ai-summary/ai-summary.service.ts[0m:[93m84[0m:[93m9[0m - [91merror[0m[90m TS2345: [0mArgument of type '{}' is not assignable to parameter of type 'MessageSetType | undefined'.

[7m84[0m         {},
[7m  [0m [91m        ~~[0m

[96msrc/project-announcements/project-announcements.service.ts[0m:[93m91[0m:[93m9[0m - [91merror[0m[90m TS2345: [0mArgument of type 'SQL<unknown> | undefined' is not assignable to parameter of type 'SQL<unknown>'.
  Type 'undefined' is not assignable to type 'SQL<unknown>'.

[7m91[0m         or(
[7m  [0m [91m        ~~~[0m
[7m92[0m           ilike(projectAnnouncements.title, `%${term}%`),
[7m  [0m [91m~~~~~~~~~~~~~~~~~~~~~~~~~~~~~~~~~~~~~~~~~~~~~~~~~~~~~~~~~[0m
[7m93[0m           ilike(projectAnnouncements.body, `%${term}%`),
[7m  [0m [91m~~~~~~~~~~~~~~~~~~~~~~~~~~~~~~~~~~~~~~~~~~~~~~~~~~~~~~~~[0m
[7m94[0m         ),
[7m  [0m [91m~~~~~~~~~[0m

[[90m2:56:19 pm[0m] Found 2 errors. Watching for file changes.

[2J[3J[H[[90m2:56:27 pm[0m] File change detected. Starting incremental compilation...

[96msrc/ai-summary/ai-summary.service.ts[0m:[93m82[0m:[93m9[0m - [91merror[0m[90m TS2345: [0mArgument of type '{}' is not assignable to parameter of type 'MessageSetType | undefined'.

[7m82[0m         {},
[7m  [0m [91m        ~~[0m

[96msrc/project-announcements/project-announcements.service.ts[0m:[93m91[0m:[93m9[0m - [91merror[0m[90m TS2345: [0mArgument of type 'SQL<unknown> | undefined' is not assignable to parameter of type 'SQL<unknown>'.
  Type 'undefined' is not assignable to type 'SQL<unknown>'.

[7m91[0m         or(
[7m  [0m [91m        ~~~[0m
[7m92[0m           ilike(projectAnnouncements.title, `%${term}%`),
[7m  [0m [91m~~~~~~~~~~~~~~~~~~~~~~~~~~~~~~~~~~~~~~~~~~~~~~~~~~~~~~~~~[0m
[7m93[0m           ilike(projectAnnouncements.body, `%${term}%`),
[7m  [0m [91m~~~~~~~~~~~~~~~~~~~~~~~~~~~~~~~~~~~~~~~~~~~~~~~~~~~~~~~~[0m
[7m94[0m         ),
[7m  [0m [91m~~~~~~~~~[0m

[[90m2:56:28 pm[0m] Found 2 errors. Watching for file changes.

[32m[Nest] 45788  - [39m03/08/2026, 2:56:52 pm [32m    LOG[39m [38;5;3m[StreamService] [39m[32mStream user synced: user_3HE0SV8kvYSMEx8ggz3MMpOGMYX[39m
[32m[Nest] 45788  - [39m03/08/2026, 2:56:52 pm [32m    LOG[39m [38;5;3m[StreamService] [39m[32mStream user synced: user_3HE0SV8kvYSMEx8ggz3MMpOGMYX[39m
[2J[3J[H[[90m2:56:59 pm[0m] File change detected. Starting incremental compilation...

[96msrc/ai-summary/ai-summary.service.ts[0m:[93m82[0m:[93m9[0m - [91merror[0m[90m TS2345: [0mArgument of type '{}' is not assignable to parameter of type 'MessageSetType | undefined'.

[7m82[0m         {},
[7m  [0m [91m        ~~[0m

[96msrc/project-announcements/project-announcements.service.ts[0m:[93m91[0m:[93m9[0m - [91merror[0m[90m TS2345: [0mArgument of type 'SQL<unknown> | undefined' is not assignable to parameter of type 'SQL<unknown>'.
  Type 'undefined' is not assignable to type 'SQL<unknown>'.

[7m91[0m         or(
[7m  [0m [91m        ~~~[0m
[7m92[0m           ilike(projectAnnouncements.title, `%${term}%`),
[7m  [0m [91m~~~~~~~~~~~~~~~~~~~~~~~~~~~~~~~~~~~~~~~~~~~~~~~~~~~~~~~~~[0m
[7m93[0m           ilike(projectAnnouncements.body, `%${term}%`),
[7m  [0m [91m~~~~~~~~~~~~~~~~~~~~~~~~~~~~~~~~~~~~~~~~~~~~~~~~~~~~~~~~[0m
[7m94[0m         ),
[7m  [0m [91m~~~~~~~~~[0m

[[90m2:56:59 pm[0m] Found 2 errors. Watching for file changes.

[2J[3J[H[[90m2:57:04 pm[0m] File change detected. Starting incremental compilation...

[96msrc/ai-summary/ai-summary.service.ts[0m:[93m82[0m:[93m9[0m - [91merror[0m[90m TS2345: [0mArgument of type '{}' is not assignable to parameter of type 'MessageSetType | undefined'.

[7m82[0m         {},
[7m  [0m [91m        ~~[0m

[96msrc/project-announcements/project-announcements.service.ts[0m:[93m91[0m:[93m9[0m - [91merror[0m[90m TS2345: [0mArgument of type 'SQL<unknown> | undefined' is not assignable to parameter of type 'SQL<unknown>'.
  Type 'undefined' is not assignable to type 'SQL<unknown>'.

[7m91[0m         or(
[7m  [0m [91m        ~~~[0m
[7m92[0m           ilike(projectAnnouncements.title, `%${term}%`),
[7m  [0m [91m~~~~~~~~~~~~~~~~~~~~~~~~~~~~~~~~~~~~~~~~~~~~~~~~~~~~~~~~~[0m
[7m93[0m           ilike(projectAnnouncements.body, `%${term}%`),
[7m  [0m [91m~~~~~~~~~~~~~~~~~~~~~~~~~~~~~~~~~~~~~~~~~~~~~~~~~~~~~~~~[0m
[7m94[0m         ),
[7m  [0m [91m~~~~~~~~~[0m

[[90m2:57:05 pm[0m] Found 2 errors. Watching for file changes.

[2J[3J[H[[90m2:57:11 pm[0m] File change detected. Starting incremental compilation...

[96msrc/ai-summary/ai-summary.service.ts[0m:[93m82[0m:[93m9[0m - [91merror[0m[90m TS2345: [0mArgument of type '{}' is not assignable to parameter of type 'MessageSetType | undefined'.

[7m82[0m         {},
[7m  [0m [91m        ~~[0m

[96msrc/project-announcements/project-announcements.service.ts[0m:[93m91[0m:[93m9[0m - [91merror[0m[90m TS2345: [0mArgument of type 'SQL<unknown> | undefined' is not assignable to parameter of type 'SQL<unknown>'.
  Type 'undefined' is not assignable to type 'SQL<unknown>'.

[7m91[0m         or(
[7m  [0m [91m        ~~~[0m
[7m92[0m           ilike(projectAnnouncements.title, `%${term}%`),
[7m  [0m [91m~~~~~~~~~~~~~~~~~~~~~~~~~~~~~~~~~~~~~~~~~~~~~~~~~~~~~~~~~[0m
[7m93[0m           ilike(projectAnnouncements.body, `%${term}%`),
[7m  [0m [91m~~~~~~~~~~~~~~~~~~~~~~~~~~~~~~~~~~~~~~~~~~~~~~~~~~~~~~~~[0m
[7m94[0m         ),
[7m  [0m [91m~~~~~~~~~[0m

[[90m2:57:12 pm[0m] Found 2 errors. Watching for file changes.

[2J[3J[H[[90m2:57:30 pm[0m] File change detected. Starting incremental compilation...

[2J[3J[H[[90m2:57:35 pm[0m] File change detected. Starting incremental compilation...

[96msrc/ai-summary/ai-summary.service.ts[0m:[93m82[0m:[93m9[0m - [91merror[0m[90m TS2345: [0mArgument of type '{}' is not assignable to parameter of type 'MessageSetType | undefined'.

[7m82[0m         {},
[7m  [0m [91m        ~~[0m

[96msrc/project-announcements/project-announcements.service.ts[0m:[93m91[0m:[93m9[0m - [91merror[0m[90m TS2345: [0mArgument of type 'SQL<unknown> | undefined' is not assignable to parameter of type 'SQL<unknown>'.
  Type 'undefined' is not assignable to type 'SQL<unknown>'.

[7m91[0m         or(
[7m  [0m [91m        ~~~[0m
[7m92[0m           ilike(projectAnnouncements.title, `%${term}%`),
[7m  [0m [91m~~~~~~~~~~~~~~~~~~~~~~~~~~~~~~~~~~~~~~~~~~~~~~~~~~~~~~~~~[0m
[7m93[0m           ilike(projectAnnouncements.body, `%${term}%`),
[7m  [0m [91m~~~~~~~~~~~~~~~~~~~~~~~~~~~~~~~~~~~~~~~~~~~~~~~~~~~~~~~~[0m
[7m94[0m         ),
[7m  [0m [91m~~~~~~~~~[0m

[[90m2:57:38 pm[0m] Found 2 errors. Watching for file changes.

[32m[Nest] 45788  - [39m03/08/2026, 2:57:53 pm [32m    LOG[39m [38;5;3m[StreamService] [39m[32mStream user synced: user_3HE0SV8kvYSMEx8ggz3MMpOGMYX[39m
[32m[Nest] 45788  - [39m03/08/2026, 2:57:53 pm [32m    LOG[39m [38;5;3m[StreamService] [39m[32mStream user synced: user_3HE0SV8kvYSMEx8ggz3MMpOGMYX[39m
[2J[3J[H[[90m2:57:58 pm[0m] File change detected. Starting incremental compilation...

[96msrc/ai-summary/ai-summary.service.ts[0m:[93m82[0m:[93m9[0m - [91merror[0m[90m TS2345: [0mArgument of type '{}' is not assignable to parameter of type 'MessageSetType | undefined'.

[7m82[0m         {},
[7m  [0m [91m        ~~[0m

[96msrc/project-announcements/project-announcements.service.ts[0m:[93m91[0m:[93m9[0m - [91merror[0m[90m TS2345: [0mArgument of type 'SQL<unknown> | undefined' is not assignable to parameter of type 'SQL<unknown>'.
  Type 'undefined' is not assignable to type 'SQL<unknown>'.

[7m91[0m         or(
[7m  [0m [91m        ~~~[0m
[7m92[0m           ilike(projectAnnouncements.title, `%${term}%`),
[7m  [0m [91m~~~~~~~~~~~~~~~~~~~~~~~~~~~~~~~~~~~~~~~~~~~~~~~~~~~~~~~~~[0m
[7m93[0m           ilike(projectAnnouncements.body, `%${term}%`),
[7m  [0m [91m~~~~~~~~~~~~~~~~~~~~~~~~~~~~~~~~~~~~~~~~~~~~~~~~~~~~~~~~[0m
[7m94[0m         ),
[7m  [0m [91m~~~~~~~~~[0m

[[90m2:58:12 pm[0m] Found 2 errors. Watching for file changes.

[2J[3J[H[[90m2:58:19 pm[0m] File change detected. Starting incremental compilation...

[96msrc/project-announcements/project-announcements.service.ts[0m:[93m91[0m:[93m9[0m - [91merror[0m[90m TS2345: [0mArgument of type 'SQL<unknown> | undefined' is not assignable to parameter of type 'SQL<unknown>'.
  Type 'undefined' is not assignable to type 'SQL<unknown>'.

[7m91[0m         or(
[7m  [0m [91m        ~~~[0m
[7m92[0m           ilike(projectAnnouncements.title, `%${term}%`),
[7m  [0m [91m~~~~~~~~~~~~~~~~~~~~~~~~~~~~~~~~~~~~~~~~~~~~~~~~~~~~~~~~~[0m
[7m93[0m           ilike(projectAnnouncements.body, `%${term}%`),
[7m  [0m [91m~~~~~~~~~~~~~~~~~~~~~~~~~~~~~~~~~~~~~~~~~~~~~~~~~~~~~~~~[0m
[7m94[0m         ),
[7m  [0m [91m~~~~~~~~~[0m

[[90m2:58:20 pm[0m] Found 1 error. Watching for file changes.

[2J[3J[H[[90m2:58:24 pm[0m] File change detected. Starting incremental compilation...

[96msrc/project-announcements/project-announcements.service.ts[0m:[93m91[0m:[93m9[0m - [91merror[0m[90m TS2345: [0mArgument of type 'SQLWrapper | undefined' is not assignable to parameter of type 'SQL<unknown>'.
  Type 'undefined' is not assignable to type 'SQL<unknown>'.

[7m91[0m         or(
[7m  [0m [91m        ~~~[0m
[7m92[0m           ilike(projectAnnouncements.title, `%${term}%`),
[7m  [0m [91m~~~~~~~~~~~~~~~~~~~~~~~~~~~~~~~~~~~~~~~~~~~~~~~~~~~~~~~~~[0m
[7m93[0m           ilike(projectAnnouncements.body, `%${term}%`),
[7m  [0m [91m~~~~~~~~~~~~~~~~~~~~~~~~~~~~~~~~~~~~~~~~~~~~~~~~~~~~~~~~[0m
[7m94[0m         ) as Parameters<typeof and>[0],
[7m  [0m [91m~~~~~~~~~~~~~~~~~~~~~~~~~~~~~~~~~~~~~~[0m

[[90m2:58:25 pm[0m] Found 1 error. Watching for file changes.

[32m[Nest] 45788  - [39m03/08/2026, 2:58:52 pm [32m    LOG[39m [38;5;3m[StreamService] [39m[32mStream user synced: user_3HE0SV8kvYSMEx8ggz3MMpOGMYX[39m
[32m[Nest] 45788  - [39m03/08/2026, 2:58:52 pm [32m    LOG[39m [38;5;3m[StreamService] [39m[32mStream user synced: user_3HE0SV8kvYSMEx8ggz3MMpOGMYX[39m
[2J[3J[H[[90m2:59:12 pm[0m] File change detected. Starting incremental compilation...

[96msrc/project-announcements/project-announcements.service.ts[0m:[93m87[0m:[93m23[0m - [91merror[0m[90m TS2304: [0mCannot find name 'SQLWrapper'.

[7m87[0m     const conditions: SQLWrapper[] = [eq(projectAnnouncements.projectId, projectId)];
[7m  [0m [91m                      ~~~~~~~~~~[0m

[[90m2:59:13 pm[0m] Found 1 error. Watching for file changes.

[2J[3J[H[[90m2:59:18 pm[0m] File change detected. Starting incremental compilation...

[[90m2:59:21 pm[0m] Found 0 errors. Watching for file changes.

[32m[Nest] 49060  - [39m03/08/2026, 2:59:42 pm [32m    LOG[39m [38;5;3m[NestFactory] [39m[32mStarting Nest application...[39m
[32m[Nest] 49060  - [39m03/08/2026, 2:59:42 pm [32m    LOG[39m [38;5;3m[InstanceLoader] [39m[32mAppModule dependencies initialized[39m[38;5;3m +90ms[39m
[32m[Nest] 49060  - [39m03/08/2026, 2:59:42 pm [32m    LOG[39m [38;5;3m[InstanceLoader] [39m[32mConfigModule dependencies initialized[39m[38;5;3m +0ms[39m
[32m[Nest] 49060  - [39m03/08/2026, 2:59:42 pm [32m    LOG[39m [38;5;3m[InstanceLoader] [39m[32mConfigHostModule dependencies initialized[39m[38;5;3m +1ms[39m
[32m[Nest] 49060  - [39m03/08/2026, 2:59:42 pm [32m    LOG[39m [38;5;3m[InstanceLoader] [39m[32mHealthModule dependencies initialized[39m[38;5;3m +124ms[39m
[32m[Nest] 49060  - [39m03/08/2026, 2:59:42 pm [32m    LOG[39m [38;5;3m[InstanceLoader] [39m[32mConfigModule dependencies initialized[39m[38;5;3m +0ms[39m
[32m[Nest] 49060  - [39m03/08/2026, 2:59:42 pm [32m    LOG[39m [38;5;3m[InstanceLoader] [39m[32mStreamModule dependencies initialized[39m[38;5;3m +0ms[39m
[32m[Nest] 49060  - [39m03/08/2026, 2:59:42 pm [32m    LOG[39m [38;5;3m[DrizzleProvider] [39m[32mPostgreSQL connection established successfully.[39m
[32m[Nest] 49060  - [39m03/08/2026, 2:59:42 pm [32m    LOG[39m [38;5;3m[InstanceLoader] [39m[32mDatabaseModule dependencies initialized[39m[38;5;3m +2ms[39m
[32m[Nest] 49060  - [39m03/08/2026, 2:59:42 pm [32m    LOG[39m [38;5;3m[InstanceLoader] [39m[32mUsersModule dependencies initialized[39m[38;5;3m +1ms[39m
[32m[Nest] 49060  - [39m03/08/2026, 2:59:42 pm [32m    LOG[39m [38;5;3m[InstanceLoader] [39m[32mNotificationsModule dependencies initialized[39m[38;5;3m +0ms[39m
[32m[Nest] 49060  - [39m03/08/2026, 2:59:42 pm [32m    LOG[39m [38;5;3m[InstanceLoader] [39m[32mDepartmentsModule dependencies initialized[39m[38;5;3m +2ms[39m
[32m[Nest] 49060  - [39m03/08/2026, 2:59:42 pm [32m    LOG[39m [38;5;3m[InstanceLoader] [39m[32mTasksModule dependencies initialized[39m[38;5;3m +0ms[39m
[32m[Nest] 49060  - [39m03/08/2026, 2:59:42 pm [32m    LOG[39m [38;5;3m[InstanceLoader] [39m[32mMeetingsModule dependencies initialized[39m[38;5;3m +0ms[39m
[32m[Nest] 49060  - [39m03/08/2026, 2:59:42 pm [32m    LOG[39m [38;5;3m[InstanceLoader] [39m[32mChannelsModule dependencies initialized[39m[38;5;3m +1ms[39m
[32m[Nest] 49060  - [39m03/08/2026, 2:59:42 pm [32m    LOG[39m [38;5;3m[InstanceLoader] [39m[32mProjectDocumentsModule dependencies initialized[39m[38;5;3m +0ms[39m
[32m[Nest] 49060  - [39m03/08/2026, 2:59:42 pm [32m    LOG[39m [38;5;3m[InstanceLoader] [39m[32mProjectsModule dependencies initialized[39m[38;5;3m +0ms[39m
[32m[Nest] 49060  - [39m03/08/2026, 2:59:42 pm [32m    LOG[39m [38;5;3m[InstanceLoader] [39m[32mProjectAnnouncementsModule dependencies initialized[39m[38;5;3m +0ms[39m
[32m[Nest] 49060  - [39m03/08/2026, 2:59:42 pm [32m    LOG[39m [38;5;3m[InstanceLoader] [39m[32mProjectMilestonesModule dependencies initialized[39m[38;5;3m +0ms[39m
[32m[Nest] 49060  - [39m03/08/2026, 2:59:42 pm [32m    LOG[39m [38;5;3m[InstanceLoader] [39m[32mAiSummaryModule dependencies initialized[39m[38;5;3m +1ms[39m
[32m[Nest] 49060  - [39m03/08/2026, 2:59:42 pm [32m    LOG[39m [38;5;3m[InstanceLoader] [39m[32mClerkModule dependencies initialized[39m[38;5;3m +3ms[39m
[32m[Nest] 49060  - [39m03/08/2026, 2:59:42 pm [32m    LOG[39m [38;5;3m[RoutesResolver] [39m[32mHealthController {/health}:[39m[38;5;3m +12ms[39m
[32m[Nest] 49060  - [39m03/08/2026, 2:59:42 pm [32m    LOG[39m [38;5;3m[RouterExplorer] [39m[32mMapped {/health, GET} route[39m[38;5;3m +5ms[39m
[32m[Nest] 49060  - [39m03/08/2026, 2:59:42 pm [32m    LOG[39m [38;5;3m[RoutesResolver] [39m[32mClerkTestController {/clerk-test}:[39m[38;5;3m +0ms[39m
[32m[Nest] 49060  - [39m03/08/2026, 2:59:42 pm [32m    LOG[39m [38;5;3m[RouterExplorer] [39m[32mMapped {/clerk-test/me, GET} route[39m[38;5;3m +1ms[39m
[32m[Nest] 49060  - [39m03/08/2026, 2:59:42 pm [32m    LOG[39m [38;5;3m[RoutesResolver] [39m[32mStreamController {/stream}:[39m[38;5;3m +1ms[39m
[32m[Nest] 49060  - [39m03/08/2026, 2:59:42 pm [32m    LOG[39m [38;5;3m[RouterExplorer] [39m[32mMapped {/stream/token, GET} route[39m[38;5;3m +1ms[39m
[32m[Nest] 49060  - [39m03/08/2026, 2:59:42 pm [32m    LOG[39m [38;5;3m[RoutesResolver] [39m[32mUsersController {/users}:[39m[38;5;3m +0ms[39m
[32m[Nest] 49060  - [39m03/08/2026, 2:59:42 pm [32m    LOG[39m [38;5;3m[RouterExplorer] [39m[32mMapped {/users/me, GET} route[39m[38;5;3m +1ms[39m
[32m[Nest] 49060  - [39m03/08/2026, 2:59:42 pm [32m    LOG[39m [38;5;3m[RouterExplorer] [39m[32mMapped {/users, GET} route[39m[38;5;3m +0ms[39m
[32m[Nest] 49060  - [39m03/08/2026, 2:59:42 pm [32m    LOG[39m [38;5;3m[RouterExplorer] [39m[32mMapped {/users/:clerkId/role, PATCH} route[39m[38;5;3m +2ms[39m
[32m[Nest] 49060  - [39m03/08/2026, 2:59:42 pm [32m    LOG[39m [38;5;3m[RoutesResolver] [39m[32mChatController {/chat}:[39m[38;5;3m +0ms[39m
[32m[Nest] 49060  - [39m03/08/2026, 2:59:42 pm [32m    LOG[39m [38;5;3m[RouterExplorer] [39m[32mMapped {/chat/token, GET} route[39m[38;5;3m +1ms[39m
[32m[Nest] 49060  - [39m03/08/2026, 2:59:42 pm [32m    LOG[39m [38;5;3m[RouterExplorer] [39m[32mMapped {/chat/direct, POST} route[39m[38;5;3m +0ms[39m
[32m[Nest] 49060  - [39m03/08/2026, 2:59:42 pm [32m    LOG[39m [38;5;3m[RouterExplorer] [39m[32mMapped {/chat/group, POST} route[39m[38;5;3m +1ms[39m
[32m[Nest] 49060  - [39m03/08/2026, 2:59:42 pm [32m    LOG[39m [38;5;3m[RouterExplorer] [39m[32mMapped {/chat/groups/:channelId, GET} route[39m[38;5;3m +0ms[39m
[32m[Nest] 49060  - [39m03/08/2026, 2:59:42 pm [32m    LOG[39m [38;5;3m[RouterExplorer] [39m[32mMapped {/chat/groups/:channelId, PATCH} route[39m[38;5;3m +0ms[39m
[32m[Nest] 49060  - [39m03/08/2026, 2:59:42 pm [32m    LOG[39m [38;5;3m[RouterExplorer] [39m[32mMapped {/chat/groups/:channelId/avatar, PUT} route[39m[38;5;3m +1ms[39m
[32m[Nest] 49060  - [39m03/08/2026, 2:59:42 pm [32m    LOG[39m [38;5;3m[RouterExplorer] [39m[32mMapped {/chat/groups/:channelId/avatar, DELETE} route[39m[38;5;3m +0ms[39m
[32m[Nest] 49060  - [39m03/08/2026, 2:59:42 pm [32m    LOG[39m [38;5;3m[RouterExplorer] [39m[32mMapped {/chat/groups/:channelId/members/:memberId, POST} route[39m[38;5;3m +1ms[39m
[32m[Nest] 49060  - [39m03/08/2026, 2:59:42 pm [32m    LOG[39m [38;5;3m[RouterExplorer] [39m[32mMapped {/chat/groups/:channelId/members/:memberId, DELETE} route[39m[38;5;3m +0ms[39m
[32m[Nest] 49060  - [39m03/08/2026, 2:59:42 pm [32m    LOG[39m [38;5;3m[RouterExplorer] [39m[32mMapped {/chat/groups/:channelId/leave, POST} route[39m[38;5;3m +0ms[39m
[32m[Nest] 49060  - [39m03/08/2026, 2:59:42 pm [32m    LOG[39m [38;5;3m[RouterExplorer] [39m[32mMapped {/chat/groups/:channelId/moderators/:memberId, POST} route[39m[38;5;3m +1ms[39m
[32m[Nest] 49060  - [39m03/08/2026, 2:59:42 pm [32m    LOG[39m [38;5;3m[RouterExplorer] [39m[32mMapped {/chat/groups/:channelId/moderators/:memberId, DELETE} route[39m[38;5;3m +0ms[39m
[32m[Nest] 49060  - [39m03/08/2026, 2:59:42 pm [32m    LOG[39m [38;5;3m[RoutesResolver] [39m[32mTasksController {/tasks}:[39m[38;5;3m +0ms[39m
[32m[Nest] 49060  - [39m03/08/2026, 2:59:42 pm [32m    LOG[39m [38;5;3m[RouterExplorer] [39m[32mMapped {/tasks, POST} route[39m[38;5;3m +0ms[39m
[32m[Nest] 49060  - [39m03/08/2026, 2:59:42 pm [32m    LOG[39m [38;5;3m[RouterExplorer] [39m[32mMapped {/tasks, GET} route[39m[38;5;3m +1ms[39m
[32m[Nest] 49060  - [39m03/08/2026, 2:59:42 pm [32m    LOG[39m [38;5;3m[RouterExplorer] [39m[32mMapped {/tasks/:id, GET} route[39m[38;5;3m +0ms[39m
[32m[Nest] 49060  - [39m03/08/2026, 2:59:42 pm [32m    LOG[39m [38;5;3m[RouterExplorer] [39m[32mMapped {/tasks/:id, PATCH} route[39m[38;5;3m +0ms[39m
[32m[Nest] 49060  - [39m03/08/2026, 2:59:42 pm [32m    LOG[39m [38;5;3m[RouterExplorer] [39m[32mMapped {/tasks/:id/status, PATCH} route[39m[38;5;3m +0ms[39m
[32m[Nest] 49060  - [39m03/08/2026, 2:59:42 pm [32m    LOG[39m [38;5;3m[RouterExplorer] [39m[32mMapped {/tasks/:id, DELETE} route[39m[38;5;3m +1ms[39m
[32m[Nest] 49060  - [39m03/08/2026, 2:59:42 pm [32m    LOG[39m [38;5;3m[RoutesResolver] [39m[32mMeetingsController {/meetings}:[39m[38;5;3m +0ms[39m
[32m[Nest] 49060  - [39m03/08/2026, 2:59:42 pm [32m    LOG[39m [38;5;3m[RouterExplorer] [39m[32mMapped {/meetings, POST} route[39m[38;5;3m +0ms[39m
[32m[Nest] 49060  - [39m03/08/2026, 2:59:42 pm [32m    LOG[39m [38;5;3m[RouterExplorer] [39m[32mMapped {/meetings, GET} route[39m[38;5;3m +0ms[39m
[32m[Nest] 49060  - [39m03/08/2026, 2:59:42 pm [32m    LOG[39m [38;5;3m[RouterExplorer] [39m[32mMapped {/meetings/:id, GET} route[39m[38;5;3m +1ms[39m
[32m[Nest] 49060  - [39m03/08/2026, 2:59:42 pm [32m    LOG[39m [38;5;3m[RouterExplorer] [39m[32mMapped {/meetings/:id, PATCH} route[39m[38;5;3m +0ms[39m
[32m[Nest] 49060  - [39m03/08/2026, 2:59:42 pm [32m    LOG[39m [38;5;3m[RouterExplorer] [39m[32mMapped {/meetings/:id, DELETE} route[39m[38;5;3m +0ms[39m
[32m[Nest] 49060  - [39m03/08/2026, 2:59:42 pm [32m    LOG[39m [38;5;3m[RouterExplorer] [39m[32mMapped {/meetings/:id/join, POST} route[39m[38;5;3m +1ms[39m
[32m[Nest] 49060  - [39m03/08/2026, 2:59:42 pm [32m    LOG[39m [38;5;3m[RouterExplorer] [39m[32mMapped {/meetings/:id/leave, POST} route[39m[38;5;3m +0ms[39m
[32m[Nest] 49060  - [39m03/08/2026, 2:59:42 pm [32m    LOG[39m [38;5;3m[RoutesResolver] [39m[32mDepartmentsController {/departments}:[39m[38;5;3m +0ms[39m
[32m[Nest] 49060  - [39m03/08/2026, 2:59:42 pm [32m    LOG[39m [38;5;3m[RouterExplorer] [39m[32mMapped {/departments, POST} route[39m[38;5;3m +0ms[39m
[32m[Nest] 49060  - [39m03/08/2026, 2:59:42 pm [32m    LOG[39m [38;5;3m[RouterExplorer] [39m[32mMapped {/departments/mine, GET} route[39m[38;5;3m +1ms[39m
[32m[Nest] 49060  - [39m03/08/2026, 2:59:42 pm [32m    LOG[39m [38;5;3m[RouterExplorer] [39m[32mMapped {/departments/:id, GET} route[39m[38;5;3m +0ms[39m
[32m[Nest] 49060  - [39m03/08/2026, 2:59:42 pm [32m    LOG[39m [38;5;3m[RouterExplorer] [39m[32mMapped {/departments/:id, PATCH} route[39m[38;5;3m +0ms[39m
[32m[Nest] 49060  - [39m03/08/2026, 2:59:42 pm [32m    LOG[39m [38;5;3m[RouterExplorer] [39m[32mMapped {/departments/:id, DELETE} route[39m[38;5;3m +0ms[39m
[32m[Nest] 49060  - [39m03/08/2026, 2:59:42 pm [32m    LOG[39m [38;5;3m[RouterExplorer] [39m[32mMapped {/departments/:id/members/:memberId, POST} route[39m[38;5;3m +0ms[39m
[32m[Nest] 49060  - [39m03/08/2026, 2:59:42 pm [32m    LOG[39m [38;5;3m[RouterExplorer] [39m[32mMapped {/departments/:id/members/:memberId, DELETE} route[39m[38;5;3m +1ms[39m
[32m[Nest] 49060  - [39m03/08/2026, 2:59:42 pm [32m    LOG[39m [38;5;3m[RoutesResolver] [39m[32mChannelsController {/channels}:[39m[38;5;3m +0ms[39m
[32m[Nest] 49060  - [39m03/08/2026, 2:59:42 pm [32m    LOG[39m [38;5;3m[RouterExplorer] [39m[32mMapped {/channels, POST} route[39m[38;5;3m +0ms[39m
[32m[Nest] 49060  - [39m03/08/2026, 2:59:42 pm [32m    LOG[39m [38;5;3m[RouterExplorer] [39m[32mMapped {/channels, GET} route[39m[38;5;3m +0ms[39m
[32m[Nest] 49060  - [39m03/08/2026, 2:59:42 pm [32m    LOG[39m [38;5;3m[RouterExplorer] [39m[32mMapped {/channels/:id, GET} route[39m[38;5;3m +1ms[39m
[32m[Nest] 49060  - [39m03/08/2026, 2:59:42 pm [32m    LOG[39m [38;5;3m[RouterExplorer] [39m[32mMapped {/channels/:id, PATCH} route[39m[38;5;3m +0ms[39m
[32m[Nest] 49060  - [39m03/08/2026, 2:59:42 pm [32m    LOG[39m [38;5;3m[RouterExplorer] [39m[32mMapped {/channels/:id, DELETE} route[39m[38;5;3m +0ms[39m
[32m[Nest] 49060  - [39m03/08/2026, 2:59:42 pm [32m    LOG[39m [38;5;3m[RouterExplorer] [39m[32mMapped {/channels/:id/join, POST} route[39m[38;5;3m +0ms[39m
[32m[Nest] 49060  - [39m03/08/2026, 2:59:42 pm [32m    LOG[39m [38;5;3m[RouterExplorer] [39m[32mMapped {/channels/:id/leave, POST} route[39m[38;5;3m +1ms[39m
[32m[Nest] 49060  - [39m03/08/2026, 2:59:42 pm [32m    LOG[39m [38;5;3m[RouterExplorer] [39m[32mMapped {/channels/:id/members, GET} route[39m[38;5;3m +0ms[39m
[32m[Nest] 49060  - [39m03/08/2026, 2:59:42 pm [32m    LOG[39m [38;5;3m[RouterExplorer] [39m[32mMapped {/channels/:id/members/:memberId, POST} route[39m[38;5;3m +0ms[39m
[32m[Nest] 49060  - [39m03/08/2026, 2:59:42 pm [32m    LOG[39m [38;5;3m[RouterExplorer] [39m[32mMapped {/channels/:id/members/:memberId, DELETE} route[39m[38;5;3m +1ms[39m
[32m[Nest] 49060  - [39m03/08/2026, 2:59:42 pm [32m    LOG[39m [38;5;3m[RoutesResolver] [39m[32mNotificationsController {/notifications}:[39m[38;5;3m +0ms[39m
[32m[Nest] 49060  - [39m03/08/2026, 2:59:42 pm [32m    LOG[39m [38;5;3m[RouterExplorer] [39m[32mMapped {/notifications, GET} route[39m[38;5;3m +1ms[39m
[32m[Nest] 49060  - [39m03/08/2026, 2:59:42 pm [32m    LOG[39m [38;5;3m[RouterExplorer] [39m[32mMapped {/notifications/unread-count, GET} route[39m[38;5;3m +0ms[39m
[32m[Nest] 49060  - [39m03/08/2026, 2:59:42 pm [32m    LOG[39m [38;5;3m[RouterExplorer] [39m[32mMapped {/notifications/:id/read, PATCH} route[39m[38;5;3m +1ms[39m
[32m[Nest] 49060  - [39m03/08/2026, 2:59:42 pm [32m    LOG[39m [38;5;3m[RouterExplorer] [39m[32mMapped {/notifications/read-all, PATCH} route[39m[38;5;3m +0ms[39m
[32m[Nest] 49060  - [39m03/08/2026, 2:59:42 pm [32m    LOG[39m [38;5;3m[RouterExplorer] [39m[32mMapped {/notifications/self, POST} route[39m[38;5;3m +0ms[39m
[32m[Nest] 49060  - [39m03/08/2026, 2:59:42 pm [32m    LOG[39m [38;5;3m[RoutesResolver] [39m[32mProjectsController {/projects}:[39m[38;5;3m +0ms[39m
[32m[Nest] 49060  - [39m03/08/2026, 2:59:42 pm [32m    LOG[39m [38;5;3m[RouterExplorer] [39m[32mMapped {/projects, POST} route[39m[38;5;3m +1ms[39m
[32m[Nest] 49060  - [39m03/08/2026, 2:59:42 pm [32m    LOG[39m [38;5;3m[RouterExplorer] [39m[32mMapped {/projects, GET} route[39m[38;5;3m +0ms[39m
[32m[Nest] 49060  - [39m03/08/2026, 2:59:42 pm [32m    LOG[39m [38;5;3m[RouterExplorer] [39m[32mMapped {/projects/:id, GET} route[39m[38;5;3m +0ms[39m
[32m[Nest] 49060  - [39m03/08/2026, 2:59:42 pm [32m    LOG[39m [38;5;3m[RouterExplorer] [39m[32mMapped {/projects/:id, PATCH} route[39m[38;5;3m +0ms[39m
[32m[Nest] 49060  - [39m03/08/2026, 2:59:42 pm [32m    LOG[39m [38;5;3m[RouterExplorer] [39m[32mMapped {/projects/:id, DELETE} route[39m[38;5;3m +1ms[39m
[32m[Nest] 49060  - [39m03/08/2026, 2:59:42 pm [32m    LOG[39m [38;5;3m[RouterExplorer] [39m[32mMapped {/projects/:id/members, GET} route[39m[38;5;3m +0ms[39m
[32m[Nest] 49060  - [39m03/08/2026, 2:59:42 pm [32m    LOG[39m [38;5;3m[RouterExplorer] [39m[32mMapped {/projects/:id/members, POST} route[39m[38;5;3m +0ms[39m
[32m[Nest] 49060  - [39m03/08/2026, 2:59:42 pm [32m    LOG[39m [38;5;3m[RouterExplorer] [39m[32mMapped {/projects/:id/members/:memberId, PATCH} route[39m[38;5;3m +0ms[39m
[32m[Nest] 49060  - [39m03/08/2026, 2:59:42 pm [32m    LOG[39m [38;5;3m[RouterExplorer] [39m[32mMapped {/projects/:id/members/:memberId, DELETE} route[39m[38;5;3m +1ms[39m
[32m[Nest] 49060  - [39m03/08/2026, 2:59:42 pm [32m    LOG[39m [38;5;3m[RoutesResolver] [39m[32mProjectAnnouncementsController {/projects/:projectId/announcements}:[39m[38;5;3m +0ms[39m
[32m[Nest] 49060  - [39m03/08/2026, 2:59:42 pm [32m    LOG[39m [38;5;3m[RouterExplorer] [39m[32mMapped {/projects/:projectId/announcements, GET} route[39m[38;5;3m +0ms[39m
[32m[Nest] 49060  - [39m03/08/2026, 2:59:42 pm [32m    LOG[39m [38;5;3m[RouterExplorer] [39m[32mMapped {/projects/:projectId/announcements, POST} route[39m[38;5;3m +1ms[39m
[32m[Nest] 49060  - [39m03/08/2026, 2:59:42 pm [32m    LOG[39m [38;5;3m[RouterExplorer] [39m[32mMapped {/projects/:projectId/announcements/:id, PATCH} route[39m[38;5;3m +0ms[39m
[32m[Nest] 49060  - [39m03/08/2026, 2:59:42 pm [32m    LOG[39m [38;5;3m[RouterExplorer] [39m[32mMapped {/projects/:projectId/announcements/:id/pin, PATCH} route[39m[38;5;3m +0ms[39m
[32m[Nest] 49060  - [39m03/08/2026, 2:59:42 pm [32m    LOG[39m [38;5;3m[RouterExplorer] [39m[32mMapped {/projects/:projectId/announcements/:id, DELETE} route[39m[38;5;3m +0ms[39m
[32m[Nest] 49060  - [39m03/08/2026, 2:59:42 pm [32m    LOG[39m [38;5;3m[RouterExplorer] [39m[32mMapped {/projects/:projectId/announcements/:id/reactions, POST} route[39m[38;5;3m +1ms[39m
[32m[Nest] 49060  - [39m03/08/2026, 2:59:42 pm [32m    LOG[39m [38;5;3m[RouterExplorer] [39m[32mMapped {/projects/:projectId/announcements/:id/reactions/:emoji, DELETE} route[39m[38;5;3m +0ms[39m
[32m[Nest] 49060  - [39m03/08/2026, 2:59:42 pm [32m    LOG[39m [38;5;3m[RoutesResolver] [39m[32mProjectDocumentsController {/projects/:projectId/documents}:[39m[38;5;3m +0ms[39m
[32m[Nest] 49060  - [39m03/08/2026, 2:59:42 pm [32m    LOG[39m [38;5;3m[RouterExplorer] [39m[32mMapped {/projects/:projectId/documents, POST} route[39m[38;5;3m +1ms[39m
[32m[Nest] 49060  - [39m03/08/2026, 2:59:42 pm [32m    LOG[39m [38;5;3m[RouterExplorer] [39m[32mMapped {/projects/:projectId/documents, GET} route[39m[38;5;3m +0ms[39m
[32m[Nest] 49060  - [39m03/08/2026, 2:59:42 pm [32m    LOG[39m [38;5;3m[RouterExplorer] [39m[32mMapped {/projects/:projectId/documents/:id/download, GET} route[39m[38;5;3m +0ms[39m
[32m[Nest] 49060  - [39m03/08/2026, 2:59:42 pm [32m    LOG[39m [38;5;3m[RouterExplorer] [39m[32mMapped {/projects/:projectId/documents/:id/preview, GET} route[39m[38;5;3m +1ms[39m
[32m[Nest] 49060  - [39m03/08/2026, 2:59:42 pm [32m    LOG[39m [38;5;3m[RouterExplorer] [39m[32mMapped {/projects/:projectId/documents/:id, DELETE} route[39m[38;5;3m +0ms[39m
[32m[Nest] 49060  - [39m03/08/2026, 2:59:42 pm [32m    LOG[39m [38;5;3m[RoutesResolver] [39m[32mProjectMilestonesController {/projects/:projectId/milestones}:[39m[38;5;3m +0ms[39m
[32m[Nest] 49060  - [39m03/08/2026, 2:59:42 pm [32m    LOG[39m [38;5;3m[RouterExplorer] [39m[32mMapped {/projects/:projectId/milestones, GET} route[39m[38;5;3m +0ms[39m
[32m[Nest] 49060  - [39m03/08/2026, 2:59:42 pm [32m    LOG[39m [38;5;3m[RouterExplorer] [39m[32mMapped {/projects/:projectId/milestones, POST} route[39m[38;5;3m +1ms[39m
[32m[Nest] 49060  - [39m03/08/2026, 2:59:42 pm [32m    LOG[39m [38;5;3m[RouterExplorer] [39m[32mMapped {/projects/:projectId/milestones/:id, PATCH} route[39m[38;5;3m +0ms[39m
[32m[Nest] 49060  - [39m03/08/2026, 2:59:42 pm [32m    LOG[39m [38;5;3m[RouterExplorer] [39m[32mMapped {/projects/:projectId/milestones/:id/status, PATCH} route[39m[38;5;3m +0ms[39m
[32m[Nest] 49060  - [39m03/08/2026, 2:59:42 pm [32m    LOG[39m [38;5;3m[RouterExplorer] [39m[32mMapped {/projects/:projectId/milestones/:id/progress, PATCH} route[39m[38;5;3m +0ms[39m
[32m[Nest] 49060  - [39m03/08/2026, 2:59:42 pm [32m    LOG[39m [38;5;3m[RouterExplorer] [39m[32mMapped {/projects/:projectId/milestones/:id, DELETE} route[39m[38;5;3m +1ms[39m
[32m[Nest] 49060  - [39m03/08/2026, 2:59:42 pm [32m    LOG[39m [38;5;3m[RoutesResolver] [39m[32mAiSummaryController {/projects/:projectId/ai-summary}:[39m[38;5;3m +0ms[39m
[32m[Nest] 49060  - [39m03/08/2026, 2:59:42 pm [32m    LOG[39m [38;5;3m[RouterExplorer] [39m[32mMapped {/projects/:projectId/ai-summary, GET} route[39m[38;5;3m +0ms[39m
[32m[Nest] 49060  - [39m03/08/2026, 2:59:43 pm [32m    LOG[39m [38;5;3m[StreamService] [39m[32mStream Chat server client initialized.[39m
Attention: Clerk collects telemetry data from its SDKs when connected to development instances.
The data collected is used to inform Clerk's product roadmap.
To learn more, including how to opt-out from the telemetry program, visit: https://clerk.com/docs/telemetry.

[32m[Nest] 49060  - [39m03/08/2026, 2:59:43 pm [32m    LOG[39m [38;5;3m[NestApplication] [39m[32mNest application successfully started[39m[38;5;3m +623ms[39m
🚀 Application is running on: http://localhost:3001
[32m[Nest] 49060  - [39m03/08/2026, 3:00:14 pm [32m    LOG[39m [38;5;3m[StreamService] [39m[32mStream user synced: user_3HE0SV8kvYSMEx8ggz3MMpOGMYX[39m
[32m[Nest] 49060  - [39m03/08/2026, 3:00:14 pm [32m    LOG[39m [38;5;3m[StreamService] [39m[32mStream user synced: user_3HE0SV8kvYSMEx8ggz3MMpOGMYX[39m
[95m[Nest] 49060  - [39m03/08/2026, 3:01:21 pm [95m  DEBUG[39m [38;5;3m[ClerkAuthGuard] [39m[95m{
  "status": "signed-out",
  "reason": "dev-browser-missing",
  "message": "",
  "proxyUrl": "",
  "publishableKey": "pk_test_c3VwcmVtZS1raXRlLTI0LmNsZXJrLmFjY291bnRzLmRldiQ",
  "isSatellite": false,
  "domain": "",
  "signInUrl": "",
  "signUpUrl": "",
  "afterSignInUrl": "",
  "afterSignUpUrl": "",
  "isSignedIn": false,
  "isAuthenticated": false,
  "tokenType": "session_token",
  "headers": {},
  "token": null
}[39m
[32m[Nest] 49060  - [39m03/08/2026, 3:09:11 pm [32m    LOG[39m [38;5;3m[StreamService] [39m[32mStream user synced: user_3HE0SV8kvYSMEx8ggz3MMpOGMYX[39m
[32m[Nest] 49060  - [39m03/08/2026, 3:09:11 pm [32m    LOG[39m [38;5;3m[StreamService] [39m[32mStream user synced: user_3HE0SV8kvYSMEx8ggz3MMpOGMYX[39m
[32m[Nest] 49060  - [39m03/08/2026, 3:09:11 pm [32m    LOG[39m [38;5;3m[StreamService] [39m[32mStream user synced: user_3HE0SV8kvYSMEx8ggz3MMpOGMYX[39m
[32m[Nest] 49060  - [39m03/08/2026, 3:09:11 pm [32m    LOG[39m [38;5;3m[StreamService] [39m[32mStream user synced: user_3HE0SV8kvYSMEx8ggz3MMpOGMYX[39m
[32m[Nest] 49060  - [39m03/08/2026, 3:09:12 pm [32m    LOG[39m [38;5;3m[StreamService] [39m[32mStream user synced: user_3HE0SV8kvYSMEx8ggz3MMpOGMYX[39m
[32m[Nest] 49060  - [39m03/08/2026, 3:09:13 pm [32m    LOG[39m [38;5;3m[StreamService] [39m[32mStream user synced: user_3HE0SV8kvYSMEx8ggz3MMpOGMYX[39m
[32m[Nest] 49060  - [39m03/08/2026, 3:09:21 pm [32m    LOG[39m [38;5;3m[StreamService] [39m[32mStream user synced: user_3HE0SV8kvYSMEx8ggz3MMpOGMYX[39m
[32m[Nest] 49060  - [39m03/08/2026, 3:09:21 pm [32m    LOG[39m [38;5;3m[StreamService] [39m[32mStream user synced: user_3HE0SV8kvYSMEx8ggz3MMpOGMYX[39m
[32m[Nest] 49060  - [39m03/08/2026, 3:09:31 pm [32m    LOG[39m [38;5;3m[StreamService] [39m[32mStream user synced: user_3HE0SV8kvYSMEx8ggz3MMpOGMYX[39m
[32m[Nest] 49060  - [39m03/08/2026, 3:09:32 pm [32m    LOG[39m [38;5;3m[StreamService] [39m[32mStream user synced: user_3HE0SV8kvYSMEx8ggz3MMpOGMYX[39m
[32m[Nest] 49060  - [39m03/08/2026, 3:09:43 pm [32m    LOG[39m [38;5;3m[StreamService] [39m[32mStream user synced: user_3HE0SV8kvYSMEx8ggz3MMpOGMYX[39m
[32m[Nest] 49060  - [39m03/08/2026, 3:09:43 pm [32m    LOG[39m [38;5;3m[StreamService] [39m[32mStream user synced: user_3HE0SV8kvYSMEx8ggz3MMpOGMYX[39m
[32m[Nest] 49060  - [39m03/08/2026, 3:09:51 pm [32m    LOG[39m [38;5;3m[StreamService] [39m[32mStream user synced: user_3HE0SV8kvYSMEx8ggz3MMpOGMYX[39m
[32m[Nest] 49060  - [39m03/08/2026, 3:09:51 pm [32m    LOG[39m [38;5;3m[StreamService] [39m[32mStream user synced: user_3HE0SV8kvYSMEx8ggz3MMpOGMYX[39m
[32m[Nest] 49060  - [39m03/08/2026, 3:10:00 pm [32m    LOG[39m [38;5;3m[StreamService] [39m[32mStream user synced: user_3HE0SV8kvYSMEx8ggz3MMpOGMYX[39m
[32m[Nest] 49060  - [39m03/08/2026, 3:10:01 pm [32m    LOG[39m [38;5;3m[StreamService] [39m[32mStream user synced: user_3HE0SV8kvYSMEx8ggz3MMpOGMYX[39m
[32m[Nest] 49060  - [39m03/08/2026, 3:10:10 pm [32m    LOG[39m [38;5;3m[StreamService] [39m[32mStream user synced: user_3HE0SV8kvYSMEx8ggz3MMpOGMYX[39m
[32m[Nest] 49060  - [39m03/08/2026, 3:10:10 pm [32m    LOG[39m [38;5;3m[StreamService] [39m[32mStream user synced: user_3HE0SV8kvYSMEx8ggz3MMpOGMYX[39m
[32m[Nest] 49060  - [39m03/08/2026, 3:10:20 pm [32m    LOG[39m [38;5;3m[StreamService] [39m[32mStream user synced: user_3HE0SV8kvYSMEx8ggz3MMpOGMYX[39m
[32m[Nest] 49060  - [39m03/08/2026, 3:10:20 pm [32m    LOG[39m [38;5;3m[StreamService] [39m[32mStream user synced: user_3HE0SV8kvYSMEx8ggz3MMpOGMYX[39m
[32m[Nest] 49060  - [39m03/08/2026, 3:10:31 pm [32m    LOG[39m [38;5;3m[StreamService] [39m[32mStream user synced: user_3HE0SV8kvYSMEx8ggz3MMpOGMYX[39m
[32m[Nest] 49060  - [39m03/08/2026, 3:10:31 pm [32m    LOG[39m [38;5;3m[StreamService] [39m[32mStream user synced: user_3HE0SV8kvYSMEx8ggz3MMpOGMYX[39m
[32m[Nest] 49060  - [39m03/08/2026, 3:10:41 pm [32m    LOG[39m [38;5;3m[StreamService] [39m[32mStream user synced: user_3HE0SV8kvYSMEx8ggz3MMpOGMYX[39m
[32m[Nest] 49060  - [39m03/08/2026, 3:10:41 pm [32m    LOG[39m [38;5;3m[StreamService] [39m[32mStream user synced: user_3HE0SV8kvYSMEx8ggz3MMpOGMYX[39m
[32m[Nest] 49060  - [39m03/08/2026, 3:10:54 pm [32m    LOG[39m [38;5;3m[StreamService] [39m[32mStream user synced: user_3HE0SV8kvYSMEx8ggz3MMpOGMYX[39m
[32m[Nest] 49060  - [39m03/08/2026, 3:10:54 pm [32m    LOG[39m [38;5;3m[StreamService] [39m[32mStream user synced: user_3HE0SV8kvYSMEx8ggz3MMpOGMYX[39m
[32m[Nest] 49060  - [39m03/08/2026, 3:11:00 pm [32m    LOG[39m [38;5;3m[StreamService] [39m[32mStream user synced: user_3HE0SV8kvYSMEx8ggz3MMpOGMYX[39m
[32m[Nest] 49060  - [39m03/08/2026, 3:11:00 pm [32m    LOG[39m [38;5;3m[StreamService] [39m[32mStream user synced: user_3HE0SV8kvYSMEx8ggz3MMpOGMYX[39m
[32m[Nest] 49060  - [39m03/08/2026, 3:11:10 pm [32m    LOG[39m [38;5;3m[StreamService] [39m[32mStream user synced: user_3HE0SV8kvYSMEx8ggz3MMpOGMYX[39m
[32m[Nest] 49060  - [39m03/08/2026, 3:11:10 pm [32m    LOG[39m [38;5;3m[StreamService] [39m[32mStream user synced: user_3HE0SV8kvYSMEx8ggz3MMpOGMYX[39m
[32m[Nest] 49060  - [39m03/08/2026, 3:11:54 pm [32m    LOG[39m [38;5;3m[StreamService] [39m[32mStream user synced: user_3HE0SV8kvYSMEx8ggz3MMpOGMYX[39m
[32m[Nest] 49060  - [39m03/08/2026, 3:11:55 pm [32m    LOG[39m [38;5;3m[StreamService] [39m[32mStream user synced: user_3HE0SV8kvYSMEx8ggz3MMpOGMYX[39m
[32m[Nest] 49060  - [39m03/08/2026, 3:12:52 pm [32m    LOG[39m [38;5;3m[StreamService] [39m[32mStream user synced: user_3HE0SV8kvYSMEx8ggz3MMpOGMYX[39m
[32m[Nest] 49060  - [39m03/08/2026, 3:12:52 pm [32m    LOG[39m [38;5;3m[StreamService] [39m[32mStream user synced: user_3HE0SV8kvYSMEx8ggz3MMpOGMYX[39m
[32m[Nest] 49060  - [39m03/08/2026, 3:13:52 pm [32m    LOG[39m [38;5;3m[StreamService] [39m[32mStream user synced: user_3HE0SV8kvYSMEx8ggz3MMpOGMYX[39m
[32m[Nest] 49060  - [39m03/08/2026, 3:13:52 pm [32m    LOG[39m [38;5;3m[StreamService] [39m[32mStream user synced: user_3HE0SV8kvYSMEx8ggz3MMpOGMYX[39m
[32m[Nest] 49060  - [39m03/08/2026, 3:14:00 pm [32m    LOG[39m [38;5;3m[StreamService] [39m[32mStream user synced: user_3HE0SV8kvYSMEx8ggz3MMpOGMYX[39m
[32m[Nest] 49060  - [39m03/08/2026, 3:14:00 pm [32m    LOG[39m [38;5;3m[StreamService] [39m[32mStream user synced: user_3HE0SV8kvYSMEx8ggz3MMpOGMYX[39m
[32m[Nest] 49060  - [39m03/08/2026, 3:14:05 pm [32m    LOG[39m [38;5;3m[StreamService] [39m[32mStream user synced: user_3HE0SV8kvYSMEx8ggz3MMpOGMYX[39m
[32m[Nest] 49060  - [39m03/08/2026, 3:14:05 pm [32m    LOG[39m [38;5;3m[StreamService] [39m[32mStream user synced: user_3HE0SV8kvYSMEx8ggz3MMpOGMYX[39m
[32m[Nest] 49060  - [39m03/08/2026, 3:14:05 pm [32m    LOG[39m [38;5;3m[StreamService] [39m[32mStream user synced: user_3HE0SV8kvYSMEx8ggz3MMpOGMYX[39m
[32m[Nest] 49060  - [39m03/08/2026, 3:14:05 pm [32m    LOG[39m [38;5;3m[StreamService] [39m[32mStream user synced: user_3HE0SV8kvYSMEx8ggz3MMpOGMYX[39m
[32m[Nest] 49060  - [39m03/08/2026, 3:14:06 pm [32m    LOG[39m [38;5;3m[StreamService] [39m[32mStream user synced: user_3HE0SV8kvYSMEx8ggz3MMpOGMYX[39m
[32m[Nest] 49060  - [39m03/08/2026, 3:14:07 pm [32m    LOG[39m [38;5;3m[StreamService] [39m[32mStream user synced: user_3HE0SV8kvYSMEx8ggz3MMpOGMYX[39m
[32m[Nest] 49060  - [39m03/08/2026, 3:14:09 pm [32m    LOG[39m [38;5;3m[StreamService] [39m[32mStream user synced: user_3HE0SV8kvYSMEx8ggz3MMpOGMYX[39m
[32m[Nest] 49060  - [39m03/08/2026, 3:14:09 pm [32m    LOG[39m [38;5;3m[StreamService] [39m[32mStream user synced: user_3HE0SV8kvYSMEx8ggz3MMpOGMYX[39m
[32m[Nest] 49060  - [39m03/08/2026, 3:14:09 pm [32m    LOG[39m [38;5;3m[StreamService] [39m[32mStream user synced: user_3HE0SV8kvYSMEx8ggz3MMpOGMYX[39m
[32m[Nest] 49060  - [39m03/08/2026, 3:14:10 pm [32m    LOG[39m [38;5;3m[StreamService] [39m[32mStream user synced: user_3HE0SV8kvYSMEx8ggz3MMpOGMYX[39m
[32m[Nest] 49060  - [39m03/08/2026, 3:14:15 pm [32m    LOG[39m [38;5;3m[StreamService] [39m[32mStream user synced: user_3HE0SV8kvYSMEx8ggz3MMpOGMYX[39m
[32m[Nest] 49060  - [39m03/08/2026, 3:14:15 pm [32m    LOG[39m [38;5;3m[StreamService] [39m[32mStream user synced: user_3HE0SV8kvYSMEx8ggz3MMpOGMYX[39m
[32m[Nest] 49060  - [39m03/08/2026, 3:14:21 pm [32m    LOG[39m [38;5;3m[StreamService] [39m[32mStream user synced: user_3HE0SV8kvYSMEx8ggz3MMpOGMYX[39m
[32m[Nest] 49060  - [39m03/08/2026, 3:14:22 pm [32m    LOG[39m [38;5;3m[StreamService] [39m[32mStream user synced: user_3HE0SV8kvYSMEx8ggz3MMpOGMYX[39m
[32m[Nest] 49060  - [39m03/08/2026, 3:14:25 pm [32m    LOG[39m [38;5;3m[StreamService] [39m[32mStream user synced: user_3HE0SV8kvYSMEx8ggz3MMpOGMYX[39m
[32m[Nest] 49060  - [39m03/08/2026, 3:14:25 pm [32m    LOG[39m [38;5;3m[StreamService] [39m[32mStream user synced: user_3HE0SV8kvYSMEx8ggz3MMpOGMYX[39m
[32m[Nest] 49060  - [39m03/08/2026, 3:14:28 pm [32m    LOG[39m [38;5;3m[StreamService] [39m[32mStream user synced: user_3HE0SV8kvYSMEx8ggz3MMpOGMYX[39m
[32m[Nest] 49060  - [39m03/08/2026, 3:14:29 pm [32m    LOG[39m [38;5;3m[StreamService] [39m[32mStream user synced: user_3HE0SV8kvYSMEx8ggz3MMpOGMYX[39m
[32m[Nest] 49060  - [39m03/08/2026, 3:14:35 pm [32m    LOG[39m [38;5;3m[StreamService] [39m[32mStream user synced: user_3HE0SV8kvYSMEx8ggz3MMpOGMYX[39m
[32m[Nest] 49060  - [39m03/08/2026, 3:14:35 pm [32m    LOG[39m [38;5;3m[StreamService] [39m[32mStream user synced: user_3HE0SV8kvYSMEx8ggz3MMpOGMYX[39m
[32m[Nest] 49060  - [39m03/08/2026, 3:14:36 pm [32m    LOG[39m [38;5;3m[StreamService] [39m[32mStream user synced: user_3HE0SV8kvYSMEx8ggz3MMpOGMYX[39m
[32m[Nest] 49060  - [39m03/08/2026, 3:14:36 pm [32m    LOG[39m [38;5;3m[StreamService] [39m[32mStream user synced: user_3HE0SV8kvYSMEx8ggz3MMpOGMYX[39m
[32m[Nest] 49060  - [39m03/08/2026, 3:14:38 pm [32m    LOG[39m [38;5;3m[StreamService] [39m[32mStream user synced: user_3HE0SV8kvYSMEx8ggz3MMpOGMYX[39m
[32m[Nest] 49060  - [39m03/08/2026, 3:14:39 pm [32m    LOG[39m [38;5;3m[StreamService] [39m[32mStream user synced: user_3HE0SV8kvYSMEx8ggz3MMpOGMYX[39m
[32m[Nest] 49060  - [39m03/08/2026, 3:14:45 pm [32m    LOG[39m [38;5;3m[StreamService] [39m[32mStream user synced: user_3HE0SV8kvYSMEx8ggz3MMpOGMYX[39m
[32m[Nest] 49060  - [39m03/08/2026, 3:14:45 pm [32m    LOG[39m [38;5;3m[StreamService] [39m[32mStream user synced: user_3HE0SV8kvYSMEx8ggz3MMpOGMYX[39m
[32m[Nest] 49060  - [39m03/08/2026, 3:14:55 pm [32m    LOG[39m [38;5;3m[StreamService] [39m[32mStream user synced: user_3HE0SV8kvYSMEx8ggz3MMpOGMYX[39m
[32m[Nest] 49060  - [39m03/08/2026, 3:14:55 pm [32m    LOG[39m [38;5;3m[StreamService] [39m[32mStream user synced: user_3HE0SV8kvYSMEx8ggz3MMpOGMYX[39m
[32m[Nest] 49060  - [39m03/08/2026, 3:15:00 pm [32m    LOG[39m [38;5;3m[StreamService] [39m[32mStream user synced: user_3HE0SV8kvYSMEx8ggz3MMpOGMYX[39m
[32m[Nest] 49060  - [39m03/08/2026, 3:15:05 pm [32m    LOG[39m [38;5;3m[StreamService] [39m[32mStream user synced: user_3HE0SV8kvYSMEx8ggz3MMpOGMYX[39m
[32m[Nest] 49060  - [39m03/08/2026, 3:15:05 pm [32m    LOG[39m [38;5;3m[StreamService] [39m[32mStream user synced: user_3HE0SV8kvYSMEx8ggz3MMpOGMYX[39m
[32m[Nest] 49060  - [39m03/08/2026, 3:15:08 pm [32m    LOG[39m [38;5;3m[StreamService] [39m[32mStream user synced: user_3HE0SV8kvYSMEx8ggz3MMpOGMYX[39m
[32m[Nest] 49060  - [39m03/08/2026, 3:15:08 pm [32m    LOG[39m [38;5;3m[StreamService] [39m[32mStream user synced: user_3HE0SV8kvYSMEx8ggz3MMpOGMYX[39m
[32m[Nest] 49060  - [39m03/08/2026, 3:15:08 pm [32m    LOG[39m [38;5;3m[StreamService] [39m[32mStream user synced: user_3HE0SV8kvYSMEx8ggz3MMpOGMYX[39m
[32m[Nest] 49060  - [39m03/08/2026, 3:15:09 pm [32m    LOG[39m [38;5;3m[StreamService] [39m[32mStream user synced: user_3HE0SV8kvYSMEx8ggz3MMpOGMYX[39m
[32m[Nest] 49060  - [39m03/08/2026, 3:15:15 pm [32m    LOG[39m [38;5;3m[StreamService] [39m[32mStream user synced: user_3HE0SV8kvYSMEx8ggz3MMpOGMYX[39m
[32m[Nest] 49060  - [39m03/08/2026, 3:15:15 pm [32m    LOG[39m [38;5;3m[StreamService] [39m[32mStream user synced: user_3HE0SV8kvYSMEx8ggz3MMpOGMYX[39m
[32m[Nest] 49060  - [39m03/08/2026, 3:15:17 pm [32m    LOG[39m [38;5;3m[StreamService] [39m[32mStream user synced: user_3HE0SV8kvYSMEx8ggz3MMpOGMYX[39m
[32m[Nest] 49060  - [39m03/08/2026, 3:15:20 pm [32m    LOG[39m [38;5;3m[StreamService] [39m[32mStream user synced: user_3HE0SV8kvYSMEx8ggz3MMpOGMYX[39m
[32m[Nest] 49060  - [39m03/08/2026, 3:15:25 pm [32m    LOG[39m [38;5;3m[StreamService] [39m[32mStream user synced: user_3HE0SV8kvYSMEx8ggz3MMpOGMYX[39m
[32m[Nest] 49060  - [39m03/08/2026, 3:15:25 pm [32m    LOG[39m [38;5;3m[StreamService] [39m[32mStream user synced: user_3HE0SV8kvYSMEx8ggz3MMpOGMYX[39m
[32m[Nest] 49060  - [39m03/08/2026, 3:15:25 pm [32m    LOG[39m [38;5;3m[StreamService] [39m[32mStream user synced: user_3HE0SV8kvYSMEx8ggz3MMpOGMYX[39m
[32m[Nest] 49060  - [39m03/08/2026, 3:15:36 pm [32m    LOG[39m [38;5;3m[StreamService] [39m[32mStream user synced: user_3HE0SV8kvYSMEx8ggz3MMpOGMYX[39m
[32m[Nest] 49060  - [39m03/08/2026, 3:15:36 pm [32m    LOG[39m [38;5;3m[StreamService] [39m[32mStream user synced: user_3HE0SV8kvYSMEx8ggz3MMpOGMYX[39m
[32m[Nest] 49060  - [39m03/08/2026, 3:15:46 pm [32m    LOG[39m [38;5;3m[StreamService] [39m[32mStream user synced: user_3HE0SV8kvYSMEx8ggz3MMpOGMYX[39m
[32m[Nest] 49060  - [39m03/08/2026, 3:15:46 pm [32m    LOG[39m [38;5;3m[StreamService] [39m[32mStream user synced: user_3HE0SV8kvYSMEx8ggz3MMpOGMYX[39m
[32m[Nest] 49060  - [39m03/08/2026, 3:15:55 pm [32m    LOG[39m [38;5;3m[StreamService] [39m[32mStream user synced: user_3HE0SV8kvYSMEx8ggz3MMpOGMYX[39m
[32m[Nest] 49060  - [39m03/08/2026, 3:15:55 pm [32m    LOG[39m [38;5;3m[StreamService] [39m[32mStream user synced: user_3HE0SV8kvYSMEx8ggz3MMpOGMYX[39m
[32m[Nest] 49060  - [39m03/08/2026, 3:16:05 pm [32m    LOG[39m [38;5;3m[StreamService] [39m[32mStream user synced: user_3HE0SV8kvYSMEx8ggz3MMpOGMYX[39m
[32m[Nest] 49060  - [39m03/08/2026, 3:16:05 pm [32m    LOG[39m [38;5;3m[StreamService] [39m[32mStream user synced: user_3HE0SV8kvYSMEx8ggz3MMpOGMYX[39m
[32m[Nest] 49060  - [39m03/08/2026, 3:16:15 pm [32m    LOG[39m [38;5;3m[StreamService] [39m[32mStream user synced: user_3HE0SV8kvYSMEx8ggz3MMpOGMYX[39m
[32m[Nest] 49060  - [39m03/08/2026, 3:16:15 pm [32m    LOG[39m [38;5;3m[StreamService] [39m[32mStream user synced: user_3HE0SV8kvYSMEx8ggz3MMpOGMYX[39m
[32m[Nest] 49060  - [39m03/08/2026, 3:16:25 pm [32m    LOG[39m [38;5;3m[StreamService] [39m[32mStream user synced: user_3HE0SV8kvYSMEx8ggz3MMpOGMYX[39m
[32m[Nest] 49060  - [39m03/08/2026, 3:16:25 pm [32m    LOG[39m [38;5;3m[StreamService] [39m[32mStream user synced: user_3HE0SV8kvYSMEx8ggz3MMpOGMYX[39m
[32m[Nest] 49060  - [39m03/08/2026, 3:16:52 pm [32m    LOG[39m [38;5;3m[StreamService] [39m[32mStream user synced: user_3HE0SV8kvYSMEx8ggz3MMpOGMYX[39m
[32m[Nest] 49060  - [39m03/08/2026, 3:16:52 pm [32m    LOG[39m [38;5;3m[StreamService] [39m[32mStream user synced: user_3HE0SV8kvYSMEx8ggz3MMpOGMYX[39m
[32m[Nest] 49060  - [39m03/08/2026, 3:17:52 pm [32m    LOG[39m [38;5;3m[StreamService] [39m[32mStream user synced: user_3HE0SV8kvYSMEx8ggz3MMpOGMYX[39m
[32m[Nest] 49060  - [39m03/08/2026, 3:17:52 pm [32m    LOG[39m [38;5;3m[StreamService] [39m[32mStream user synced: user_3HE0SV8kvYSMEx8ggz3MMpOGMYX[39m
[32m[Nest] 49060  - [39m03/08/2026, 3:18:44 pm [32m    LOG[39m [38;5;3m[StreamService] [39m[32mStream user synced: user_3HE0SV8kvYSMEx8ggz3MMpOGMYX[39m
[32m[Nest] 49060  - [39m03/08/2026, 3:18:44 pm [32m    LOG[39m [38;5;3m[StreamService] [39m[32mStream user synced: user_3HE0SV8kvYSMEx8ggz3MMpOGMYX[39m
[32m[Nest] 49060  - [39m03/08/2026, 3:18:45 pm [32m    LOG[39m [38;5;3m[StreamService] [39m[32mStream user synced: user_3HE0SV8kvYSMEx8ggz3MMpOGMYX[39m
[32m[Nest] 49060  - [39m03/08/2026, 3:18:45 pm [32m    LOG[39m [38;5;3m[StreamService] [39m[32mStream user synced: user_3HE0SV8kvYSMEx8ggz3MMpOGMYX[39m
[32m[Nest] 49060  - [39m03/08/2026, 3:18:56 pm [32m    LOG[39m [38;5;3m[StreamService] [39m[32mStream user synced: user_3HE0SV8kvYSMEx8ggz3MMpOGMYX[39m
[32m[Nest] 49060  - [39m03/08/2026, 3:18:56 pm [32m    LOG[39m [38;5;3m[StreamService] [39m[32mStream user synced: user_3HE0SV8kvYSMEx8ggz3MMpOGMYX[39m
[32m[Nest] 49060  - [39m03/08/2026, 3:19:05 pm [32m    LOG[39m [38;5;3m[StreamService] [39m[32mStream user synced: user_3HE0SV8kvYSMEx8ggz3MMpOGMYX[39m
[32m[Nest] 49060  - [39m03/08/2026, 3:19:05 pm [32m    LOG[39m [38;5;3m[StreamService] [39m[32mStream user synced: user_3HE0SV8kvYSMEx8ggz3MMpOGMYX[39m
[32m[Nest] 49060  - [39m03/08/2026, 3:19:15 pm [32m    LOG[39m [38;5;3m[StreamService] [39m[32mStream user synced: user_3HE0SV8kvYSMEx8ggz3MMpOGMYX[39m
[32m[Nest] 49060  - [39m03/08/2026, 3:19:15 pm [32m    LOG[39m [38;5;3m[StreamService] [39m[32mStream user synced: user_3HE0SV8kvYSMEx8ggz3MMpOGMYX[39m
[32m[Nest] 49060  - [39m03/08/2026, 3:19:25 pm [32m    LOG[39m [38;5;3m[StreamService] [39m[32mStream user synced: user_3HE0SV8kvYSMEx8ggz3MMpOGMYX[39m
[32m[Nest] 49060  - [39m03/08/2026, 3:19:25 pm [32m    LOG[39m [38;5;3m[StreamService] [39m[32mStream user synced: user_3HE0SV8kvYSMEx8ggz3MMpOGMYX[39m
[32m[Nest] 49060  - [39m03/08/2026, 3:19:35 pm [32m    LOG[39m [38;5;3m[StreamService] [39m[32mStream user synced: user_3HE0SV8kvYSMEx8ggz3MMpOGMYX[39m
[32m[Nest] 49060  - [39m03/08/2026, 3:19:36 pm [32m    LOG[39m [38;5;3m[StreamService] [39m[32mStream user synced: user_3HE0SV8kvYSMEx8ggz3MMpOGMYX[39m
[32m[Nest] 49060  - [39m03/08/2026, 3:19:46 pm [32m    LOG[39m [38;5;3m[StreamService] [39m[32mStream user synced: user_3HE0SV8kvYSMEx8ggz3MMpOGMYX[39m
[32m[Nest] 49060  - [39m03/08/2026, 3:19:46 pm [32m    LOG[39m [38;5;3m[StreamService] [39m[32mStream user synced: user_3HE0SV8kvYSMEx8ggz3MMpOGMYX[39m
[32m[Nest] 49060  - [39m03/08/2026, 3:20:52 pm [32m    LOG[39m [38;5;3m[StreamService] [39m[32mStream user synced: user_3HE0SV8kvYSMEx8ggz3MMpOGMYX[39m
[32m[Nest] 49060  - [39m03/08/2026, 3:20:52 pm [32m    LOG[39m [38;5;3m[StreamService] [39m[32mStream user synced: user_3HE0SV8kvYSMEx8ggz3MMpOGMYX[39m
[32m[Nest] 49060  - [39m03/08/2026, 3:21:51 pm [32m    LOG[39m [38;5;3m[StreamService] [39m[32mStream user synced: user_3HE0SV8kvYSMEx8ggz3MMpOGMYX[39m
[32m[Nest] 49060  - [39m03/08/2026, 3:21:51 pm [32m    LOG[39m [38;5;3m[StreamService] [39m[32mStream user synced: user_3HE0SV8kvYSMEx8ggz3MMpOGMYX[39m
[32m[Nest] 49060  - [39m03/08/2026, 3:22:51 pm [32m    LOG[39m [38;5;3m[StreamService] [39m[32mStream user synced: user_3HE0SV8kvYSMEx8ggz3MMpOGMYX[39m
[32m[Nest] 49060  - [39m03/08/2026, 3:22:51 pm [32m    LOG[39m [38;5;3m[StreamService] [39m[32mStream user synced: user_3HE0SV8kvYSMEx8ggz3MMpOGMYX[39m
[32m[Nest] 49060  - [39m03/08/2026, 3:23:52 pm [32m    LOG[39m [38;5;3m[StreamService] [39m[32mStream user synced: user_3HE0SV8kvYSMEx8ggz3MMpOGMYX[39m
[32m[Nest] 49060  - [39m03/08/2026, 3:23:52 pm [32m    LOG[39m [38;5;3m[StreamService] [39m[32mStream user synced: user_3HE0SV8kvYSMEx8ggz3MMpOGMYX[39m
[32m[Nest] 49060  - [39m03/08/2026, 3:23:56 pm [32m    LOG[39m [38;5;3m[StreamService] [39m[32mStream user synced: user_3HE0SV8kvYSMEx8ggz3MMpOGMYX[39m
[32m[Nest] 49060  - [39m03/08/2026, 3:23:56 pm [32m    LOG[39m [38;5;3m[StreamService] [39m[32mStream user synced: user_3HE0SV8kvYSMEx8ggz3MMpOGMYX[39m
[32m[Nest] 49060  - [39m03/08/2026, 3:23:59 pm [32m    LOG[39m [38;5;3m[StreamService] [39m[32mStream user synced: user_3HE0SV8kvYSMEx8ggz3MMpOGMYX[39m
[32m[Nest] 49060  - [39m03/08/2026, 3:23:59 pm [32m    LOG[39m [38;5;3m[StreamService] [39m[32mStream user synced: user_3HE0SV8kvYSMEx8ggz3MMpOGMYX[39m
[32m[Nest] 49060  - [39m03/08/2026, 3:23:59 pm [32m    LOG[39m [38;5;3m[StreamService] [39m[32mStream user synced: user_3HE0SV8kvYSMEx8ggz3MMpOGMYX[39m
[32m[Nest] 49060  - [39m03/08/2026, 3:24:00 pm [32m    LOG[39m [38;5;3m[StreamService] [39m[32mStream user synced: user_3HE0SV8kvYSMEx8ggz3MMpOGMYX[39m
[32m[Nest] 49060  - [39m03/08/2026, 3:24:04 pm [32m    LOG[39m [38;5;3m[StreamService] [39m[32mStream user synced: user_3HE0SV8kvYSMEx8ggz3MMpOGMYX[39m
[32m[Nest] 49060  - [39m03/08/2026, 3:24:05 pm [32m    LOG[39m [38;5;3m[StreamService] [39m[32mStream user synced: user_3HE0SV8kvYSMEx8ggz3MMpOGMYX[39m
[32m[Nest] 49060  - [39m03/08/2026, 3:24:05 pm [32m    LOG[39m [38;5;3m[StreamService] [39m[32mStream user synced: user_3HE0SV8kvYSMEx8ggz3MMpOGMYX[39m
[32m[Nest] 49060  - [39m03/08/2026, 3:24:05 pm [32m    LOG[39m [38;5;3m[StreamService] [39m[32mStream user synced: user_3HE0SV8kvYSMEx8ggz3MMpOGMYX[39m
[32m[Nest] 49060  - [39m03/08/2026, 3:24:16 pm [32m    LOG[39m [38;5;3m[StreamService] [39m[32mStream user synced: user_3HE0SV8kvYSMEx8ggz3MMpOGMYX[39m
[32m[Nest] 49060  - [39m03/08/2026, 3:24:16 pm [32m    LOG[39m [38;5;3m[StreamService] [39m[32mStream user synced: user_3HE0SV8kvYSMEx8ggz3MMpOGMYX[39m
[32m[Nest] 49060  - [39m03/08/2026, 3:24:25 pm [32m    LOG[39m [38;5;3m[StreamService] [39m[32mStream user synced: user_3HE0SV8kvYSMEx8ggz3MMpOGMYX[39m
[32m[Nest] 49060  - [39m03/08/2026, 3:24:25 pm [32m    LOG[39m [38;5;3m[StreamService] [39m[32mStream user synced: user_3HE0SV8kvYSMEx8ggz3MMpOGMYX[39m
[32m[Nest] 49060  - [39m03/08/2026, 3:24:35 pm [32m    LOG[39m [38;5;3m[StreamService] [39m[32mStream user synced: user_3HE0SV8kvYSMEx8ggz3MMpOGMYX[39m
[32m[Nest] 49060  - [39m03/08/2026, 3:24:35 pm [32m    LOG[39m [38;5;3m[StreamService] [39m[32mStream user synced: user_3HE0SV8kvYSMEx8ggz3MMpOGMYX[39m
[32m[Nest] 49060  - [39m03/08/2026, 3:24:45 pm [32m    LOG[39m [38;5;3m[StreamService] [39m[32mStream user synced: user_3HE0SV8kvYSMEx8ggz3MMpOGMYX[39m
[32m[Nest] 49060  - [39m03/08/2026, 3:24:45 pm [32m    LOG[39m [38;5;3m[StreamService] [39m[32mStream user synced: user_3HE0SV8kvYSMEx8ggz3MMpOGMYX[39m
[32m[Nest] 49060  - [39m03/08/2026, 3:24:55 pm [32m    LOG[39m [38;5;3m[StreamService] [39m[32mStream user synced: user_3HE0SV8kvYSMEx8ggz3MMpOGMYX[39m
[32m[Nest] 49060  - [39m03/08/2026, 3:24:55 pm [32m    LOG[39m [38;5;3m[StreamService] [39m[32mStream user synced: user_3HE0SV8kvYSMEx8ggz3MMpOGMYX[39m
[32m[Nest] 49060  - [39m03/08/2026, 3:25:05 pm [32m    LOG[39m [38;5;3m[StreamService] [39m[32mStream user synced: user_3HE0SV8kvYSMEx8ggz3MMpOGMYX[39m
[32m[Nest] 49060  - [39m03/08/2026, 3:25:05 pm [32m    LOG[39m [38;5;3m[StreamService] [39m[32mStream user synced: user_3HE0SV8kvYSMEx8ggz3MMpOGMYX[39m
[32m[Nest] 49060  - [39m03/08/2026, 3:25:52 pm [32m    LOG[39m [38;5;3m[StreamService] [39m[32mStream user synced: user_3HE0SV8kvYSMEx8ggz3MMpOGMYX[39m
[32m[Nest] 49060  - [39m03/08/2026, 3:25:52 pm [32m    LOG[39m [38;5;3m[StreamService] [39m[32mStream user synced: user_3HE0SV8kvYSMEx8ggz3MMpOGMYX[39m
[32m[Nest] 49060  - [39m03/08/2026, 3:26:52 pm [32m    LOG[39m [38;5;3m[StreamService] [39m[32mStream user synced: user_3HE0SV8kvYSMEx8ggz3MMpOGMYX[39m
[32m[Nest] 49060  - [39m03/08/2026, 3:26:52 pm [32m    LOG[39m [38;5;3m[StreamService] [39m[32mStream user synced: user_3HE0SV8kvYSMEx8ggz3MMpOGMYX[39m
[32m[Nest] 49060  - [39m03/08/2026, 3:27:52 pm [32m    LOG[39m [38;5;3m[StreamService] [39m[32mStream user synced: user_3HE0SV8kvYSMEx8ggz3MMpOGMYX[39m
[32m[Nest] 49060  - [39m03/08/2026, 3:27:52 pm [32m    LOG[39m [38;5;3m[StreamService] [39m[32mStream user synced: user_3HE0SV8kvYSMEx8ggz3MMpOGMYX[39m
[32m[Nest] 49060  - [39m03/08/2026, 3:28:52 pm [32m    LOG[39m [38;5;3m[StreamService] [39m[32mStream user synced: user_3HE0SV8kvYSMEx8ggz3MMpOGMYX[39m
[32m[Nest] 49060  - [39m03/08/2026, 3:28:52 pm [32m    LOG[39m [38;5;3m[StreamService] [39m[32mStream user synced: user_3HE0SV8kvYSMEx8ggz3MMpOGMYX[39m
[32m[Nest] 49060  - [39m03/08/2026, 3:29:52 pm [32m    LOG[39m [38;5;3m[StreamService] [39m[32mStream user synced: user_3HE0SV8kvYSMEx8ggz3MMpOGMYX[39m
[32m[Nest] 49060  - [39m03/08/2026, 3:29:52 pm [32m    LOG[39m [38;5;3m[StreamService] [39m[32mStream user synced: user_3HE0SV8kvYSMEx8ggz3MMpOGMYX[39m
[32m[Nest] 49060  - [39m03/08/2026, 3:30:52 pm [32m    LOG[39m [38;5;3m[StreamService] [39m[32mStream user synced: user_3HE0SV8kvYSMEx8ggz3MMpOGMYX[39m
[32m[Nest] 49060  - [39m03/08/2026, 3:30:52 pm [32m    LOG[39m [38;5;3m[StreamService] [39m[32mStream user synced: user_3HE0SV8kvYSMEx8ggz3MMpOGMYX[39m
[32m[Nest] 49060  - [39m03/08/2026, 3:31:52 pm [32m    LOG[39m [38;5;3m[StreamService] [39m[32mStream user synced: user_3HE0SV8kvYSMEx8ggz3MMpOGMYX[39m
[32m[Nest] 49060  - [39m03/08/2026, 3:31:52 pm [32m    LOG[39m [38;5;3m[StreamService] [39m[32mStream user synced: user_3HE0SV8kvYSMEx8ggz3MMpOGMYX[39m
[32m[Nest] 49060  - [39m03/08/2026, 3:32:52 pm [32m    LOG[39m [38;5;3m[StreamService] [39m[32mStream user synced: user_3HE0SV8kvYSMEx8ggz3MMpOGMYX[39m
[32m[Nest] 49060  - [39m03/08/2026, 3:32:52 pm [32m    LOG[39m [38;5;3m[StreamService] [39m[32mStream user synced: user_3HE0SV8kvYSMEx8ggz3MMpOGMYX[39m
[32m[Nest] 49060  - [39m03/08/2026, 3:33:52 pm [32m    LOG[39m [38;5;3m[StreamService] [39m[32mStream user synced: user_3HE0SV8kvYSMEx8ggz3MMpOGMYX[39m
[32m[Nest] 49060  - [39m03/08/2026, 3:33:52 pm [32m    LOG[39m [38;5;3m[StreamService] [39m[32mStream user synced: user_3HE0SV8kvYSMEx8ggz3MMpOGMYX[39m
[32m[Nest] 49060  - [39m03/08/2026, 3:34:52 pm [32m    LOG[39m [38;5;3m[StreamService] [39m[32mStream user synced: user_3HE0SV8kvYSMEx8ggz3MMpOGMYX[39m
[32m[Nest] 49060  - [39m03/08/2026, 3:34:52 pm [32m    LOG[39m [38;5;3m[StreamService] [39m[32mStream user synced: user_3HE0SV8kvYSMEx8ggz3MMpOGMYX[39m
[32m[Nest] 49060  - [39m03/08/2026, 3:35:52 pm [32m    LOG[39m [38;5;3m[StreamService] [39m[32mStream user synced: user_3HE0SV8kvYSMEx8ggz3MMpOGMYX[39m
[32m[Nest] 49060  - [39m03/08/2026, 3:35:52 pm [32m    LOG[39m [38;5;3m[StreamService] [39m[32mStream user synced: user_3HE0SV8kvYSMEx8ggz3MMpOGMYX[39m
[32m[Nest] 49060  - [39m03/08/2026, 3:36:51 pm [32m    LOG[39m [38;5;3m[StreamService] [39m[32mStream user synced: user_3HE0SV8kvYSMEx8ggz3MMpOGMYX[39m
[32m[Nest] 49060  - [39m03/08/2026, 3:36:52 pm [32m    LOG[39m [38;5;3m[StreamService] [39m[32mStream user synced: user_3HE0SV8kvYSMEx8ggz3MMpOGMYX[39m
[32m[Nest] 49060  - [39m03/08/2026, 3:37:38 pm [32m    LOG[39m [38;5;3m[StreamService] [39m[32mStream user synced: user_3HE0SV8kvYSMEx8ggz3MMpOGMYX[39m
[32m[Nest] 49060  - [39m03/08/2026, 3:37:38 pm [32m    LOG[39m [38;5;3m[StreamService] [39m[32mStream user synced: user_3HE0SV8kvYSMEx8ggz3MMpOGMYX[39m
[32m[Nest] 49060  - [39m03/08/2026, 3:37:39 pm [32m    LOG[39m [38;5;3m[StreamService] [39m[32mStream user synced: user_3HE0SV8kvYSMEx8ggz3MMpOGMYX[39m
[32m[Nest] 49060  - [39m03/08/2026, 3:37:40 pm [32m    LOG[39m [38;5;3m[StreamService] [39m[32mStream user synced: user_3HE0SV8kvYSMEx8ggz3MMpOGMYX[39m
[32m[Nest] 49060  - [39m03/08/2026, 3:37:43 pm [32m    LOG[39m [38;5;3m[StreamService] [39m[32mStream user synced: user_3HE0SV8kvYSMEx8ggz3MMpOGMYX[39m
[32m[Nest] 49060  - [39m03/08/2026, 3:37:44 pm [32m    LOG[39m [38;5;3m[StreamService] [39m[32mStream user synced: user_3HE0SV8kvYSMEx8ggz3MMpOGMYX[39m
[32m[Nest] 49060  - [39m03/08/2026, 3:37:45 pm [32m    LOG[39m [38;5;3m[StreamService] [39m[32mStream user synced: user_3HE0SV8kvYSMEx8ggz3MMpOGMYX[39m
[32m[Nest] 49060  - [39m03/08/2026, 3:37:45 pm [32m    LOG[39m [38;5;3m[StreamService] [39m[32mStream user synced: user_3HE0SV8kvYSMEx8ggz3MMpOGMYX[39m
[32m[Nest] 49060  - [39m03/08/2026, 3:37:45 pm [32m    LOG[39m [38;5;3m[StreamService] [39m[32mStream user synced: user_3HE0SV8kvYSMEx8ggz3MMpOGMYX[39m
[32m[Nest] 49060  - [39m03/08/2026, 3:37:46 pm [32m    LOG[39m [38;5;3m[StreamService] [39m[32mStream user synced: user_3HE0SV8kvYSMEx8ggz3MMpOGMYX[39m
[32m[Nest] 49060  - [39m03/08/2026, 3:37:55 pm [32m    LOG[39m [38;5;3m[StreamService] [39m[32mStream user synced: user_3HE0SV8kvYSMEx8ggz3MMpOGMYX[39m
[32m[Nest] 49060  - [39m03/08/2026, 3:37:55 pm [32m    LOG[39m [38;5;3m[StreamService] [39m[32mStream user synced: user_3HE0SV8kvYSMEx8ggz3MMpOGMYX[39m
[32m[Nest] 49060  - [39m03/08/2026, 3:38:06 pm [32m    LOG[39m [38;5;3m[StreamService] [39m[32mStream user synced: user_3HE0SV8kvYSMEx8ggz3MMpOGMYX[39m
[32m[Nest] 49060  - [39m03/08/2026, 3:38:06 pm [32m    LOG[39m [38;5;3m[StreamService] [39m[32mStream user synced: user_3HE0SV8kvYSMEx8ggz3MMpOGMYX[39m
[32m[Nest] 49060  - [39m03/08/2026, 3:38:15 pm [32m    LOG[39m [38;5;3m[StreamService] [39m[32mStream user synced: user_3HE0SV8kvYSMEx8ggz3MMpOGMYX[39m
[32m[Nest] 49060  - [39m03/08/2026, 3:38:15 pm [32m    LOG[39m [38;5;3m[StreamService] [39m[32mStream user synced: user_3HE0SV8kvYSMEx8ggz3MMpOGMYX[39m
[32m[Nest] 49060  - [39m03/08/2026, 3:38:15 pm [32m    LOG[39m [38;5;3m[StreamService] [39m[32mStream user synced: user_3HE0SV8kvYSMEx8ggz3MMpOGMYX[39m
[32m[Nest] 49060  - [39m03/08/2026, 3:38:15 pm [32m    LOG[39m [38;5;3m[StreamService] [39m[32mStream user synced: user_3HE0SV8kvYSMEx8ggz3MMpOGMYX[39m
[32m[Nest] 49060  - [39m03/08/2026, 3:38:15 pm [32m    LOG[39m [38;5;3m[StreamService] [39m[32mStream user synced: user_3HE0SV8kvYSMEx8ggz3MMpOGMYX[39m
[32m[Nest] 49060  - [39m03/08/2026, 3:38:16 pm [32m    LOG[39m [38;5;3m[StreamService] [39m[32mStream user synced: user_3HE0SV8kvYSMEx8ggz3MMpOGMYX[39m
[32m[Nest] 49060  - [39m03/08/2026, 3:38:18 pm [32m    LOG[39m [38;5;3m[StreamService] [39m[32mStream user synced: user_3HE0SV8kvYSMEx8ggz3MMpOGMYX[39m
[32m[Nest] 49060  - [39m03/08/2026, 3:38:19 pm [32m    LOG[39m [38;5;3m[StreamService] [39m[32mStream user synced: user_3HE0SV8kvYSMEx8ggz3MMpOGMYX[39m
[32m[Nest] 49060  - [39m03/08/2026, 3:38:20 pm [32m    LOG[39m [38;5;3m[StreamService] [39m[32mStream user synced: user_3HE0SV8kvYSMEx8ggz3MMpOGMYX[39m
[32m[Nest] 49060  - [39m03/08/2026, 3:38:21 pm [32m    LOG[39m [38;5;3m[StreamService] [39m[32mStream user synced: user_3HE0SV8kvYSMEx8ggz3MMpOGMYX[39m
[32m[Nest] 49060  - [39m03/08/2026, 3:38:22 pm [32m    LOG[39m [38;5;3m[StreamService] [39m[32mStream user synced: user_3HE0SV8kvYSMEx8ggz3MMpOGMYX[39m
[32m[Nest] 49060  - [39m03/08/2026, 3:38:23 pm [32m    LOG[39m [38;5;3m[StreamService] [39m[32mStream user synced: user_3HE0SV8kvYSMEx8ggz3MMpOGMYX[39m
[32m[Nest] 49060  - [39m03/08/2026, 3:38:25 pm [32m    LOG[39m [38;5;3m[StreamService] [39m[32mStream user synced: user_3HE0SV8kvYSMEx8ggz3MMpOGMYX[39m
[32m[Nest] 49060  - [39m03/08/2026, 3:38:25 pm [32m    LOG[39m [38;5;3m[StreamService] [39m[32mStream user synced: user_3HE0SV8kvYSMEx8ggz3MMpOGMYX[39m
[32m[Nest] 49060  - [39m03/08/2026, 3:38:35 pm [32m    LOG[39m [38;5;3m[StreamService] [39m[32mStream user synced: user_3HE0SV8kvYSMEx8ggz3MMpOGMYX[39m
[32m[Nest] 49060  - [39m03/08/2026, 3:38:35 pm [32m    LOG[39m [38;5;3m[StreamService] [39m[32mStream user synced: user_3HE0SV8kvYSMEx8ggz3MMpOGMYX[39m
[32m[Nest] 49060  - [39m03/08/2026, 3:38:45 pm [32m    LOG[39m [38;5;3m[StreamService] [39m[32mStream user synced: user_3HE0SV8kvYSMEx8ggz3MMpOGMYX[39m
[32m[Nest] 49060  - [39m03/08/2026, 3:38:45 pm [32m    LOG[39m [38;5;3m[StreamService] [39m[32mStream user synced: user_3HE0SV8kvYSMEx8ggz3MMpOGMYX[39m
[32m[Nest] 49060  - [39m03/08/2026, 3:38:50 pm [32m    LOG[39m [38;5;3m[StreamService] [39m[32mStream user synced: user_3HE0SV8kvYSMEx8ggz3MMpOGMYX[39m
[32m[Nest] 49060  - [39m03/08/2026, 3:38:50 pm [32m    LOG[39m [38;5;3m[StreamService] [39m[32mStream user synced: user_3HE0SV8kvYSMEx8ggz3MMpOGMYX[39m
[32m[Nest] 49060  - [39m03/08/2026, 3:38:50 pm [32m    LOG[39m [38;5;3m[StreamService] [39m[32mStream user synced: user_3HE0SV8kvYSMEx8ggz3MMpOGMYX[39m
[32m[Nest] 49060  - [39m03/08/2026, 3:38:51 pm [32m    LOG[39m [38;5;3m[StreamService] [39m[32mStream user synced: user_3HE0SV8kvYSMEx8ggz3MMpOGMYX[39m
[32m[Nest] 49060  - [39m03/08/2026, 3:38:55 pm [32m    LOG[39m [38;5;3m[StreamService] [39m[32mStream user synced: user_3HE0SV8kvYSMEx8ggz3MMpOGMYX[39m
[32m[Nest] 49060  - [39m03/08/2026, 3:38:55 pm [32m    LOG[39m [38;5;3m[StreamService] [39m[32mStream user synced: user_3HE0SV8kvYSMEx8ggz3MMpOGMYX[39m
[32m[Nest] 49060  - [39m03/08/2026, 3:39:05 pm [32m    LOG[39m [38;5;3m[StreamService] [39m[32mStream user synced: user_3HE0SV8kvYSMEx8ggz3MMpOGMYX[39m
[32m[Nest] 49060  - [39m03/08/2026, 3:39:05 pm [32m    LOG[39m [38;5;3m[StreamService] [39m[32mStream user synced: user_3HE0SV8kvYSMEx8ggz3MMpOGMYX[39m
[32m[Nest] 49060  - [39m03/08/2026, 3:39:15 pm [32m    LOG[39m [38;5;3m[StreamService] [39m[32mStream user synced: user_3HE0SV8kvYSMEx8ggz3MMpOGMYX[39m
[32m[Nest] 49060  - [39m03/08/2026, 3:39:15 pm [32m    LOG[39m [38;5;3m[StreamService] [39m[32mStream user synced: user_3HE0SV8kvYSMEx8ggz3MMpOGMYX[39m
[2J[3J[H[[90m3:39:16 pm[0m] File change detected. Starting incremental compilation...

[[90m3:39:19 pm[0m] Found 0 errors. Watching for file changes.

[2J[3J[H[[90m3:39:20 pm[0m] File change detected. Starting incremental compilation...

[[90m3:39:21 pm[0m] Found 0 errors. Watching for file changes.

[2J[3J[H[[90m3:39:22 pm[0m] File change detected. Starting incremental compilation...

[[90m3:39:23 pm[0m] Found 0 errors. Watching for file changes.

[2J[3J[H[[90m3:39:29 pm[0m] File change detected. Starting incremental compilation...

[[90m3:39:30 pm[0m] Found 0 errors. Watching for file changes.

[32m[Nest] 17024  - [39m03/08/2026, 3:39:38 pm [32m    LOG[39m [38;5;3m[NestFactory] [39m[32mStarting Nest application...[39m
[32m[Nest] 17024  - [39m03/08/2026, 3:39:38 pm [32m    LOG[39m [38;5;3m[InstanceLoader] [39m[32mAppModule dependencies initialized[39m[38;5;3m +29ms[39m
[32m[Nest] 17024  - [39m03/08/2026, 3:39:38 pm [32m    LOG[39m [38;5;3m[InstanceLoader] [39m[32mConfigModule dependencies initialized[39m[38;5;3m +0ms[39m
[32m[Nest] 17024  - [39m03/08/2026, 3:39:38 pm [32m    LOG[39m [38;5;3m[InstanceLoader] [39m[32mConfigHostModule dependencies initialized[39m[38;5;3m +1ms[39m
[32m[Nest] 17024  - [39m03/08/2026, 3:39:38 pm [32m    LOG[39m [38;5;3m[InstanceLoader] [39m[32mHealthModule dependencies initialized[39m[38;5;3m +18ms[39m
[32m[Nest] 17024  - [39m03/08/2026, 3:39:38 pm [32m    LOG[39m [38;5;3m[InstanceLoader] [39m[32mConfigModule dependencies initialized[39m[38;5;3m +1ms[39m
[32m[Nest] 17024  - [39m03/08/2026, 3:39:38 pm [32m    LOG[39m [38;5;3m[InstanceLoader] [39m[32mStreamModule dependencies initialized[39m[38;5;3m +0ms[39m
[32m[Nest] 17024  - [39m03/08/2026, 3:39:39 pm [32m    LOG[39m [38;5;3m[DrizzleProvider] [39m[32mPostgreSQL connection established successfully.[39m
[32m[Nest] 17024  - [39m03/08/2026, 3:39:39 pm [32m    LOG[39m [38;5;3m[InstanceLoader] [39m[32mDatabaseModule dependencies initialized[39m[38;5;3m +3ms[39m
[32m[Nest] 17024  - [39m03/08/2026, 3:39:39 pm [32m    LOG[39m [38;5;3m[InstanceLoader] [39m[32mUsersModule dependencies initialized[39m[38;5;3m +1ms[39m
[32m[Nest] 17024  - [39m03/08/2026, 3:39:39 pm [32m    LOG[39m [38;5;3m[InstanceLoader] [39m[32mNotificationsModule dependencies initialized[39m[38;5;3m +0ms[39m
[32m[Nest] 17024  - [39m03/08/2026, 3:39:39 pm [32m    LOG[39m [38;5;3m[InstanceLoader] [39m[32mDepartmentsModule dependencies initialized[39m[38;5;3m +2ms[39m
[32m[Nest] 17024  - [39m03/08/2026, 3:39:39 pm [32m    LOG[39m [38;5;3m[InstanceLoader] [39m[32mTasksModule dependencies initialized[39m[38;5;3m +0ms[39m
[32m[Nest] 17024  - [39m03/08/2026, 3:39:39 pm [32m    LOG[39m [38;5;3m[InstanceLoader] [39m[32mMeetingsModule dependencies initialized[39m[38;5;3m +0ms[39m
[32m[Nest] 17024  - [39m03/08/2026, 3:39:39 pm [32m    LOG[39m [38;5;3m[InstanceLoader] [39m[32mChannelsModule dependencies initialized[39m[38;5;3m +0ms[39m
[32m[Nest] 17024  - [39m03/08/2026, 3:39:39 pm [32m    LOG[39m [38;5;3m[InstanceLoader] [39m[32mProjectDocumentsModule dependencies initialized[39m[38;5;3m +1ms[39m
[32m[Nest] 17024  - [39m03/08/2026, 3:39:39 pm [32m    LOG[39m [38;5;3m[InstanceLoader] [39m[32mProjectsModule dependencies initialized[39m[38;5;3m +0ms[39m
[32m[Nest] 17024  - [39m03/08/2026, 3:39:39 pm [32m    LOG[39m [38;5;3m[InstanceLoader] [39m[32mProjectAnnouncementsModule dependencies initialized[39m[38;5;3m +0ms[39m
[32m[Nest] 17024  - [39m03/08/2026, 3:39:39 pm [32m    LOG[39m [38;5;3m[InstanceLoader] [39m[32mProjectMilestonesModule dependencies initialized[39m[38;5;3m +0ms[39m
[32m[Nest] 17024  - [39m03/08/2026, 3:39:39 pm [32m    LOG[39m [38;5;3m[InstanceLoader] [39m[32mAiSummaryModule dependencies initialized[39m[38;5;3m +1ms[39m
[32m[Nest] 17024  - [39m03/08/2026, 3:39:39 pm [32m    LOG[39m [38;5;3m[InstanceLoader] [39m[32mClerkModule dependencies initialized[39m[38;5;3m +3ms[39m
[32m[Nest] 17024  - [39m03/08/2026, 3:39:39 pm [32m    LOG[39m [38;5;3m[RoutesResolver] [39m[32mHealthController {/health}:[39m[38;5;3m +13ms[39m
[32m[Nest] 17024  - [39m03/08/2026, 3:39:39 pm [32m    LOG[39m [38;5;3m[RouterExplorer] [39m[32mMapped {/health, GET} route[39m[38;5;3m +5ms[39m
[32m[Nest] 17024  - [39m03/08/2026, 3:39:39 pm [32m    LOG[39m [38;5;3m[RoutesResolver] [39m[32mClerkTestController {/clerk-test}:[39m[38;5;3m +0ms[39m
[32m[Nest] 17024  - [39m03/08/2026, 3:39:39 pm [32m    LOG[39m [38;5;3m[RouterExplorer] [39m[32mMapped {/clerk-test/me, GET} route[39m[38;5;3m +2ms[39m
[32m[Nest] 17024  - [39m03/08/2026, 3:39:39 pm [32m    LOG[39m [38;5;3m[RoutesResolver] [39m[32mStreamController {/stream}:[39m[38;5;3m +0ms[39m
[32m[Nest] 17024  - [39m03/08/2026, 3:39:39 pm [32m    LOG[39m [38;5;3m[RouterExplorer] [39m[32mMapped {/stream/token, GET} route[39m[38;5;3m +1ms[39m
[32m[Nest] 17024  - [39m03/08/2026, 3:39:39 pm [32m    LOG[39m [38;5;3m[RoutesResolver] [39m[32mUsersController {/users}:[39m[38;5;3m +0ms[39m
[32m[Nest] 17024  - [39m03/08/2026, 3:39:39 pm [32m    LOG[39m [38;5;3m[RouterExplorer] [39m[32mMapped {/users/me, GET} route[39m[38;5;3m +1ms[39m
[32m[Nest] 17024  - [39m03/08/2026, 3:39:39 pm [32m    LOG[39m [38;5;3m[RouterExplorer] [39m[32mMapped {/users, GET} route[39m[38;5;3m +0ms[39m
[32m[Nest] 17024  - [39m03/08/2026, 3:39:39 pm [32m    LOG[39m [38;5;3m[RouterExplorer] [39m[32mMapped {/users/:clerkId/role, PATCH} route[39m[38;5;3m +1ms[39m
[32m[Nest] 17024  - [39m03/08/2026, 3:39:39 pm [32m    LOG[39m [38;5;3m[RoutesResolver] [39m[32mChatController {/chat}:[39m[38;5;3m +1ms[39m
[32m[Nest] 17024  - [39m03/08/2026, 3:39:39 pm [32m    LOG[39m [38;5;3m[RouterExplorer] [39m[32mMapped {/chat/token, GET} route[39m[38;5;3m +0ms[39m
[32m[Nest] 17024  - [39m03/08/2026, 3:39:39 pm [32m    LOG[39m [38;5;3m[RouterExplorer] [39m[32mMapped {/chat/direct, POST} route[39m[38;5;3m +1ms[39m
[32m[Nest] 17024  - [39m03/08/2026, 3:39:39 pm [32m    LOG[39m [38;5;3m[RouterExplorer] [39m[32mMapped {/chat/group, POST} route[39m[38;5;3m +0ms[39m
[32m[Nest] 17024  - [39m03/08/2026, 3:39:39 pm [32m    LOG[39m [38;5;3m[RouterExplorer] [39m[32mMapped {/chat/groups/:channelId, GET} route[39m[38;5;3m +1ms[39m
[32m[Nest] 17024  - [39m03/08/2026, 3:39:39 pm [32m    LOG[39m [38;5;3m[RouterExplorer] [39m[32mMapped {/chat/groups/:channelId, PATCH} route[39m[38;5;3m +0ms[39m
[32m[Nest] 17024  - [39m03/08/2026, 3:39:39 pm [32m    LOG[39m [38;5;3m[RouterExplorer] [39m[32mMapped {/chat/groups/:channelId/avatar, PUT} route[39m[38;5;3m +1ms[39m
[32m[Nest] 17024  - [39m03/08/2026, 3:39:39 pm [32m    LOG[39m [38;5;3m[RouterExplorer] [39m[32mMapped {/chat/groups/:channelId/avatar, DELETE} route[39m[38;5;3m +0ms[39m
[32m[Nest] 17024  - [39m03/08/2026, 3:39:39 pm [32m    LOG[39m [38;5;3m[RouterExplorer] [39m[32mMapped {/chat/groups/:channelId/members/:memberId, POST} route[39m[38;5;3m +0ms[39m
[32m[Nest] 17024  - [39m03/08/2026, 3:39:39 pm [32m    LOG[39m [38;5;3m[RouterExplorer] [39m[32mMapped {/chat/groups/:channelId/members/:memberId, DELETE} route[39m[38;5;3m +1ms[39m
[32m[Nest] 17024  - [39m03/08/2026, 3:39:39 pm [32m    LOG[39m [38;5;3m[RouterExplorer] [39m[32mMapped {/chat/groups/:channelId/leave, POST} route[39m[38;5;3m +0ms[39m
[32m[Nest] 17024  - [39m03/08/2026, 3:39:39 pm [32m    LOG[39m [38;5;3m[RouterExplorer] [39m[32mMapped {/chat/groups/:channelId/moderators/:memberId, POST} route[39m[38;5;3m +0ms[39m
[32m[Nest] 17024  - [39m03/08/2026, 3:39:39 pm [32m    LOG[39m [38;5;3m[RouterExplorer] [39m[32mMapped {/chat/groups/:channelId/moderators/:memberId, DELETE} route[39m[38;5;3m +1ms[39m
[32m[Nest] 17024  - [39m03/08/2026, 3:39:39 pm [32m    LOG[39m [38;5;3m[RoutesResolver] [39m[32mTasksController {/tasks}:[39m[38;5;3m +0ms[39m
[32m[Nest] 17024  - [39m03/08/2026, 3:39:39 pm [32m    LOG[39m [38;5;3m[RouterExplorer] [39m[32mMapped {/tasks, POST} route[39m[38;5;3m +0ms[39m
[32m[Nest] 17024  - [39m03/08/2026, 3:39:39 pm [32m    LOG[39m [38;5;3m[RouterExplorer] [39m[32mMapped {/tasks, GET} route[39m[38;5;3m +1ms[39m
[32m[Nest] 17024  - [39m03/08/2026, 3:39:39 pm [32m    LOG[39m [38;5;3m[RouterExplorer] [39m[32mMapped {/tasks/:id, GET} route[39m[38;5;3m +0ms[39m
[32m[Nest] 17024  - [39m03/08/2026, 3:39:39 pm [32m    LOG[39m [38;5;3m[RouterExplorer] [39m[32mMapped {/tasks/:id, PATCH} route[39m[38;5;3m +0ms[39m
[32m[Nest] 17024  - [39m03/08/2026, 3:39:39 pm [32m    LOG[39m [38;5;3m[RouterExplorer] [39m[32mMapped {/tasks/:id/status, PATCH} route[39m[38;5;3m +0ms[39m
[32m[Nest] 17024  - [39m03/08/2026, 3:39:39 pm [32m    LOG[39m [38;5;3m[RouterExplorer] [39m[32mMapped {/tasks/:id, DELETE} route[39m[38;5;3m +1ms[39m
[32m[Nest] 17024  - [39m03/08/2026, 3:39:39 pm [32m    LOG[39m [38;5;3m[RoutesResolver] [39m[32mMeetingsController {/meetings}:[39m[38;5;3m +0ms[39m
[32m[Nest] 17024  - [39m03/08/2026, 3:39:39 pm [32m    LOG[39m [38;5;3m[RouterExplorer] [39m[32mMapped {/meetings, POST} route[39m[38;5;3m +0ms[39m
[32m[Nest] 17024  - [39m03/08/2026, 3:39:39 pm [32m    LOG[39m [38;5;3m[RouterExplorer] [39m[32mMapped {/meetings, GET} route[39m[38;5;3m +0ms[39m
[32m[Nest] 17024  - [39m03/08/2026, 3:39:39 pm [32m    LOG[39m [38;5;3m[RouterExplorer] [39m[32mMapped {/meetings/:id, GET} route[39m[38;5;3m +1ms[39m
[32m[Nest] 17024  - [39m03/08/2026, 3:39:39 pm [32m    LOG[39m [38;5;3m[RouterExplorer] [39m[32mMapped {/meetings/:id, PATCH} route[39m[38;5;3m +0ms[39m
[32m[Nest] 17024  - [39m03/08/2026, 3:39:39 pm [32m    LOG[39m [38;5;3m[RouterExplorer] [39m[32mMapped {/meetings/:id, DELETE} route[39m[38;5;3m +0ms[39m
[32m[Nest] 17024  - [39m03/08/2026, 3:39:39 pm [32m    LOG[39m [38;5;3m[RouterExplorer] [39m[32mMapped {/meetings/:id/join, POST} route[39m[38;5;3m +0ms[39m
[32m[Nest] 17024  - [39m03/08/2026, 3:39:39 pm [32m    LOG[39m [38;5;3m[RouterExplorer] [39m[32mMapped {/meetings/:id/leave, POST} route[39m[38;5;3m +1ms[39m
[32m[Nest] 17024  - [39m03/08/2026, 3:39:39 pm [32m    LOG[39m [38;5;3m[RoutesResolver] [39m[32mDepartmentsController {/departments}:[39m[38;5;3m +0ms[39m
[32m[Nest] 17024  - [39m03/08/2026, 3:39:39 pm [32m    LOG[39m [38;5;3m[RouterExplorer] [39m[32mMapped {/departments, POST} route[39m[38;5;3m +0ms[39m
[32m[Nest] 17024  - [39m03/08/2026, 3:39:39 pm [32m    LOG[39m [38;5;3m[RouterExplorer] [39m[32mMapped {/departments/mine, GET} route[39m[38;5;3m +0ms[39m
[32m[Nest] 17024  - [39m03/08/2026, 3:39:39 pm [32m    LOG[39m [38;5;3m[RouterExplorer] [39m[32mMapped {/departments/:id, GET} route[39m[38;5;3m +1ms[39m
[32m[Nest] 17024  - [39m03/08/2026, 3:39:39 pm [32m    LOG[39m [38;5;3m[RouterExplorer] [39m[32mMapped {/departments/:id, PATCH} route[39m[38;5;3m +0ms[39m
[32m[Nest] 17024  - [39m03/08/2026, 3:39:39 pm [32m    LOG[39m [38;5;3m[RouterExplorer] [39m[32mMapped {/departments/:id, DELETE} route[39m[38;5;3m +0ms[39m
[32m[Nest] 17024  - [39m03/08/2026, 3:39:39 pm [32m    LOG[39m [38;5;3m[RouterExplorer] [39m[32mMapped {/departments/:id/members/:memberId, POST} route[39m[38;5;3m +0ms[39m
[32m[Nest] 17024  - [39m03/08/2026, 3:39:39 pm [32m    LOG[39m [38;5;3m[RouterExplorer] [39m[32mMapped {/departments/:id/members/:memberId, DELETE} route[39m[38;5;3m +0ms[39m
[32m[Nest] 17024  - [39m03/08/2026, 3:39:39 pm [32m    LOG[39m [38;5;3m[RoutesResolver] [39m[32mChannelsController {/channels}:[39m[38;5;3m +1ms[39m
[32m[Nest] 17024  - [39m03/08/2026, 3:39:39 pm [32m    LOG[39m [38;5;3m[RouterExplorer] [39m[32mMapped {/channels, POST} route[39m[38;5;3m +0ms[39m
[32m[Nest] 17024  - [39m03/08/2026, 3:39:39 pm [32m    LOG[39m [38;5;3m[RouterExplorer] [39m[32mMapped {/channels, GET} route[39m[38;5;3m +0ms[39m
[32m[Nest] 17024  - [39m03/08/2026, 3:39:39 pm [32m    LOG[39m [38;5;3m[RouterExplorer] [39m[32mMapped {/channels/:id, GET} route[39m[38;5;3m +0ms[39m
[32m[Nest] 17024  - [39m03/08/2026, 3:39:39 pm [32m    LOG[39m [38;5;3m[RouterExplorer] [39m[32mMapped {/channels/:id, PATCH} route[39m[38;5;3m +1ms[39m
[32m[Nest] 17024  - [39m03/08/2026, 3:39:39 pm [32m    LOG[39m [38;5;3m[RouterExplorer] [39m[32mMapped {/channels/:id, DELETE} route[39m[38;5;3m +0ms[39m
[32m[Nest] 17024  - [39m03/08/2026, 3:39:39 pm [32m    LOG[39m [38;5;3m[RouterExplorer] [39m[32mMapped {/channels/:id/join, POST} route[39m[38;5;3m +0ms[39m
[32m[Nest] 17024  - [39m03/08/2026, 3:39:39 pm [32m    LOG[39m [38;5;3m[RouterExplorer] [39m[32mMapped {/channels/:id/leave, POST} route[39m[38;5;3m +0ms[39m
[32m[Nest] 17024  - [39m03/08/2026, 3:39:39 pm [32m    LOG[39m [38;5;3m[RouterExplorer] [39m[32mMapped {/channels/:id/members, GET} route[39m[38;5;3m +0ms[39m
[32m[Nest] 17024  - [39m03/08/2026, 3:39:39 pm [32m    LOG[39m [38;5;3m[RouterExplorer] [39m[32mMapped {/channels/:id/members/:memberId, POST} route[39m[38;5;3m +1ms[39m
[32m[Nest] 17024  - [39m03/08/2026, 3:39:39 pm [32m    LOG[39m [38;5;3m[RouterExplorer] [39m[32mMapped {/channels/:id/members/:memberId, DELETE} route[39m[38;5;3m +0ms[39m
[32m[Nest] 17024  - [39m03/08/2026, 3:39:39 pm [32m    LOG[39m [38;5;3m[RoutesResolver] [39m[32mNotificationsController {/notifications}:[39m[38;5;3m +0ms[39m
[32m[Nest] 17024  - [39m03/08/2026, 3:39:39 pm [32m    LOG[39m [38;5;3m[RouterExplorer] [39m[32mMapped {/notifications, GET} route[39m[38;5;3m +0ms[39m
[32m[Nest] 17024  - [39m03/08/2026, 3:39:39 pm [32m    LOG[39m [38;5;3m[RouterExplorer] [39m[32mMapped {/notifications/unread-count, GET} route[39m[38;5;3m +1ms[39m
[32m[Nest] 17024  - [39m03/08/2026, 3:39:39 pm [32m    LOG[39m [38;5;3m[RouterExplorer] [39m[32mMapped {/notifications/:id/read, PATCH} route[39m[38;5;3m +0ms[39m
[32m[Nest] 17024  - [39m03/08/2026, 3:39:39 pm [32m    LOG[39m [38;5;3m[RouterExplorer] [39m[32mMapped {/notifications/read-all, PATCH} route[39m[38;5;3m +0ms[39m
[32m[Nest] 17024  - [39m03/08/2026, 3:39:39 pm [32m    LOG[39m [38;5;3m[RouterExplorer] [39m[32mMapped {/notifications/self, POST} route[39m[38;5;3m +0ms[39m
[32m[Nest] 17024  - [39m03/08/2026, 3:39:39 pm [32m    LOG[39m [38;5;3m[RoutesResolver] [39m[32mProjectsController {/projects}:[39m[38;5;3m +0ms[39m
[32m[Nest] 17024  - [39m03/08/2026, 3:39:39 pm [32m    LOG[39m [38;5;3m[RouterExplorer] [39m[32mMapped {/projects, POST} route[39m[38;5;3m +1ms[39m
[32m[Nest] 17024  - [39m03/08/2026, 3:39:39 pm [32m    LOG[39m [38;5;3m[RouterExplorer] [39m[32mMapped {/projects, GET} route[39m[38;5;3m +0ms[39m
[32m[Nest] 17024  - [39m03/08/2026, 3:39:39 pm [32m    LOG[39m [38;5;3m[RouterExplorer] [39m[32mMapped {/projects/:id, GET} route[39m[38;5;3m +0ms[39m
[32m[Nest] 17024  - [39m03/08/2026, 3:39:39 pm [32m    LOG[39m [38;5;3m[RouterExplorer] [39m[32mMapped {/projects/:id, PATCH} route[39m[38;5;3m +0ms[39m
[32m[Nest] 17024  - [39m03/08/2026, 3:39:39 pm [32m    LOG[39m [38;5;3m[RouterExplorer] [39m[32mMapped {/projects/:id, DELETE} route[39m[38;5;3m +1ms[39m
[32m[Nest] 17024  - [39m03/08/2026, 3:39:39 pm [32m    LOG[39m [38;5;3m[RouterExplorer] [39m[32mMapped {/projects/:id/members, GET} route[39m[38;5;3m +0ms[39m
[32m[Nest] 17024  - [39m03/08/2026, 3:39:39 pm [32m    LOG[39m [38;5;3m[RouterExplorer] [39m[32mMapped {/projects/:id/members, POST} route[39m[38;5;3m +0ms[39m
[32m[Nest] 17024  - [39m03/08/2026, 3:39:39 pm [32m    LOG[39m [38;5;3m[RouterExplorer] [39m[32mMapped {/projects/:id/members/:memberId, PATCH} route[39m[38;5;3m +0ms[39m
[32m[Nest] 17024  - [39m03/08/2026, 3:39:39 pm [32m    LOG[39m [38;5;3m[RouterExplorer] [39m[32mMapped {/projects/:id/members/:memberId, DELETE} route[39m[38;5;3m +1ms[39m
[32m[Nest] 17024  - [39m03/08/2026, 3:39:39 pm [32m    LOG[39m [38;5;3m[RoutesResolver] [39m[32mProjectAnnouncementsController {/projects/:projectId/announcements}:[39m[38;5;3m +0ms[39m
[32m[Nest] 17024  - [39m03/08/2026, 3:39:39 pm [32m    LOG[39m [38;5;3m[RouterExplorer] [39m[32mMapped {/projects/:projectId/announcements, GET} route[39m[38;5;3m +0ms[39m
[32m[Nest] 17024  - [39m03/08/2026, 3:39:39 pm [32m    LOG[39m [38;5;3m[RouterExplorer] [39m[32mMapped {/projects/:projectId/announcements, POST} route[39m[38;5;3m +0ms[39m
[32m[Nest] 17024  - [39m03/08/2026, 3:39:39 pm [32m    LOG[39m [38;5;3m[RouterExplorer] [39m[32mMapped {/projects/:projectId/announcements/:id, PATCH} route[39m[38;5;3m +1ms[39m
[32m[Nest] 17024  - [39m03/08/2026, 3:39:39 pm [32m    LOG[39m [38;5;3m[RouterExplorer] [39m[32mMapped {/projects/:projectId/announcements/:id/pin, PATCH} route[39m[38;5;3m +0ms[39m
[32m[Nest] 17024  - [39m03/08/2026, 3:39:39 pm [32m    LOG[39m [38;5;3m[RouterExplorer] [39m[32mMapped {/projects/:projectId/announcements/:id, DELETE} route[39m[38;5;3m +0ms[39m
[32m[Nest] 17024  - [39m03/08/2026, 3:39:39 pm [32m    LOG[39m [38;5;3m[RouterExplorer] [39m[32mMapped {/projects/:projectId/announcements/:id/reactions, POST} route[39m[38;5;3m +0ms[39m
[32m[Nest] 17024  - [39m03/08/2026, 3:39:39 pm [32m    LOG[39m [38;5;3m[RouterExplorer] [39m[32mMapped {/projects/:projectId/announcements/:id/reactions/:emoji, DELETE} route[39m[38;5;3m +0ms[39m
[32m[Nest] 17024  - [39m03/08/2026, 3:39:39 pm [32m    LOG[39m [38;5;3m[RoutesResolver] [39m[32mProjectDocumentsController {/projects/:projectId/documents}:[39m[38;5;3m +0ms[39m
[32m[Nest] 17024  - [39m03/08/2026, 3:39:39 pm [32m    LOG[39m [38;5;3m[RouterExplorer] [39m[32mMapped {/projects/:projectId/documents, POST} route[39m[38;5;3m +1ms[39m
[32m[Nest] 17024  - [39m03/08/2026, 3:39:39 pm [32m    LOG[39m [38;5;3m[RouterExplorer] [39m[32mMapped {/projects/:projectId/documents, GET} route[39m[38;5;3m +0ms[39m
[32m[Nest] 17024  - [39m03/08/2026, 3:39:39 pm [32m    LOG[39m [38;5;3m[RouterExplorer] [39m[32mMapped {/projects/:projectId/documents/:id/download, GET} route[39m[38;5;3m +0ms[39m
[32m[Nest] 17024  - [39m03/08/2026, 3:39:39 pm [32m    LOG[39m [38;5;3m[RouterExplorer] [39m[32mMapped {/projects/:projectId/documents/:id/preview, GET} route[39m[38;5;3m +1ms[39m
[32m[Nest] 17024  - [39m03/08/2026, 3:39:39 pm [32m    LOG[39m [38;5;3m[RouterExplorer] [39m[32mMapped {/projects/:projectId/documents/:id, DELETE} route[39m[38;5;3m +0ms[39m
[32m[Nest] 17024  - [39m03/08/2026, 3:39:39 pm [32m    LOG[39m [38;5;3m[RoutesResolver] [39m[32mProjectMilestonesController {/projects/:projectId/milestones}:[39m[38;5;3m +0ms[39m
[32m[Nest] 17024  - [39m03/08/2026, 3:39:39 pm [32m    LOG[39m [38;5;3m[RouterExplorer] [39m[32mMapped {/projects/:projectId/milestones, GET} route[39m[38;5;3m +0ms[39m
[32m[Nest] 17024  - [39m03/08/2026, 3:39:39 pm [32m    LOG[39m [38;5;3m[RouterExplorer] [39m[32mMapped {/projects/:projectId/milestones, POST} route[39m[38;5;3m +1ms[39m
[32m[Nest] 17024  - [39m03/08/2026, 3:39:39 pm [32m    LOG[39m [38;5;3m[RouterExplorer] [39m[32mMapped {/projects/:projectId/milestones/:id, PATCH} route[39m[38;5;3m +0ms[39m
[32m[Nest] 17024  - [39m03/08/2026, 3:39:39 pm [32m    LOG[39m [38;5;3m[RouterExplorer] [39m[32mMapped {/projects/:projectId/milestones/:id/status, PATCH} route[39m[38;5;3m +0ms[39m
[32m[Nest] 17024  - [39m03/08/2026, 3:39:39 pm [32m    LOG[39m [38;5;3m[RouterExplorer] [39m[32mMapped {/projects/:projectId/milestones/:id/progress, PATCH} route[39m[38;5;3m +0ms[39m
[32m[Nest] 17024  - [39m03/08/2026, 3:39:39 pm [32m    LOG[39m [38;5;3m[RouterExplorer] [39m[32mMapped {/projects/:projectId/milestones/:id, DELETE} route[39m[38;5;3m +1ms[39m
[32m[Nest] 17024  - [39m03/08/2026, 3:39:39 pm [32m    LOG[39m [38;5;3m[RoutesResolver] [39m[32mAiSummaryController {/projects/:projectId/ai-summary}:[39m[38;5;3m +0ms[39m
[32m[Nest] 17024  - [39m03/08/2026, 3:39:39 pm [32m    LOG[39m [38;5;3m[RouterExplorer] [39m[32mMapped {/projects/:projectId/ai-summary, GET} route[39m[38;5;3m +0ms[39m
[32m[Nest] 17024  - [39m03/08/2026, 3:39:39 pm [32m    LOG[39m [38;5;3m[StreamService] [39m[32mStream Chat server client initialized.[39m
Attention: Clerk collects telemetry data from its SDKs when connected to development instances.
The data collected is used to inform Clerk's product roadmap.
To learn more, including how to opt-out from the telemetry program, visit: https://clerk.com/docs/telemetry.

[32m[Nest] 17024  - [39m03/08/2026, 3:39:39 pm [32m    LOG[39m [38;5;3m[NestApplication] [39m[32mNest application successfully started[39m[38;5;3m +629ms[39m
🚀 Application is running on: http://localhost:3001
[32m[Nest] 17024  - [39m03/08/2026, 3:39:46 pm [32m    LOG[39m [38;5;3m[StreamService] [39m[32mStream user synced: user_3HE0SV8kvYSMEx8ggz3MMpOGMYX[39m
[32m[Nest] 17024  - [39m03/08/2026, 3:39:46 pm [32m    LOG[39m [38;5;3m[StreamService] [39m[32mStream user synced: user_3HE0SV8kvYSMEx8ggz3MMpOGMYX[39m
[32m[Nest] 17024  - [39m03/08/2026, 3:39:53 pm [32m    LOG[39m [38;5;3m[StreamService] [39m[32mStream user synced: user_3HE0SV8kvYSMEx8ggz3MMpOGMYX[39m
[32m[Nest] 17024  - [39m03/08/2026, 3:39:54 pm [32m    LOG[39m [38;5;3m[StreamService] [39m[32mStream user synced: user_3HE0SV8kvYSMEx8ggz3MMpOGMYX[39m
[32m[Nest] 17024  - [39m03/08/2026, 3:39:55 pm [32m    LOG[39m [38;5;3m[StreamService] [39m[32mStream user synced: user_3HE0SV8kvYSMEx8ggz3MMpOGMYX[39m
[32m[Nest] 17024  - [39m03/08/2026, 3:39:55 pm [32m    LOG[39m [38;5;3m[StreamService] [39m[32mStream user synced: user_3HE0SV8kvYSMEx8ggz3MMpOGMYX[39m
[32m[Nest] 17024  - [39m03/08/2026, 3:40:05 pm [32m    LOG[39m [38;5;3m[StreamService] [39m[32mStream user synced: user_3HE0SV8kvYSMEx8ggz3MMpOGMYX[39m
[32m[Nest] 17024  - [39m03/08/2026, 3:40:05 pm [32m    LOG[39m [38;5;3m[StreamService] [39m[32mStream user synced: user_3HE0SV8kvYSMEx8ggz3MMpOGMYX[39m
[2J[3J[H[[90m3:40:11 pm[0m] File change detected. Starting incremental compilation...

[[90m3:40:13 pm[0m] Found 0 errors. Watching for file changes.

[32m[Nest] 4932  - [39m03/08/2026, 3:40:21 pm [32m    LOG[39m [38;5;3m[NestFactory] [39m[32mStarting Nest application...[39m
[32m[Nest] 4932  - [39m03/08/2026, 3:40:21 pm [32m    LOG[39m [38;5;3m[InstanceLoader] [39m[32mAppModule dependencies initialized[39m[38;5;3m +46ms[39m
[32m[Nest] 4932  - [39m03/08/2026, 3:40:21 pm [32m    LOG[39m [38;5;3m[InstanceLoader] [39m[32mConfigModule dependencies initialized[39m[38;5;3m +0ms[39m
[32m[Nest] 4932  - [39m03/08/2026, 3:40:21 pm [32m    LOG[39m [38;5;3m[InstanceLoader] [39m[32mConfigHostModule dependencies initialized[39m[38;5;3m +1ms[39m
[32m[Nest] 4932  - [39m03/08/2026, 3:40:21 pm [32m    LOG[39m [38;5;3m[InstanceLoader] [39m[32mHealthModule dependencies initialized[39m[38;5;3m +19ms[39m
[32m[Nest] 4932  - [39m03/08/2026, 3:40:21 pm [32m    LOG[39m [38;5;3m[InstanceLoader] [39m[32mConfigModule dependencies initialized[39m[38;5;3m +0ms[39m
[32m[Nest] 4932  - [39m03/08/2026, 3:40:21 pm [32m    LOG[39m [38;5;3m[InstanceLoader] [39m[32mStreamModule dependencies initialized[39m[38;5;3m +0ms[39m
[32m[Nest] 4932  - [39m03/08/2026, 3:40:21 pm [32m    LOG[39m [38;5;3m[DrizzleProvider] [39m[32mPostgreSQL connection established successfully.[39m
[32m[Nest] 4932  - [39m03/08/2026, 3:40:21 pm [32m    LOG[39m [38;5;3m[InstanceLoader] [39m[32mDatabaseModule dependencies initialized[39m[38;5;3m +2ms[39m
[32m[Nest] 4932  - [39m03/08/2026, 3:40:21 pm [32m    LOG[39m [38;5;3m[InstanceLoader] [39m[32mUsersModule dependencies initialized[39m[38;5;3m +0ms[39m
[32m[Nest] 4932  - [39m03/08/2026, 3:40:21 pm [32m    LOG[39m [38;5;3m[InstanceLoader] [39m[32mNotificationsModule dependencies initialized[39m[38;5;3m +1ms[39m
[32m[Nest] 4932  - [39m03/08/2026, 3:40:21 pm [32m    LOG[39m [38;5;3m[InstanceLoader] [39m[32mDepartmentsModule dependencies initialized[39m[38;5;3m +1ms[39m
[32m[Nest] 4932  - [39m03/08/2026, 3:40:21 pm [32m    LOG[39m [38;5;3m[InstanceLoader] [39m[32mTasksModule dependencies initialized[39m[38;5;3m +0ms[39m
[32m[Nest] 4932  - [39m03/08/2026, 3:40:21 pm [32m    LOG[39m [38;5;3m[InstanceLoader] [39m[32mMeetingsModule dependencies initialized[39m[38;5;3m +0ms[39m
[32m[Nest] 4932  - [39m03/08/2026, 3:40:21 pm [32m    LOG[39m [38;5;3m[InstanceLoader] [39m[32mChannelsModule dependencies initialized[39m[38;5;3m +0ms[39m
[32m[Nest] 4932  - [39m03/08/2026, 3:40:21 pm [32m    LOG[39m [38;5;3m[InstanceLoader] [39m[32mProjectDocumentsModule dependencies initialized[39m[38;5;3m +0ms[39m
[32m[Nest] 4932  - [39m03/08/2026, 3:40:21 pm [32m    LOG[39m [38;5;3m[InstanceLoader] [39m[32mProjectsModule dependencies initialized[39m[38;5;3m +1ms[39m
[32m[Nest] 4932  - [39m03/08/2026, 3:40:21 pm [32m    LOG[39m [38;5;3m[InstanceLoader] [39m[32mProjectAnnouncementsModule dependencies initialized[39m[38;5;3m +0ms[39m
[32m[Nest] 4932  - [39m03/08/2026, 3:40:21 pm [32m    LOG[39m [38;5;3m[InstanceLoader] [39m[32mProjectMilestonesModule dependencies initialized[39m[38;5;3m +0ms[39m
[32m[Nest] 4932  - [39m03/08/2026, 3:40:21 pm [32m    LOG[39m [38;5;3m[InstanceLoader] [39m[32mAiSummaryModule dependencies initialized[39m[38;5;3m +0ms[39m
[32m[Nest] 4932  - [39m03/08/2026, 3:40:21 pm [32m    LOG[39m [38;5;3m[InstanceLoader] [39m[32mClerkModule dependencies initialized[39m[38;5;3m +3ms[39m
[32m[Nest] 4932  - [39m03/08/2026, 3:40:21 pm [32m    LOG[39m [38;5;3m[RoutesResolver] [39m[32mHealthController {/health}:[39m[38;5;3m +8ms[39m
[32m[Nest] 4932  - [39m03/08/2026, 3:40:21 pm [32m    LOG[39m [38;5;3m[RouterExplorer] [39m[32mMapped {/health, GET} route[39m[38;5;3m +4ms[39m
[32m[Nest] 4932  - [39m03/08/2026, 3:40:21 pm [32m    LOG[39m [38;5;3m[RoutesResolver] [39m[32mClerkTestController {/clerk-test}:[39m[38;5;3m +1ms[39m
[32m[Nest] 4932  - [39m03/08/2026, 3:40:21 pm [32m    LOG[39m [38;5;3m[RouterExplorer] [39m[32mMapped {/clerk-test/me, GET} route[39m[38;5;3m +1ms[39m
[32m[Nest] 4932  - [39m03/08/2026, 3:40:21 pm [32m    LOG[39m [38;5;3m[RoutesResolver] [39m[32mStreamController {/stream}:[39m[38;5;3m +0ms[39m
[32m[Nest] 4932  - [39m03/08/2026, 3:40:21 pm [32m    LOG[39m [38;5;3m[RouterExplorer] [39m[32mMapped {/stream/token, GET} route[39m[38;5;3m +0ms[39m
[32m[Nest] 4932  - [39m03/08/2026, 3:40:21 pm [32m    LOG[39m [38;5;3m[RoutesResolver] [39m[32mUsersController {/users}:[39m[38;5;3m +0ms[39m
[32m[Nest] 4932  - [39m03/08/2026, 3:40:21 pm [32m    LOG[39m [38;5;3m[RouterExplorer] [39m[32mMapped {/users/me, GET} route[39m[38;5;3m +1ms[39m
[32m[Nest] 4932  - [39m03/08/2026, 3:40:21 pm [32m    LOG[39m [38;5;3m[RouterExplorer] [39m[32mMapped {/users, GET} route[39m[38;5;3m +1ms[39m
[32m[Nest] 4932  - [39m03/08/2026, 3:40:21 pm [32m    LOG[39m [38;5;3m[RouterExplorer] [39m[32mMapped {/users/:clerkId/role, PATCH} route[39m[38;5;3m +1ms[39m
[32m[Nest] 4932  - [39m03/08/2026, 3:40:21 pm [32m    LOG[39m [38;5;3m[RoutesResolver] [39m[32mChatController {/chat}:[39m[38;5;3m +0ms[39m
[32m[Nest] 4932  - [39m03/08/2026, 3:40:21 pm [32m    LOG[39m [38;5;3m[RouterExplorer] [39m[32mMapped {/chat/token, GET} route[39m[38;5;3m +0ms[39m
[32m[Nest] 4932  - [39m03/08/2026, 3:40:21 pm [32m    LOG[39m [38;5;3m[RouterExplorer] [39m[32mMapped {/chat/direct, POST} route[39m[38;5;3m +1ms[39m
[32m[Nest] 4932  - [39m03/08/2026, 3:40:21 pm [32m    LOG[39m [38;5;3m[RouterExplorer] [39m[32mMapped {/chat/group, POST} route[39m[38;5;3m +0ms[39m
[32m[Nest] 4932  - [39m03/08/2026, 3:40:21 pm [32m    LOG[39m [38;5;3m[RouterExplorer] [39m[32mMapped {/chat/groups/:channelId, GET} route[39m[38;5;3m +1ms[39m
[32m[Nest] 4932  - [39m03/08/2026, 3:40:21 pm [32m    LOG[39m [38;5;3m[RouterExplorer] [39m[32mMapped {/chat/groups/:channelId, PATCH} route[39m[38;5;3m +0ms[39m
[32m[Nest] 4932  - [39m03/08/2026, 3:40:21 pm [32m    LOG[39m [38;5;3m[RouterExplorer] [39m[32mMapped {/chat/groups/:channelId/avatar, PUT} route[39m[38;5;3m +1ms[39m
[32m[Nest] 4932  - [39m03/08/2026, 3:40:21 pm [32m    LOG[39m [38;5;3m[RouterExplorer] [39m[32mMapped {/chat/groups/:channelId/avatar, DELETE} route[39m[38;5;3m +0ms[39m
[32m[Nest] 4932  - [39m03/08/2026, 3:40:21 pm [32m    LOG[39m [38;5;3m[RouterExplorer] [39m[32mMapped {/chat/groups/:channelId/members/:memberId, POST} route[39m[38;5;3m +0ms[39m
[32m[Nest] 4932  - [39m03/08/2026, 3:40:21 pm [32m    LOG[39m [38;5;3m[RouterExplorer] [39m[32mMapped {/chat/groups/:channelId/members/:memberId, DELETE} route[39m[38;5;3m +1ms[39m
[32m[Nest] 4932  - [39m03/08/2026, 3:40:21 pm [32m    LOG[39m [38;5;3m[RouterExplorer] [39m[32mMapped {/chat/groups/:channelId/leave, POST} route[39m[38;5;3m +0ms[39m
[32m[Nest] 4932  - [39m03/08/2026, 3:40:21 pm [32m    LOG[39m [38;5;3m[RouterExplorer] [39m[32mMapped {/chat/groups/:channelId/moderators/:memberId, POST} route[39m[38;5;3m +0ms[39m
[32m[Nest] 4932  - [39m03/08/2026, 3:40:21 pm [32m    LOG[39m [38;5;3m[RouterExplorer] [39m[32mMapped {/chat/groups/:channelId/moderators/:memberId, DELETE} route[39m[38;5;3m +1ms[39m
[32m[Nest] 4932  - [39m03/08/2026, 3:40:21 pm [32m    LOG[39m [38;5;3m[RoutesResolver] [39m[32mTasksController {/tasks}:[39m[38;5;3m +0ms[39m
[32m[Nest] 4932  - [39m03/08/2026, 3:40:21 pm [32m    LOG[39m [38;5;3m[RouterExplorer] [39m[32mMapped {/tasks, POST} route[39m[38;5;3m +0ms[39m
[32m[Nest] 4932  - [39m03/08/2026, 3:40:21 pm [32m    LOG[39m [38;5;3m[RouterExplorer] [39m[32mMapped {/tasks, GET} route[39m[38;5;3m +0ms[39m
[32m[Nest] 4932  - [39m03/08/2026, 3:40:21 pm [32m    LOG[39m [38;5;3m[RouterExplorer] [39m[32mMapped {/tasks/:id, GET} route[39m[38;5;3m +0ms[39m
[32m[Nest] 4932  - [39m03/08/2026, 3:40:21 pm [32m    LOG[39m [38;5;3m[RouterExplorer] [39m[32mMapped {/tasks/:id, PATCH} route[39m[38;5;3m +1ms[39m
[32m[Nest] 4932  - [39m03/08/2026, 3:40:21 pm [32m    LOG[39m [38;5;3m[RouterExplorer] [39m[32mMapped {/tasks/:id/status, PATCH} route[39m[38;5;3m +0ms[39m
[32m[Nest] 4932  - [39m03/08/2026, 3:40:21 pm [32m    LOG[39m [38;5;3m[RouterExplorer] [39m[32mMapped {/tasks/:id, DELETE} route[39m[38;5;3m +0ms[39m
[32m[Nest] 4932  - [39m03/08/2026, 3:40:21 pm [32m    LOG[39m [38;5;3m[RoutesResolver] [39m[32mMeetingsController {/meetings}:[39m[38;5;3m +0ms[39m
[32m[Nest] 4932  - [39m03/08/2026, 3:40:21 pm [32m    LOG[39m [38;5;3m[RouterExplorer] [39m[32mMapped {/meetings, POST} route[39m[38;5;3m +0ms[39m
[32m[Nest] 4932  - [39m03/08/2026, 3:40:21 pm [32m    LOG[39m [38;5;3m[RouterExplorer] [39m[32mMapped {/meetings, GET} route[39m[38;5;3m +1ms[39m
[32m[Nest] 4932  - [39m03/08/2026, 3:40:21 pm [32m    LOG[39m [38;5;3m[RouterExplorer] [39m[32mMapped {/meetings/:id, GET} route[39m[38;5;3m +0ms[39m
[32m[Nest] 4932  - [39m03/08/2026, 3:40:21 pm [32m    LOG[39m [38;5;3m[RouterExplorer] [39m[32mMapped {/meetings/:id, PATCH} route[39m[38;5;3m +0ms[39m
[32m[Nest] 4932  - [39m03/08/2026, 3:40:21 pm [32m    LOG[39m [38;5;3m[RouterExplorer] [39m[32mMapped {/meetings/:id, DELETE} route[39m[38;5;3m +0ms[39m
[32m[Nest] 4932  - [39m03/08/2026, 3:40:21 pm [32m    LOG[39m [38;5;3m[RouterExplorer] [39m[32mMapped {/meetings/:id/join, POST} route[39m[38;5;3m +1ms[39m
[32m[Nest] 4932  - [39m03/08/2026, 3:40:21 pm [32m    LOG[39m [38;5;3m[RouterExplorer] [39m[32mMapped {/meetings/:id/leave, POST} route[39m[38;5;3m +0ms[39m
[32m[Nest] 4932  - [39m03/08/2026, 3:40:21 pm [32m    LOG[39m [38;5;3m[RoutesResolver] [39m[32mDepartmentsController {/departments}:[39m[38;5;3m +0ms[39m
[32m[Nest] 4932  - [39m03/08/2026, 3:40:21 pm [32m    LOG[39m [38;5;3m[RouterExplorer] [39m[32mMapped {/departments, POST} route[39m[38;5;3m +0ms[39m
[32m[Nest] 4932  - [39m03/08/2026, 3:40:21 pm [32m    LOG[39m [38;5;3m[RouterExplorer] [39m[32mMapped {/departments/mine, GET} route[39m[38;5;3m +1ms[39m
[32m[Nest] 4932  - [39m03/08/2026, 3:40:21 pm [32m    LOG[39m [38;5;3m[RouterExplorer] [39m[32mMapped {/departments/:id, GET} route[39m[38;5;3m +0ms[39m
[32m[Nest] 4932  - [39m03/08/2026, 3:40:21 pm [32m    LOG[39m [38;5;3m[RouterExplorer] [39m[32mMapped {/departments/:id, PATCH} route[39m[38;5;3m +0ms[39m
[32m[Nest] 4932  - [39m03/08/2026, 3:40:21 pm [32m    LOG[39m [38;5;3m[RouterExplorer] [39m[32mMapped {/departments/:id, DELETE} route[39m[38;5;3m +0ms[39m
[32m[Nest] 4932  - [39m03/08/2026, 3:40:21 pm [32m    LOG[39m [38;5;3m[RouterExplorer] [39m[32mMapped {/departments/:id/members/:memberId, POST} route[39m[38;5;3m +1ms[39m
[32m[Nest] 4932  - [39m03/08/2026, 3:40:21 pm [32m    LOG[39m [38;5;3m[RouterExplorer] [39m[32mMapped {/departments/:id/members/:memberId, DELETE} route[39m[38;5;3m +0ms[39m
[32m[Nest] 4932  - [39m03/08/2026, 3:40:21 pm [32m    LOG[39m [38;5;3m[RoutesResolver] [39m[32mChannelsController {/channels}:[39m[38;5;3m +0ms[39m
[32m[Nest] 4932  - [39m03/08/2026, 3:40:21 pm [32m    LOG[39m [38;5;3m[RouterExplorer] [39m[32mMapped {/channels, POST} route[39m[38;5;3m +0ms[39m
[32m[Nest] 4932  - [39m03/08/2026, 3:40:21 pm [32m    LOG[39m [38;5;3m[RouterExplorer] [39m[32mMapped {/channels, GET} route[39m[38;5;3m +1ms[39m
[32m[Nest] 4932  - [39m03/08/2026, 3:40:21 pm [32m    LOG[39m [38;5;3m[RouterExplorer] [39m[32mMapped {/channels/:id, GET} route[39m[38;5;3m +0ms[39m
[32m[Nest] 4932  - [39m03/08/2026, 3:40:21 pm [32m    LOG[39m [38;5;3m[RouterExplorer] [39m[32mMapped {/channels/:id, PATCH} route[39m[38;5;3m +0ms[39m
[32m[Nest] 4932  - [39m03/08/2026, 3:40:21 pm [32m    LOG[39m [38;5;3m[RouterExplorer] [39m[32mMapped {/channels/:id, DELETE} route[39m[38;5;3m +1ms[39m
[32m[Nest] 4932  - [39m03/08/2026, 3:40:21 pm [32m    LOG[39m [38;5;3m[RouterExplorer] [39m[32mMapped {/channels/:id/join, POST} route[39m[38;5;3m +0ms[39m
[32m[Nest] 4932  - [39m03/08/2026, 3:40:21 pm [32m    LOG[39m [38;5;3m[RouterExplorer] [39m[32mMapped {/channels/:id/leave, POST} route[39m[38;5;3m +0ms[39m
[32m[Nest] 4932  - [39m03/08/2026, 3:40:21 pm [32m    LOG[39m [38;5;3m[RouterExplorer] [39m[32mMapped {/channels/:id/members, GET} route[39m[38;5;3m +1ms[39m
[32m[Nest] 4932  - [39m03/08/2026, 3:40:21 pm [32m    LOG[39m [38;5;3m[RouterExplorer] [39m[32mMapped {/channels/:id/members/:memberId, POST} route[39m[38;5;3m +0ms[39m
[32m[Nest] 4932  - [39m03/08/2026, 3:40:21 pm [32m    LOG[39m [38;5;3m[RouterExplorer] [39m[32mMapped {/channels/:id/members/:memberId, DELETE} route[39m[38;5;3m +0ms[39m
[32m[Nest] 4932  - [39m03/08/2026, 3:40:21 pm [32m    LOG[39m [38;5;3m[RoutesResolver] [39m[32mNotificationsController {/notifications}:[39m[38;5;3m +0ms[39m
[32m[Nest] 4932  - [39m03/08/2026, 3:40:21 pm [32m    LOG[39m [38;5;3m[RouterExplorer] [39m[32mMapped {/notifications, GET} route[39m[38;5;3m +1ms[39m
[32m[Nest] 4932  - [39m03/08/2026, 3:40:21 pm [32m    LOG[39m [38;5;3m[RouterExplorer] [39m[32mMapped {/notifications/unread-count, GET} route[39m[38;5;3m +0ms[39m
[32m[Nest] 4932  - [39m03/08/2026, 3:40:21 pm [32m    LOG[39m [38;5;3m[RouterExplorer] [39m[32mMapped {/notifications/:id/read, PATCH} route[39m[38;5;3m +0ms[39m
[32m[Nest] 4932  - [39m03/08/2026, 3:40:21 pm [32m    LOG[39m [38;5;3m[RouterExplorer] [39m[32mMapped {/notifications/read-all, PATCH} route[39m[38;5;3m +0ms[39m
[32m[Nest] 4932  - [39m03/08/2026, 3:40:21 pm [32m    LOG[39m [38;5;3m[RouterExplorer] [39m[32mMapped {/notifications/self, POST} route[39m[38;5;3m +0ms[39m
[32m[Nest] 4932  - [39m03/08/2026, 3:40:21 pm [32m    LOG[39m [38;5;3m[RoutesResolver] [39m[32mProjectsController {/projects}:[39m[38;5;3m +1ms[39m
[32m[Nest] 4932  - [39m03/08/2026, 3:40:21 pm [32m    LOG[39m [38;5;3m[RouterExplorer] [39m[32mMapped {/projects, POST} route[39m[38;5;3m +0ms[39m
[32m[Nest] 4932  - [39m03/08/2026, 3:40:21 pm [32m    LOG[39m [38;5;3m[RouterExplorer] [39m[32mMapped {/projects, GET} route[39m[38;5;3m +0ms[39m
[32m[Nest] 4932  - [39m03/08/2026, 3:40:21 pm [32m    LOG[39m [38;5;3m[RouterExplorer] [39m[32mMapped {/projects/:id, GET} route[39m[38;5;3m +0ms[39m
[32m[Nest] 4932  - [39m03/08/2026, 3:40:21 pm [32m    LOG[39m [38;5;3m[RouterExplorer] [39m[32mMapped {/projects/:id, PATCH} route[39m[38;5;3m +1ms[39m
[32m[Nest] 4932  - [39m03/08/2026, 3:40:21 pm [32m    LOG[39m [38;5;3m[RouterExplorer] [39m[32mMapped {/projects/:id, DELETE} route[39m[38;5;3m +0ms[39m
[32m[Nest] 4932  - [39m03/08/2026, 3:40:21 pm [32m    LOG[39m [38;5;3m[RouterExplorer] [39m[32mMapped {/projects/:id/members, GET} route[39m[38;5;3m +0ms[39m
[32m[Nest] 4932  - [39m03/08/2026, 3:40:21 pm [32m    LOG[39m [38;5;3m[RouterExplorer] [39m[32mMapped {/projects/:id/members, POST} route[39m[38;5;3m +0ms[39m
[32m[Nest] 4932  - [39m03/08/2026, 3:40:21 pm [32m    LOG[39m [38;5;3m[RouterExplorer] [39m[32mMapped {/projects/:id/members/:memberId, PATCH} route[39m[38;5;3m +0ms[39m
[32m[Nest] 4932  - [39m03/08/2026, 3:40:21 pm [32m    LOG[39m [38;5;3m[RouterExplorer] [39m[32mMapped {/projects/:id/members/:memberId, DELETE} route[39m[38;5;3m +1ms[39m
[32m[Nest] 4932  - [39m03/08/2026, 3:40:21 pm [32m    LOG[39m [38;5;3m[RoutesResolver] [39m[32mProjectAnnouncementsController {/projects/:projectId/announcements}:[39m[38;5;3m +0ms[39m
[32m[Nest] 4932  - [39m03/08/2026, 3:40:21 pm [32m    LOG[39m [38;5;3m[RouterExplorer] [39m[32mMapped {/projects/:projectId/announcements, GET} route[39m[38;5;3m +0ms[39m
[32m[Nest] 4932  - [39m03/08/2026, 3:40:21 pm [32m    LOG[39m [38;5;3m[RouterExplorer] [39m[32mMapped {/projects/:projectId/announcements, POST} route[39m[38;5;3m +1ms[39m
[32m[Nest] 4932  - [39m03/08/2026, 3:40:21 pm [32m    LOG[39m [38;5;3m[RouterExplorer] [39m[32mMapped {/projects/:projectId/announcements/:id, PATCH} route[39m[38;5;3m +0ms[39m
[32m[Nest] 4932  - [39m03/08/2026, 3:40:21 pm [32m    LOG[39m [38;5;3m[RouterExplorer] [39m[32mMapped {/projects/:projectId/announcements/:id/pin, PATCH} route[39m[38;5;3m +0ms[39m
[32m[Nest] 4932  - [39m03/08/2026, 3:40:21 pm [32m    LOG[39m [38;5;3m[RouterExplorer] [39m[32mMapped {/projects/:projectId/announcements/:id, DELETE} route[39m[38;5;3m +0ms[39m
[32m[Nest] 4932  - [39m03/08/2026, 3:40:21 pm [32m    LOG[39m [38;5;3m[RouterExplorer] [39m[32mMapped {/projects/:projectId/announcements/:id/reactions, POST} route[39m[38;5;3m +1ms[39m
[32m[Nest] 4932  - [39m03/08/2026, 3:40:21 pm [32m    LOG[39m [38;5;3m[RouterExplorer] [39m[32mMapped {/projects/:projectId/announcements/:id/reactions/:emoji, DELETE} route[39m[38;5;3m +0ms[39m
[32m[Nest] 4932  - [39m03/08/2026, 3:40:21 pm [32m    LOG[39m [38;5;3m[RoutesResolver] [39m[32mProjectDocumentsController {/projects/:projectId/documents}:[39m[38;5;3m +0ms[39m
[32m[Nest] 4932  - [39m03/08/2026, 3:40:21 pm [32m    LOG[39m [38;5;3m[RouterExplorer] [39m[32mMapped {/projects/:projectId/documents, POST} route[39m[38;5;3m +1ms[39m
[32m[Nest] 4932  - [39m03/08/2026, 3:40:21 pm [32m    LOG[39m [38;5;3m[RouterExplorer] [39m[32mMapped {/projects/:projectId/documents, GET} route[39m[38;5;3m +0ms[39m
[32m[Nest] 4932  - [39m03/08/2026, 3:40:21 pm [32m    LOG[39m [38;5;3m[RouterExplorer] [39m[32mMapped {/projects/:projectId/documents/:id/download, GET} route[39m[38;5;3m +0ms[39m
[32m[Nest] 4932  - [39m03/08/2026, 3:40:21 pm [32m    LOG[39m [38;5;3m[RouterExplorer] [39m[32mMapped {/projects/:projectId/documents/:id/preview, GET} route[39m[38;5;3m +1ms[39m
[32m[Nest] 4932  - [39m03/08/2026, 3:40:21 pm [32m    LOG[39m [38;5;3m[RouterExplorer] [39m[32mMapped {/projects/:projectId/documents/:id, DELETE} route[39m[38;5;3m +0ms[39m
[32m[Nest] 4932  - [39m03/08/2026, 3:40:21 pm [32m    LOG[39m [38;5;3m[RoutesResolver] [39m[32mProjectMilestonesController {/projects/:projectId/milestones}:[39m[38;5;3m +0ms[39m
[32m[Nest] 4932  - [39m03/08/2026, 3:40:21 pm [32m    LOG[39m [38;5;3m[RouterExplorer] [39m[32mMapped {/projects/:projectId/milestones, GET} route[39m[38;5;3m +0ms[39m
[32m[Nest] 4932  - [39m03/08/2026, 3:40:21 pm [32m    LOG[39m [38;5;3m[RouterExplorer] [39m[32mMapped {/projects/:projectId/milestones, POST} route[39m[38;5;3m +0ms[39m
[32m[Nest] 4932  - [39m03/08/2026, 3:40:21 pm [32m    LOG[39m [38;5;3m[RouterExplorer] [39m[32mMapped {/projects/:projectId/milestones/:id, PATCH} route[39m[38;5;3m +1ms[39m
[32m[Nest] 4932  - [39m03/08/2026, 3:40:21 pm [32m    LOG[39m [38;5;3m[RouterExplorer] [39m[32mMapped {/projects/:projectId/milestones/:id/status, PATCH} route[39m[38;5;3m +0ms[39m
[32m[Nest] 4932  - [39m03/08/2026, 3:40:21 pm [32m    LOG[39m [38;5;3m[RouterExplorer] [39m[32mMapped {/projects/:projectId/milestones/:id/progress, PATCH} route[39m[38;5;3m +0ms[39m
[32m[Nest] 4932  - [39m03/08/2026, 3:40:21 pm [32m    LOG[39m [38;5;3m[RouterExplorer] [39m[32mMapped {/projects/:projectId/milestones/:id, DELETE} route[39m[38;5;3m +0ms[39m
[32m[Nest] 4932  - [39m03/08/2026, 3:40:21 pm [32m    LOG[39m [38;5;3m[RoutesResolver] [39m[32mAiSummaryController {/projects/:projectId/ai-summary}:[39m[38;5;3m +1ms[39m
[32m[Nest] 4932  - [39m03/08/2026, 3:40:21 pm [32m    LOG[39m [38;5;3m[RouterExplorer] [39m[32mMapped {/projects/:projectId/ai-summary, GET} route[39m[38;5;3m +0ms[39m
[32m[Nest] 4932  - [39m03/08/2026, 3:40:21 pm [32m    LOG[39m [38;5;3m[StreamService] [39m[32mStream Chat server client initialized.[39m
Attention: Clerk collects telemetry data from its SDKs when connected to development instances.
The data collected is used to inform Clerk's product roadmap.
To learn more, including how to opt-out from the telemetry program, visit: https://clerk.com/docs/telemetry.

[32m[Nest] 4932  - [39m03/08/2026, 3:40:22 pm [32m    LOG[39m [38;5;3m[NestApplication] [39m[32mNest application successfully started[39m[38;5;3m +582ms[39m
🚀 Application is running on: http://localhost:3001
[2J[3J[H[[90m3:40:24 pm[0m] File change detected. Starting incremental compilation...

[96msrc/tasks/tasks.service.ts[0m:[93m26[0m:[93m36[0m - [91merror[0m[90m TS2339: [0mProperty 'createTaskChannel' does not exist on type 'TasksService'.

[7m26[0m       streamChannelId = await this.createTaskChannel(userId, dto.title, dto.assignee);
[7m  [0m [91m                                   ~~~~~~~~~~~~~~~~~[0m

[[90m3:40:25 pm[0m] Found 1 error. Watching for file changes.

[32m[Nest] 4932  - [39m03/08/2026, 3:40:25 pm [32m    LOG[39m [38;5;3m[StreamService] [39m[32mStream user synced: user_3HE0SV8kvYSMEx8ggz3MMpOGMYX[39m
[32m[Nest] 4932  - [39m03/08/2026, 3:40:25 pm [32m    LOG[39m [38;5;3m[StreamService] [39m[32mStream user synced: user_3HE0SV8kvYSMEx8ggz3MMpOGMYX[39m
[2J[3J[H[[90m3:40:30 pm[0m] File change detected. Starting incremental compilation...

[[90m3:40:31 pm[0m] Found 0 errors. Watching for file changes.

[2J[3J[H[[90m3:40:36 pm[0m] File change detected. Starting incremental compilation...

[32m[Nest] 67416  - [39m03/08/2026, 3:40:37 pm [32m    LOG[39m [38;5;3m[NestFactory] [39m[32mStarting Nest application...[39m
[32m[Nest] 67416  - [39m03/08/2026, 3:40:37 pm [32m    LOG[39m [38;5;3m[InstanceLoader] [39m[32mAppModule dependencies initialized[39m[38;5;3m +54ms[39m
[32m[Nest] 67416  - [39m03/08/2026, 3:40:37 pm [32m    LOG[39m [38;5;3m[InstanceLoader] [39m[32mConfigModule dependencies initialized[39m[38;5;3m +0ms[39m
[32m[Nest] 67416  - [39m03/08/2026, 3:40:37 pm [32m    LOG[39m [38;5;3m[InstanceLoader] [39m[32mConfigHostModule dependencies initialized[39m[38;5;3m +1ms[39m
[32m[Nest] 67416  - [39m03/08/2026, 3:40:37 pm [32m    LOG[39m [38;5;3m[InstanceLoader] [39m[32mHealthModule dependencies initialized[39m[38;5;3m +27ms[39m
[32m[Nest] 67416  - [39m03/08/2026, 3:40:37 pm [32m    LOG[39m [38;5;3m[InstanceLoader] [39m[32mConfigModule dependencies initialized[39m[38;5;3m +0ms[39m
[32m[Nest] 67416  - [39m03/08/2026, 3:40:37 pm [32m    LOG[39m [38;5;3m[InstanceLoader] [39m[32mStreamModule dependencies initialized[39m[38;5;3m +0ms[39m
[[90m3:40:37 pm[0m] Found 0 errors. Watching for file changes.

[2J[3J[H[[90m3:40:41 pm[0m] File change detected. Starting incremental compilation...

[[90m3:40:42 pm[0m] Found 0 errors. Watching for file changes.

[32m[Nest] 47712  - [39m03/08/2026, 3:40:48 pm [32m    LOG[39m [38;5;3m[NestFactory] [39m[32mStarting Nest application...[39m
[32m[Nest] 47712  - [39m03/08/2026, 3:40:48 pm [32m    LOG[39m [38;5;3m[InstanceLoader] [39m[32mAppModule dependencies initialized[39m[38;5;3m +41ms[39m
[32m[Nest] 47712  - [39m03/08/2026, 3:40:48 pm [32m    LOG[39m [38;5;3m[InstanceLoader] [39m[32mConfigModule dependencies initialized[39m[38;5;3m +0ms[39m
[32m[Nest] 47712  - [39m03/08/2026, 3:40:48 pm [32m    LOG[39m [38;5;3m[InstanceLoader] [39m[32mConfigHostModule dependencies initialized[39m[38;5;3m +1ms[39m
[32m[Nest] 47712  - [39m03/08/2026, 3:40:48 pm [32m    LOG[39m [38;5;3m[InstanceLoader] [39m[32mHealthModule dependencies initialized[39m[38;5;3m +22ms[39m
[32m[Nest] 47712  - [39m03/08/2026, 3:40:48 pm [32m    LOG[39m [38;5;3m[InstanceLoader] [39m[32mConfigModule dependencies initialized[39m[38;5;3m +0ms[39m
[32m[Nest] 47712  - [39m03/08/2026, 3:40:48 pm [32m    LOG[39m [38;5;3m[InstanceLoader] [39m[32mStreamModule dependencies initialized[39m[38;5;3m +1ms[39m
[32m[Nest] 47712  - [39m03/08/2026, 3:40:48 pm [32m    LOG[39m [38;5;3m[DrizzleProvider] [39m[32mPostgreSQL connection established successfully.[39m
[32m[Nest] 47712  - [39m03/08/2026, 3:40:48 pm [32m    LOG[39m [38;5;3m[InstanceLoader] [39m[32mDatabaseModule dependencies initialized[39m[38;5;3m +8ms[39m
[32m[Nest] 47712  - [39m03/08/2026, 3:40:48 pm [32m    LOG[39m [38;5;3m[InstanceLoader] [39m[32mUsersModule dependencies initialized[39m[38;5;3m +1ms[39m
[32m[Nest] 47712  - [39m03/08/2026, 3:40:48 pm [32m    LOG[39m [38;5;3m[InstanceLoader] [39m[32mNotificationsModule dependencies initialized[39m[38;5;3m +0ms[39m
[32m[Nest] 47712  - [39m03/08/2026, 3:40:48 pm [32m    LOG[39m [38;5;3m[InstanceLoader] [39m[32mDepartmentsModule dependencies initialized[39m[38;5;3m +2ms[39m
[32m[Nest] 47712  - [39m03/08/2026, 3:40:48 pm [32m    LOG[39m [38;5;3m[InstanceLoader] [39m[32mTasksModule dependencies initialized[39m[38;5;3m +0ms[39m
[32m[Nest] 47712  - [39m03/08/2026, 3:40:48 pm [32m    LOG[39m [38;5;3m[InstanceLoader] [39m[32mMeetingsModule dependencies initialized[39m[38;5;3m +0ms[39m
[32m[Nest] 47712  - [39m03/08/2026, 3:40:48 pm [32m    LOG[39m [38;5;3m[InstanceLoader] [39m[32mChannelsModule dependencies initialized[39m[38;5;3m +1ms[39m
[32m[Nest] 47712  - [39m03/08/2026, 3:40:48 pm [32m    LOG[39m [38;5;3m[InstanceLoader] [39m[32mProjectDocumentsModule dependencies initialized[39m[38;5;3m +0ms[39m
[32m[Nest] 47712  - [39m03/08/2026, 3:40:48 pm [32m    LOG[39m [38;5;3m[InstanceLoader] [39m[32mProjectsModule dependencies initialized[39m[38;5;3m +0ms[39m
[32m[Nest] 47712  - [39m03/08/2026, 3:40:48 pm [32m    LOG[39m [38;5;3m[InstanceLoader] [39m[32mProjectAnnouncementsModule dependencies initialized[39m[38;5;3m +0ms[39m
[32m[Nest] 47712  - [39m03/08/2026, 3:40:48 pm [32m    LOG[39m [38;5;3m[InstanceLoader] [39m[32mProjectMilestonesModule dependencies initialized[39m[38;5;3m +0ms[39m
[32m[Nest] 47712  - [39m03/08/2026, 3:40:48 pm [32m    LOG[39m [38;5;3m[InstanceLoader] [39m[32mAiSummaryModule dependencies initialized[39m[38;5;3m +1ms[39m
[32m[Nest] 47712  - [39m03/08/2026, 3:40:48 pm [32m    LOG[39m [38;5;3m[InstanceLoader] [39m[32mClerkModule dependencies initialized[39m[38;5;3m +3ms[39m
[32m[Nest] 47712  - [39m03/08/2026, 3:40:48 pm [32m    LOG[39m [38;5;3m[RoutesResolver] [39m[32mHealthController {/health}:[39m[38;5;3m +11ms[39m
[32m[Nest] 47712  - [39m03/08/2026, 3:40:48 pm [32m    LOG[39m [38;5;3m[RouterExplorer] [39m[32mMapped {/health, GET} route[39m[38;5;3m +6ms[39m
[32m[Nest] 47712  - [39m03/08/2026, 3:40:48 pm [32m    LOG[39m [38;5;3m[RoutesResolver] [39m[32mClerkTestController {/clerk-test}:[39m[38;5;3m +0ms[39m
[32m[Nest] 47712  - [39m03/08/2026, 3:40:48 pm [32m    LOG[39m [38;5;3m[RouterExplorer] [39m[32mMapped {/clerk-test/me, GET} route[39m[38;5;3m +2ms[39m
[32m[Nest] 47712  - [39m03/08/2026, 3:40:48 pm [32m    LOG[39m [38;5;3m[RoutesResolver] [39m[32mStreamController {/stream}:[39m[38;5;3m +0ms[39m
[32m[Nest] 47712  - [39m03/08/2026, 3:40:48 pm [32m    LOG[39m [38;5;3m[RouterExplorer] [39m[32mMapped {/stream/token, GET} route[39m[38;5;3m +1ms[39m
[32m[Nest] 47712  - [39m03/08/2026, 3:40:48 pm [32m    LOG[39m [38;5;3m[RoutesResolver] [39m[32mUsersController {/users}:[39m[38;5;3m +0ms[39m
[32m[Nest] 47712  - [39m03/08/2026, 3:40:48 pm [32m    LOG[39m [38;5;3m[RouterExplorer] [39m[32mMapped {/users/me, GET} route[39m[38;5;3m +1ms[39m
[32m[Nest] 47712  - [39m03/08/2026, 3:40:48 pm [32m    LOG[39m [38;5;3m[RouterExplorer] [39m[32mMapped {/users, GET} route[39m[38;5;3m +0ms[39m
[32m[Nest] 47712  - [39m03/08/2026, 3:40:48 pm [32m    LOG[39m [38;5;3m[RouterExplorer] [39m[32mMapped {/users/:clerkId/role, PATCH} route[39m[38;5;3m +1ms[39m
[32m[Nest] 47712  - [39m03/08/2026, 3:40:48 pm [32m    LOG[39m [38;5;3m[RoutesResolver] [39m[32mChatController {/chat}:[39m[38;5;3m +1ms[39m
[32m[Nest] 47712  - [39m03/08/2026, 3:40:48 pm [32m    LOG[39m [38;5;3m[RouterExplorer] [39m[32mMapped {/chat/token, GET} route[39m[38;5;3m +0ms[39m
[32m[Nest] 47712  - [39m03/08/2026, 3:40:48 pm [32m    LOG[39m [38;5;3m[RouterExplorer] [39m[32mMapped {/chat/direct, POST} route[39m[38;5;3m +1ms[39m
[32m[Nest] 47712  - [39m03/08/2026, 3:40:48 pm [32m    LOG[39m [38;5;3m[RouterExplorer] [39m[32mMapped {/chat/group, POST} route[39m[38;5;3m +0ms[39m
[32m[Nest] 47712  - [39m03/08/2026, 3:40:48 pm [32m    LOG[39m [38;5;3m[RouterExplorer] [39m[32mMapped {/chat/groups/:channelId, GET} route[39m[38;5;3m +1ms[39m
[32m[Nest] 47712  - [39m03/08/2026, 3:40:48 pm [32m    LOG[39m [38;5;3m[RouterExplorer] [39m[32mMapped {/chat/groups/:channelId, PATCH} route[39m[38;5;3m +0ms[39m
[32m[Nest] 47712  - [39m03/08/2026, 3:40:48 pm [32m    LOG[39m [38;5;3m[RouterExplorer] [39m[32mMapped {/chat/groups/:channelId/avatar, PUT} route[39m[38;5;3m +1ms[39m
[32m[Nest] 47712  - [39m03/08/2026, 3:40:48 pm [32m    LOG[39m [38;5;3m[RouterExplorer] [39m[32mMapped {/chat/groups/:channelId/avatar, DELETE} route[39m[38;5;3m +0ms[39m
[32m[Nest] 47712  - [39m03/08/2026, 3:40:48 pm [32m    LOG[39m [38;5;3m[RouterExplorer] [39m[32mMapped {/chat/groups/:channelId/members/:memberId, POST} route[39m[38;5;3m +0ms[39m
[32m[Nest] 47712  - [39m03/08/2026, 3:40:48 pm [32m    LOG[39m [38;5;3m[RouterExplorer] [39m[32mMapped {/chat/groups/:channelId/members/:memberId, DELETE} route[39m[38;5;3m +1ms[39m
[32m[Nest] 47712  - [39m03/08/2026, 3:40:48 pm [32m    LOG[39m [38;5;3m[RouterExplorer] [39m[32mMapped {/chat/groups/:channelId/leave, POST} route[39m[38;5;3m +0ms[39m
[32m[Nest] 47712  - [39m03/08/2026, 3:40:48 pm [32m    LOG[39m [38;5;3m[RouterExplorer] [39m[32mMapped {/chat/groups/:channelId/moderators/:memberId, POST} route[39m[38;5;3m +0ms[39m
[32m[Nest] 47712  - [39m03/08/2026, 3:40:48 pm [32m    LOG[39m [38;5;3m[RouterExplorer] [39m[32mMapped {/chat/groups/:channelId/moderators/:memberId, DELETE} route[39m[38;5;3m +1ms[39m
[32m[Nest] 47712  - [39m03/08/2026, 3:40:48 pm [32m    LOG[39m [38;5;3m[RoutesResolver] [39m[32mTasksController {/tasks}:[39m[38;5;3m +0ms[39m
[32m[Nest] 47712  - [39m03/08/2026, 3:40:48 pm [32m    LOG[39m [38;5;3m[RouterExplorer] [39m[32mMapped {/tasks, POST} route[39m[38;5;3m +0ms[39m
[32m[Nest] 47712  - [39m03/08/2026, 3:40:48 pm [32m    LOG[39m [38;5;3m[RouterExplorer] [39m[32mMapped {/tasks, GET} route[39m[38;5;3m +0ms[39m
[32m[Nest] 47712  - [39m03/08/2026, 3:40:48 pm [32m    LOG[39m [38;5;3m[RouterExplorer] [39m[32mMapped {/tasks/:id, GET} route[39m[38;5;3m +1ms[39m
[32m[Nest] 47712  - [39m03/08/2026, 3:40:48 pm [32m    LOG[39m [38;5;3m[RouterExplorer] [39m[32mMapped {/tasks/:id/channel, POST} route[39m[38;5;3m +0ms[39m
[32m[Nest] 47712  - [39m03/08/2026, 3:40:48 pm [32m    LOG[39m [38;5;3m[RouterExplorer] [39m[32mMapped {/tasks/:id, PATCH} route[39m[38;5;3m +0ms[39m
[32m[Nest] 47712  - [39m03/08/2026, 3:40:48 pm [32m    LOG[39m [38;5;3m[RouterExplorer] [39m[32mMapped {/tasks/:id/status, PATCH} route[39m[38;5;3m +0ms[39m
[32m[Nest] 47712  - [39m03/08/2026, 3:40:48 pm [32m    LOG[39m [38;5;3m[RouterExplorer] [39m[32mMapped {/tasks/:id, DELETE} route[39m[38;5;3m +1ms[39m
[32m[Nest] 47712  - [39m03/08/2026, 3:40:48 pm [32m    LOG[39m [38;5;3m[RoutesResolver] [39m[32mMeetingsController {/meetings}:[39m[38;5;3m +0ms[39m
[32m[Nest] 47712  - [39m03/08/2026, 3:40:48 pm [32m    LOG[39m [38;5;3m[RouterExplorer] [39m[32mMapped {/meetings, POST} route[39m[38;5;3m +0ms[39m
[32m[Nest] 47712  - [39m03/08/2026, 3:40:48 pm [32m    LOG[39m [38;5;3m[RouterExplorer] [39m[32mMapped {/meetings, GET} route[39m[38;5;3m +0ms[39m
[32m[Nest] 47712  - [39m03/08/2026, 3:40:48 pm [32m    LOG[39m [38;5;3m[RouterExplorer] [39m[32mMapped {/meetings/:id, GET} route[39m[38;5;3m +1ms[39m
[32m[Nest] 47712  - [39m03/08/2026, 3:40:48 pm [32m    LOG[39m [38;5;3m[RouterExplorer] [39m[32mMapped {/meetings/:id, PATCH} route[39m[38;5;3m +0ms[39m
[32m[Nest] 47712  - [39m03/08/2026, 3:40:48 pm [32m    LOG[39m [38;5;3m[RouterExplorer] [39m[32mMapped {/meetings/:id, DELETE} route[39m[38;5;3m +0ms[39m
[32m[Nest] 47712  - [39m03/08/2026, 3:40:48 pm [32m    LOG[39m [38;5;3m[RouterExplorer] [39m[32mMapped {/meetings/:id/join, POST} route[39m[38;5;3m +0ms[39m
[32m[Nest] 47712  - [39m03/08/2026, 3:40:48 pm [32m    LOG[39m [38;5;3m[RouterExplorer] [39m[32mMapped {/meetings/:id/leave, POST} route[39m[38;5;3m +1ms[39m
[32m[Nest] 47712  - [39m03/08/2026, 3:40:48 pm [32m    LOG[39m [38;5;3m[RoutesResolver] [39m[32mDepartmentsController {/departments}:[39m[38;5;3m +0ms[39m
[32m[Nest] 47712  - [39m03/08/2026, 3:40:48 pm [32m    LOG[39m [38;5;3m[RouterExplorer] [39m[32mMapped {/departments, POST} route[39m[38;5;3m +0ms[39m
[32m[Nest] 47712  - [39m03/08/2026, 3:40:48 pm [32m    LOG[39m [38;5;3m[RouterExplorer] [39m[32mMapped {/departments/mine, GET} route[39m[38;5;3m +0ms[39m
[32m[Nest] 47712  - [39m03/08/2026, 3:40:48 pm [32m    LOG[39m [38;5;3m[RouterExplorer] [39m[32mMapped {/departments/:id, GET} route[39m[38;5;3m +1ms[39m
[32m[Nest] 47712  - [39m03/08/2026, 3:40:48 pm [32m    LOG[39m [38;5;3m[RouterExplorer] [39m[32mMapped {/departments/:id, PATCH} route[39m[38;5;3m +0ms[39m
[32m[Nest] 47712  - [39m03/08/2026, 3:40:48 pm [32m    LOG[39m [38;5;3m[RouterExplorer] [39m[32mMapped {/departments/:id, DELETE} route[39m[38;5;3m +0ms[39m
[32m[Nest] 47712  - [39m03/08/2026, 3:40:48 pm [32m    LOG[39m [38;5;3m[RouterExplorer] [39m[32mMapped {/departments/:id/members/:memberId, POST} route[39m[38;5;3m +0ms[39m
[32m[Nest] 47712  - [39m03/08/2026, 3:40:48 pm [32m    LOG[39m [38;5;3m[RouterExplorer] [39m[32mMapped {/departments/:id/members/:memberId, DELETE} route[39m[38;5;3m +1ms[39m
[32m[Nest] 47712  - [39m03/08/2026, 3:40:48 pm [32m    LOG[39m [38;5;3m[RoutesResolver] [39m[32mChannelsController {/channels}:[39m[38;5;3m +0ms[39m
[32m[Nest] 47712  - [39m03/08/2026, 3:40:48 pm [32m    LOG[39m [38;5;3m[RouterExplorer] [39m[32mMapped {/channels, POST} route[39m[38;5;3m +0ms[39m
[32m[Nest] 47712  - [39m03/08/2026, 3:40:48 pm [32m    LOG[39m [38;5;3m[RouterExplorer] [39m[32mMapped {/channels, GET} route[39m[38;5;3m +0ms[39m
[32m[Nest] 47712  - [39m03/08/2026, 3:40:48 pm [32m    LOG[39m [38;5;3m[RouterExplorer] [39m[32mMapped {/channels/:id, GET} route[39m[38;5;3m +1ms[39m
[32m[Nest] 47712  - [39m03/08/2026, 3:40:48 pm [32m    LOG[39m [38;5;3m[RouterExplorer] [39m[32mMapped {/channels/:id, PATCH} route[39m[38;5;3m +0ms[39m
[32m[Nest] 47712  - [39m03/08/2026, 3:40:48 pm [32m    LOG[39m [38;5;3m[RouterExplorer] [39m[32mMapped {/channels/:id, DELETE} route[39m[38;5;3m +0ms[39m
[32m[Nest] 47712  - [39m03/08/2026, 3:40:48 pm [32m    LOG[39m [38;5;3m[RouterExplorer] [39m[32mMapped {/channels/:id/join, POST} route[39m[38;5;3m +0ms[39m
[32m[Nest] 47712  - [39m03/08/2026, 3:40:48 pm [32m    LOG[39m [38;5;3m[RouterExplorer] [39m[32mMapped {/channels/:id/leave, POST} route[39m[38;5;3m +0ms[39m
[32m[Nest] 47712  - [39m03/08/2026, 3:40:48 pm [32m    LOG[39m [38;5;3m[RouterExplorer] [39m[32mMapped {/channels/:id/members, GET} route[39m[38;5;3m +1ms[39m
[32m[Nest] 47712  - [39m03/08/2026, 3:40:48 pm [32m    LOG[39m [38;5;3m[RouterExplorer] [39m[32mMapped {/channels/:id/members/:memberId, POST} route[39m[38;5;3m +0ms[39m
[32m[Nest] 47712  - [39m03/08/2026, 3:40:48 pm [32m    LOG[39m [38;5;3m[RouterExplorer] [39m[32mMapped {/channels/:id/members/:memberId, DELETE} route[39m[38;5;3m +0ms[39m
[32m[Nest] 47712  - [39m03/08/2026, 3:40:48 pm [32m    LOG[39m [38;5;3m[RoutesResolver] [39m[32mNotificationsController {/notifications}:[39m[38;5;3m +0ms[39m
[32m[Nest] 47712  - [39m03/08/2026, 3:40:48 pm [32m    LOG[39m [38;5;3m[RouterExplorer] [39m[32mMapped {/notifications, GET} route[39m[38;5;3m +1ms[39m
[32m[Nest] 47712  - [39m03/08/2026, 3:40:48 pm [32m    LOG[39m [38;5;3m[RouterExplorer] [39m[32mMapped {/notifications/unread-count, GET} route[39m[38;5;3m +0ms[39m
[32m[Nest] 47712  - [39m03/08/2026, 3:40:48 pm [32m    LOG[39m [38;5;3m[RouterExplorer] [39m[32mMapped {/notifications/:id/read, PATCH} route[39m[38;5;3m +0ms[39m
[32m[Nest] 47712  - [39m03/08/2026, 3:40:48 pm [32m    LOG[39m [38;5;3m[RouterExplorer] [39m[32mMapped {/notifications/read-all, PATCH} route[39m[38;5;3m +0ms[39m
[32m[Nest] 47712  - [39m03/08/2026, 3:40:48 pm [32m    LOG[39m [38;5;3m[RouterExplorer] [39m[32mMapped {/notifications/self, POST} route[39m[38;5;3m +1ms[39m
[32m[Nest] 47712  - [39m03/08/2026, 3:40:48 pm [32m    LOG[39m [38;5;3m[RoutesResolver] [39m[32mProjectsController {/projects}:[39m[38;5;3m +0ms[39m
[32m[Nest] 47712  - [39m03/08/2026, 3:40:48 pm [32m    LOG[39m [38;5;3m[RouterExplorer] [39m[32mMapped {/projects, POST} route[39m[38;5;3m +0ms[39m
[32m[Nest] 47712  - [39m03/08/2026, 3:40:48 pm [32m    LOG[39m [38;5;3m[RouterExplorer] [39m[32mMapped {/projects, GET} route[39m[38;5;3m +0ms[39m
[32m[Nest] 47712  - [39m03/08/2026, 3:40:48 pm [32m    LOG[39m [38;5;3m[RouterExplorer] [39m[32mMapped {/projects/:id, GET} route[39m[38;5;3m +0ms[39m
[32m[Nest] 47712  - [39m03/08/2026, 3:40:48 pm [32m    LOG[39m [38;5;3m[RouterExplorer] [39m[32mMapped {/projects/:id, PATCH} route[39m[38;5;3m +1ms[39m
[32m[Nest] 47712  - [39m03/08/2026, 3:40:48 pm [32m    LOG[39m [38;5;3m[RouterExplorer] [39m[32mMapped {/projects/:id, DELETE} route[39m[38;5;3m +0ms[39m
[32m[Nest] 47712  - [39m03/08/2026, 3:40:48 pm [32m    LOG[39m [38;5;3m[RouterExplorer] [39m[32mMapped {/projects/:id/members, GET} route[39m[38;5;3m +0ms[39m
[32m[Nest] 47712  - [39m03/08/2026, 3:40:48 pm [32m    LOG[39m [38;5;3m[RouterExplorer] [39m[32mMapped {/projects/:id/members, POST} route[39m[38;5;3m +0ms[39m
[32m[Nest] 47712  - [39m03/08/2026, 3:40:48 pm [32m    LOG[39m [38;5;3m[RouterExplorer] [39m[32mMapped {/projects/:id/members/:memberId, PATCH} route[39m[38;5;3m +1ms[39m
[32m[Nest] 47712  - [39m03/08/2026, 3:40:48 pm [32m    LOG[39m [38;5;3m[RouterExplorer] [39m[32mMapped {/projects/:id/members/:memberId, DELETE} route[39m[38;5;3m +0ms[39m
[32m[Nest] 47712  - [39m03/08/2026, 3:40:48 pm [32m    LOG[39m [38;5;3m[RoutesResolver] [39m[32mProjectAnnouncementsController {/projects/:projectId/announcements}:[39m[38;5;3m +0ms[39m
[32m[Nest] 47712  - [39m03/08/2026, 3:40:48 pm [32m    LOG[39m [38;5;3m[RouterExplorer] [39m[32mMapped {/projects/:projectId/announcements, GET} route[39m[38;5;3m +1ms[39m
[32m[Nest] 47712  - [39m03/08/2026, 3:40:48 pm [32m    LOG[39m [38;5;3m[RouterExplorer] [39m[32mMapped {/projects/:projectId/announcements, POST} route[39m[38;5;3m +0ms[39m
[32m[Nest] 47712  - [39m03/08/2026, 3:40:48 pm [32m    LOG[39m [38;5;3m[RouterExplorer] [39m[32mMapped {/projects/:projectId/announcements/:id, PATCH} route[39m[38;5;3m +0ms[39m
[32m[Nest] 47712  - [39m03/08/2026, 3:40:48 pm [32m    LOG[39m [38;5;3m[RouterExplorer] [39m[32mMapped {/projects/:projectId/announcements/:id/pin, PATCH} route[39m[38;5;3m +0ms[39m
[32m[Nest] 47712  - [39m03/08/2026, 3:40:48 pm [32m    LOG[39m [38;5;3m[RouterExplorer] [39m[32mMapped {/projects/:projectId/announcements/:id, DELETE} route[39m[38;5;3m +1ms[39m
[32m[Nest] 47712  - [39m03/08/2026, 3:40:48 pm [32m    LOG[39m [38;5;3m[RouterExplorer] [39m[32mMapped {/projects/:projectId/announcements/:id/reactions, POST} route[39m[38;5;3m +0ms[39m
[32m[Nest] 47712  - [39m03/08/2026, 3:40:48 pm [32m    LOG[39m [38;5;3m[RouterExplorer] [39m[32mMapped {/projects/:projectId/announcements/:id/reactions/:emoji, DELETE} route[39m[38;5;3m +0ms[39m
[32m[Nest] 47712  - [39m03/08/2026, 3:40:48 pm [32m    LOG[39m [38;5;3m[RoutesResolver] [39m[32mProjectDocumentsController {/projects/:projectId/documents}:[39m[38;5;3m +0ms[39m
[32m[Nest] 47712  - [39m03/08/2026, 3:40:48 pm [32m    LOG[39m [38;5;3m[RouterExplorer] [39m[32mMapped {/projects/:projectId/documents, POST} route[39m[38;5;3m +1ms[39m
[32m[Nest] 47712  - [39m03/08/2026, 3:40:48 pm [32m    LOG[39m [38;5;3m[RouterExplorer] [39m[32mMapped {/projects/:projectId/documents, GET} route[39m[38;5;3m +1ms[39m
[32m[Nest] 47712  - [39m03/08/2026, 3:40:48 pm [32m    LOG[39m [38;5;3m[RouterExplorer] [39m[32mMapped {/projects/:projectId/documents/:id/download, GET} route[39m[38;5;3m +0ms[39m
[32m[Nest] 47712  - [39m03/08/2026, 3:40:48 pm [32m    LOG[39m [38;5;3m[RouterExplorer] [39m[32mMapped {/projects/:projectId/documents/:id/preview, GET} route[39m[38;5;3m +0ms[39m
[32m[Nest] 47712  - [39m03/08/2026, 3:40:48 pm [32m    LOG[39m [38;5;3m[RouterExplorer] [39m[32mMapped {/projects/:projectId/documents/:id, DELETE} route[39m[38;5;3m +0ms[39m
[32m[Nest] 47712  - [39m03/08/2026, 3:40:48 pm [32m    LOG[39m [38;5;3m[RoutesResolver] [39m[32mProjectMilestonesController {/projects/:projectId/milestones}:[39m[38;5;3m +0ms[39m
[32m[Nest] 47712  - [39m03/08/2026, 3:40:48 pm [32m    LOG[39m [38;5;3m[RouterExplorer] [39m[32mMapped {/projects/:projectId/milestones, GET} route[39m[38;5;3m +1ms[39m
[32m[Nest] 47712  - [39m03/08/2026, 3:40:48 pm [32m    LOG[39m [38;5;3m[RouterExplorer] [39m[32mMapped {/projects/:projectId/milestones, POST} route[39m[38;5;3m +0ms[39m
[32m[Nest] 47712  - [39m03/08/2026, 3:40:48 pm [32m    LOG[39m [38;5;3m[RouterExplorer] [39m[32mMapped {/projects/:projectId/milestones/:id, PATCH} route[39m[38;5;3m +0ms[39m
[32m[Nest] 47712  - [39m03/08/2026, 3:40:48 pm [32m    LOG[39m [38;5;3m[RouterExplorer] [39m[32mMapped {/projects/:projectId/milestones/:id/status, PATCH} route[39m[38;5;3m +1ms[39m
[32m[Nest] 47712  - [39m03/08/2026, 3:40:48 pm [32m    LOG[39m [38;5;3m[RouterExplorer] [39m[32mMapped {/projects/:projectId/milestones/:id/progress, PATCH} route[39m[38;5;3m +0ms[39m
[32m[Nest] 47712  - [39m03/08/2026, 3:40:48 pm [32m    LOG[39m [38;5;3m[RouterExplorer] [39m[32mMapped {/projects/:projectId/milestones/:id, DELETE} route[39m[38;5;3m +0ms[39m
[32m[Nest] 47712  - [39m03/08/2026, 3:40:48 pm [32m    LOG[39m [38;5;3m[RoutesResolver] [39m[32mAiSummaryController {/projects/:projectId/ai-summary}:[39m[38;5;3m +0ms[39m
[32m[Nest] 47712  - [39m03/08/2026, 3:40:48 pm [32m    LOG[39m [38;5;3m[RouterExplorer] [39m[32mMapped {/projects/:projectId/ai-summary, GET} route[39m[38;5;3m +1ms[39m
[32m[Nest] 47712  - [39m03/08/2026, 3:40:48 pm [32m    LOG[39m [38;5;3m[StreamService] [39m[32mStream Chat server client initialized.[39m
Attention: Clerk collects telemetry data from its SDKs when connected to development instances.
The data collected is used to inform Clerk's product roadmap.
To learn more, including how to opt-out from the telemetry program, visit: https://clerk.com/docs/telemetry.

[32m[Nest] 47712  - [39m03/08/2026, 3:40:49 pm [32m    LOG[39m [38;5;3m[NestApplication] [39m[32mNest application successfully started[39m[38;5;3m +630ms[39m
🚀 Application is running on: http://localhost:3001
[32m[Nest] 47712  - [39m03/08/2026, 3:40:55 pm [32m    LOG[39m [38;5;3m[StreamService] [39m[32mStream user synced: user_3HE0SV8kvYSMEx8ggz3MMpOGMYX[39m
[32m[Nest] 47712  - [39m03/08/2026, 3:40:55 pm [32m    LOG[39m [38;5;3m[StreamService] [39m[32mStream user synced: user_3HE0SV8kvYSMEx8ggz3MMpOGMYX[39m
[32m[Nest] 47712  - [39m03/08/2026, 3:41:00 pm [32m    LOG[39m [38;5;3m[StreamService] [39m[32mStream user synced: user_3HE0SV8kvYSMEx8ggz3MMpOGMYX[39m
[32m[Nest] 47712  - [39m03/08/2026, 3:41:00 pm [32m    LOG[39m [38;5;3m[StreamService] [39m[32mStream user synced: user_3HE0SV8kvYSMEx8ggz3MMpOGMYX[39m
[32m[Nest] 47712  - [39m03/08/2026, 3:41:00 pm [32m    LOG[39m [38;5;3m[StreamService] [39m[32mStream user synced: user_3HE0SV8kvYSMEx8ggz3MMpOGMYX[39m
[32m[Nest] 47712  - [39m03/08/2026, 3:41:00 pm [32m    LOG[39m [38;5;3m[StreamService] [39m[32mStream user synced: user_3HE0SV8kvYSMEx8ggz3MMpOGMYX[39m
[32m[Nest] 47712  - [39m03/08/2026, 3:41:09 pm [32m    LOG[39m [38;5;3m[StreamService] [39m[32mStream user synced: user_3HE0SV8kvYSMEx8ggz3MMpOGMYX[39m
[32m[Nest] 47712  - [39m03/08/2026, 3:41:09 pm [32m    LOG[39m [38;5;3m[StreamService] [39m[32mStream user synced: user_3HE0SV8kvYSMEx8ggz3MMpOGMYX[39m
[32m[Nest] 47712  - [39m03/08/2026, 3:41:19 pm [32m    LOG[39m [38;5;3m[StreamService] [39m[32mStream user synced: user_3HE0SV8kvYSMEx8ggz3MMpOGMYX[39m
[32m[Nest] 47712  - [39m03/08/2026, 3:41:19 pm [32m    LOG[39m [38;5;3m[StreamService] [39m[32mStream user synced: user_3HE0SV8kvYSMEx8ggz3MMpOGMYX[39m
[32m[Nest] 47712  - [39m03/08/2026, 3:41:29 pm [32m    LOG[39m [38;5;3m[StreamService] [39m[32mStream user synced: user_3HE0SV8kvYSMEx8ggz3MMpOGMYX[39m
[32m[Nest] 47712  - [39m03/08/2026, 3:41:29 pm [32m    LOG[39m [38;5;3m[StreamService] [39m[32mStream user synced: user_3HE0SV8kvYSMEx8ggz3MMpOGMYX[39m
[32m[Nest] 47712  - [39m03/08/2026, 3:41:39 pm [32m    LOG[39m [38;5;3m[StreamService] [39m[32mStream user synced: user_3HE0SV8kvYSMEx8ggz3MMpOGMYX[39m
[32m[Nest] 47712  - [39m03/08/2026, 3:41:39 pm [32m    LOG[39m [38;5;3m[StreamService] [39m[32mStream user synced: user_3HE0SV8kvYSMEx8ggz3MMpOGMYX[39m
[32m[Nest] 47712  - [39m03/08/2026, 3:41:49 pm [32m    LOG[39m [38;5;3m[StreamService] [39m[32mStream user synced: user_3HE0SV8kvYSMEx8ggz3MMpOGMYX[39m
[32m[Nest] 47712  - [39m03/08/2026, 3:41:50 pm [32m    LOG[39m [38;5;3m[StreamService] [39m[32mStream user synced: user_3HE0SV8kvYSMEx8ggz3MMpOGMYX[39m
[32m[Nest] 47712  - [39m03/08/2026, 3:41:59 pm [32m    LOG[39m [38;5;3m[StreamService] [39m[32mStream user synced: user_3HE0SV8kvYSMEx8ggz3MMpOGMYX[39m
[32m[Nest] 47712  - [39m03/08/2026, 3:41:59 pm [32m    LOG[39m [38;5;3m[StreamService] [39m[32mStream user synced: user_3HE0SV8kvYSMEx8ggz3MMpOGMYX[39m
[32m[Nest] 47712  - [39m03/08/2026, 3:42:09 pm [32m    LOG[39m [38;5;3m[StreamService] [39m[32mStream user synced: user_3HE0SV8kvYSMEx8ggz3MMpOGMYX[39m
[32m[Nest] 47712  - [39m03/08/2026, 3:42:09 pm [32m    LOG[39m [38;5;3m[StreamService] [39m[32mStream user synced: user_3HE0SV8kvYSMEx8ggz3MMpOGMYX[39m
[32m[Nest] 47712  - [39m03/08/2026, 3:42:19 pm [32m    LOG[39m [38;5;3m[StreamService] [39m[32mStream user synced: user_3HE0SV8kvYSMEx8ggz3MMpOGMYX[39m
[32m[Nest] 47712  - [39m03/08/2026, 3:42:19 pm [32m    LOG[39m [38;5;3m[StreamService] [39m[32mStream user synced: user_3HE0SV8kvYSMEx8ggz3MMpOGMYX[39m
[32m[Nest] 47712  - [39m03/08/2026, 3:42:29 pm [32m    LOG[39m [38;5;3m[StreamService] [39m[32mStream user synced: user_3HE0SV8kvYSMEx8ggz3MMpOGMYX[39m
[32m[Nest] 47712  - [39m03/08/2026, 3:42:29 pm [32m    LOG[39m [38;5;3m[StreamService] [39m[32mStream user synced: user_3HE0SV8kvYSMEx8ggz3MMpOGMYX[39m
[32m[Nest] 47712  - [39m03/08/2026, 3:42:39 pm [32m    LOG[39m [38;5;3m[StreamService] [39m[32mStream user synced: user_3HE0SV8kvYSMEx8ggz3MMpOGMYX[39m
[32m[Nest] 47712  - [39m03/08/2026, 3:42:39 pm [32m    LOG[39m [38;5;3m[StreamService] [39m[32mStream user synced: user_3HE0SV8kvYSMEx8ggz3MMpOGMYX[39m
[32m[Nest] 47712  - [39m03/08/2026, 3:42:49 pm [32m    LOG[39m [38;5;3m[StreamService] [39m[32mStream user synced: user_3HE0SV8kvYSMEx8ggz3MMpOGMYX[39m
[32m[Nest] 47712  - [39m03/08/2026, 3:42:49 pm [32m    LOG[39m [38;5;3m[StreamService] [39m[32mStream user synced: user_3HE0SV8kvYSMEx8ggz3MMpOGMYX[39m
[32m[Nest] 47712  - [39m03/08/2026, 3:42:59 pm [32m    LOG[39m [38;5;3m[StreamService] [39m[32mStream user synced: user_3HE0SV8kvYSMEx8ggz3MMpOGMYX[39m
[32m[Nest] 47712  - [39m03/08/2026, 3:42:59 pm [32m    LOG[39m [38;5;3m[StreamService] [39m[32mStream user synced: user_3HE0SV8kvYSMEx8ggz3MMpOGMYX[39m
[2J[3J[H[[90m3:43:00 pm[0m] File change detected. Starting incremental compilation...

[96msrc/projects/projects.service.ts[0m:[93m86[0m:[93m9[0m - [91merror[0m[90m TS2769: [0mNo overload matches this call.
  Overload 1 of 2, '(value: { userId: string | SQL<unknown> | Placeholder<string, any>; projectId: string | SQL<unknown> | Placeholder<string, any>; role?: "manager" | "guest" | ... 4 more ... | undefined; joinedAt?: SQL<...> | ... 2 more ... | undefined; }): PgInsertBase<...>', gave the following error.
    Argument of type '{ projectId: string; userId: string; role: string; }[]' is not assignable to parameter of type '{ userId: string | SQL<unknown> | Placeholder<string, any>; projectId: string | SQL<unknown> | Placeholder<string, any>; role?: "manager" | "guest" | SQL<...> | Placeholder<...> | "owner" | "member" | undefined; joinedAt?: SQL<...> | ... 2 more ... | undefined; }'.
      Type '{ projectId: string; userId: string; role: string; }[]' is missing the following properties from type '{ userId: string | SQL<unknown> | Placeholder<string, any>; projectId: string | SQL<unknown> | Placeholder<string, any>; role?: "manager" | "guest" | SQL<...> | Placeholder<...> | "owner" | "member" | undefined; joinedAt?: SQL<...> | ... 2 more ... | undefined; }': userId, projectId
  Overload 2 of 2, '(values: { userId: string | SQL<unknown> | Placeholder<string, any>; projectId: string | SQL<unknown> | Placeholder<string, any>; role?: "manager" | "guest" | ... 4 more ... | undefined; joinedAt?: SQL<...> | ... 2 more ... | undefined; }[]): PgInsertBase<...>', gave the following error.
    Argument of type '{ projectId: string; userId: string; role: string; }[]' is not assignable to parameter of type '{ userId: string | SQL<unknown> | Placeholder<string, any>; projectId: string | SQL<unknown> | Placeholder<string, any>; role?: "manager" | "guest" | SQL<...> | Placeholder<...> | "owner" | "member" | undefined; joinedAt?: SQL<...> | ... 2 more ... | undefined; }[]'.
      Type '{ projectId: string; userId: string; role: string; }' is not assignable to type '{ userId: string | SQL<unknown> | Placeholder<string, any>; projectId: string | SQL<unknown> | Placeholder<string, any>; role?: "manager" | "guest" | SQL<...> | Placeholder<...> | "owner" | "member" | undefined; joinedAt?: SQL<...> | ... 2 more ... | undefined; }'.
        Types of property 'role' are incompatible.
          Type 'string' is not assignable to type '"manager" | "guest" | SQL<unknown> | Placeholder<string, any> | "owner" | "member" | undefined'.

[7m 86[0m         memberIds.map((memberId) => ({
[7m   [0m [91m        ~~~~~~~~~~~~~~~~~~~~~~~~~~~~~~[0m
[7m 87[0m           projectId: project.id,
[7m   [0m [91m~~~~~~~~~~~~~~~~~~~~~~~~~~~~~~~~[0m
[7m...[0m 
[7m 89[0m           role: memberId === userId ? 'owner' : 'member',
[7m   [0m [91m~~~~~~~~~~~~~~~~~~~~~~~~~~~~~~~~~~~~~~~~~~~~~~~~~~~~~~~~~[0m
[7m 90[0m         })),
[7m   [0m [91m~~~~~~~~~~~[0m


[[90m3:43:04 pm[0m] Found 1 error. Watching for file changes.

[32m[Nest] 47712  - [39m03/08/2026, 3:43:09 pm [32m    LOG[39m [38;5;3m[StreamService] [39m[32mStream user synced: user_3HE0SV8kvYSMEx8ggz3MMpOGMYX[39m
[32m[Nest] 47712  - [39m03/08/2026, 3:43:10 pm [32m    LOG[39m [38;5;3m[StreamService] [39m[32mStream user synced: user_3HE0SV8kvYSMEx8ggz3MMpOGMYX[39m
[32m[Nest] 47712  - [39m03/08/2026, 3:43:19 pm [32m    LOG[39m [38;5;3m[StreamService] [39m[32mStream user synced: user_3HE0SV8kvYSMEx8ggz3MMpOGMYX[39m
[32m[Nest] 47712  - [39m03/08/2026, 3:43:19 pm [32m    LOG[39m [38;5;3m[StreamService] [39m[32mStream user synced: user_3HE0SV8kvYSMEx8ggz3MMpOGMYX[39m
[2J[3J[H[[90m3:43:27 pm[0m] File change detected. Starting incremental compilation...

[96msrc/projects/projects.service.ts[0m:[93m86[0m:[93m9[0m - [91merror[0m[90m TS2769: [0mNo overload matches this call.
  Overload 1 of 2, '(value: { userId: string | SQL<unknown> | Placeholder<string, any>; projectId: string | SQL<unknown> | Placeholder<string, any>; role?: "manager" | "guest" | ... 4 more ... | undefined; joinedAt?: SQL<...> | ... 2 more ... | undefined; }): PgInsertBase<...>', gave the following error.
    Argument of type '{ projectId: string; userId: string; role: string; }[]' is not assignable to parameter of type '{ userId: string | SQL<unknown> | Placeholder<string, any>; projectId: string | SQL<unknown> | Placeholder<string, any>; role?: "manager" | "guest" | SQL<...> | Placeholder<...> | "owner" | "member" | undefined; joinedAt?: SQL<...> | ... 2 more ... | undefined; }'.
      Type '{ projectId: string; userId: string; role: string; }[]' is missing the following properties from type '{ userId: string | SQL<unknown> | Placeholder<string, any>; projectId: string | SQL<unknown> | Placeholder<string, any>; role?: "manager" | "guest" | SQL<...> | Placeholder<...> | "owner" | "member" | undefined; joinedAt?: SQL<...> | ... 2 more ... | undefined; }': userId, projectId
  Overload 2 of 2, '(values: { userId: string | SQL<unknown> | Placeholder<string, any>; projectId: string | SQL<unknown> | Placeholder<string, any>; role?: "manager" | "guest" | ... 4 more ... | undefined; joinedAt?: SQL<...> | ... 2 more ... | undefined; }[]): PgInsertBase<...>', gave the following error.
    Argument of type '{ projectId: string; userId: string; role: string; }[]' is not assignable to parameter of type '{ userId: string | SQL<unknown> | Placeholder<string, any>; projectId: string | SQL<unknown> | Placeholder<string, any>; role?: "manager" | "guest" | SQL<...> | Placeholder<...> | "owner" | "member" | undefined; joinedAt?: SQL<...> | ... 2 more ... | undefined; }[]'.
      Type '{ projectId: string; userId: string; role: string; }' is not assignable to type '{ userId: string | SQL<unknown> | Placeholder<string, any>; projectId: string | SQL<unknown> | Placeholder<string, any>; role?: "manager" | "guest" | SQL<...> | Placeholder<...> | "owner" | "member" | undefined; joinedAt?: SQL<...> | ... 2 more ... | undefined; }'.
        Types of property 'role' are incompatible.
          Type 'string' is not assignable to type '"manager" | "guest" | SQL<unknown> | Placeholder<string, any> | "owner" | "member" | undefined'.

[7m 86[0m         memberIds.map((memberId) => ({
[7m   [0m [91m        ~~~~~~~~~~~~~~~~~~~~~~~~~~~~~~[0m
[7m 87[0m           projectId: project.id,
[7m   [0m [91m~~~~~~~~~~~~~~~~~~~~~~~~~~~~~~~~[0m
[7m...[0m 
[7m 89[0m           role: memberId === userId ? 'owner' : 'member',
[7m   [0m [91m~~~~~~~~~~~~~~~~~~~~~~~~~~~~~~~~~~~~~~~~~~~~~~~~~~~~~~~~~[0m
[7m 90[0m         })),
[7m   [0m [91m~~~~~~~~~~~[0m


[[90m3:43:27 pm[0m] Found 1 error. Watching for file changes.

[32m[Nest] 47712  - [39m03/08/2026, 3:43:29 pm [32m    LOG[39m [38;5;3m[StreamService] [39m[32mStream user synced: user_3HE0SV8kvYSMEx8ggz3MMpOGMYX[39m
[32m[Nest] 47712  - [39m03/08/2026, 3:43:29 pm [32m    LOG[39m [38;5;3m[StreamService] [39m[32mStream user synced: user_3HE0SV8kvYSMEx8ggz3MMpOGMYX[39m
[32m[Nest] 47712  - [39m03/08/2026, 3:43:39 pm [32m    LOG[39m [38;5;3m[StreamService] [39m[32mStream user synced: user_3HE0SV8kvYSMEx8ggz3MMpOGMYX[39m
[32m[Nest] 47712  - [39m03/08/2026, 3:43:39 pm [32m    LOG[39m [38;5;3m[StreamService] [39m[32mStream user synced: user_3HE0SV8kvYSMEx8ggz3MMpOGMYX[39m
[32m[Nest] 47712  - [39m03/08/2026, 3:43:49 pm [32m    LOG[39m [38;5;3m[StreamService] [39m[32mStream user synced: user_3HE0SV8kvYSMEx8ggz3MMpOGMYX[39m
[32m[Nest] 47712  - [39m03/08/2026, 3:43:49 pm [32m    LOG[39m [38;5;3m[StreamService] [39m[32mStream user synced: user_3HE0SV8kvYSMEx8ggz3MMpOGMYX[39m
[32m[Nest] 47712  - [39m03/08/2026, 3:43:59 pm [32m    LOG[39m [38;5;3m[StreamService] [39m[32mStream user synced: user_3HE0SV8kvYSMEx8ggz3MMpOGMYX[39m
[32m[Nest] 47712  - [39m03/08/2026, 3:43:59 pm [32m    LOG[39m [38;5;3m[StreamService] [39m[32mStream user synced: user_3HE0SV8kvYSMEx8ggz3MMpOGMYX[39m
[32m[Nest] 47712  - [39m03/08/2026, 3:44:09 pm [32m    LOG[39m [38;5;3m[StreamService] [39m[32mStream user synced: user_3HE0SV8kvYSMEx8ggz3MMpOGMYX[39m
[32m[Nest] 47712  - [39m03/08/2026, 3:44:09 pm [32m    LOG[39m [38;5;3m[StreamService] [39m[32mStream user synced: user_3HE0SV8kvYSMEx8ggz3MMpOGMYX[39m
[32m[Nest] 47712  - [39m03/08/2026, 3:44:19 pm [32m    LOG[39m [38;5;3m[StreamService] [39m[32mStream user synced: user_3HE0SV8kvYSMEx8ggz3MMpOGMYX[39m
[32m[Nest] 47712  - [39m03/08/2026, 3:44:20 pm [32m    LOG[39m [38;5;3m[StreamService] [39m[32mStream user synced: user_3HE0SV8kvYSMEx8ggz3MMpOGMYX[39m
[32m[Nest] 47712  - [39m03/08/2026, 3:44:29 pm [32m    LOG[39m [38;5;3m[StreamService] [39m[32mStream user synced: user_3HE0SV8kvYSMEx8ggz3MMpOGMYX[39m
[32m[Nest] 47712  - [39m03/08/2026, 3:44:30 pm [32m    LOG[39m [38;5;3m[StreamService] [39m[32mStream user synced: user_3HE0SV8kvYSMEx8ggz3MMpOGMYX[39m
[32m[Nest] 47712  - [39m03/08/2026, 3:44:39 pm [32m    LOG[39m [38;5;3m[StreamService] [39m[32mStream user synced: user_3HE0SV8kvYSMEx8ggz3MMpOGMYX[39m
[32m[Nest] 47712  - [39m03/08/2026, 3:44:39 pm [32m    LOG[39m [38;5;3m[StreamService] [39m[32mStream user synced: user_3HE0SV8kvYSMEx8ggz3MMpOGMYX[39m
[32m[Nest] 47712  - [39m03/08/2026, 3:44:49 pm [32m    LOG[39m [38;5;3m[StreamService] [39m[32mStream user synced: user_3HE0SV8kvYSMEx8ggz3MMpOGMYX[39m
[32m[Nest] 47712  - [39m03/08/2026, 3:44:50 pm [32m    LOG[39m [38;5;3m[StreamService] [39m[32mStream user synced: user_3HE0SV8kvYSMEx8ggz3MMpOGMYX[39m
[32m[Nest] 47712  - [39m03/08/2026, 3:44:59 pm [32m    LOG[39m [38;5;3m[StreamService] [39m[32mStream user synced: user_3HE0SV8kvYSMEx8ggz3MMpOGMYX[39m
[32m[Nest] 47712  - [39m03/08/2026, 3:44:59 pm [32m    LOG[39m [38;5;3m[StreamService] [39m[32mStream user synced: user_3HE0SV8kvYSMEx8ggz3MMpOGMYX[39m
[32m[Nest] 47712  - [39m03/08/2026, 3:45:09 pm [32m    LOG[39m [38;5;3m[StreamService] [39m[32mStream user synced: user_3HE0SV8kvYSMEx8ggz3MMpOGMYX[39m
[32m[Nest] 47712  - [39m03/08/2026, 3:45:09 pm [32m    LOG[39m [38;5;3m[StreamService] [39m[32mStream user synced: user_3HE0SV8kvYSMEx8ggz3MMpOGMYX[39m
[32m[Nest] 47712  - [39m03/08/2026, 3:45:19 pm [32m    LOG[39m [38;5;3m[StreamService] [39m[32mStream user synced: user_3HE0SV8kvYSMEx8ggz3MMpOGMYX[39m
[32m[Nest] 47712  - [39m03/08/2026, 3:45:19 pm [32m    LOG[39m [38;5;3m[StreamService] [39m[32mStream user synced: user_3HE0SV8kvYSMEx8ggz3MMpOGMYX[39m
[32m[Nest] 47712  - [39m03/08/2026, 3:45:29 pm [32m    LOG[39m [38;5;3m[StreamService] [39m[32mStream user synced: user_3HE0SV8kvYSMEx8ggz3MMpOGMYX[39m
[32m[Nest] 47712  - [39m03/08/2026, 3:45:30 pm [32m    LOG[39m [38;5;3m[StreamService] [39m[32mStream user synced: user_3HE0SV8kvYSMEx8ggz3MMpOGMYX[39m
[32m[Nest] 47712  - [39m03/08/2026, 3:45:40 pm [32m    LOG[39m [38;5;3m[StreamService] [39m[32mStream user synced: user_3HE0SV8kvYSMEx8ggz3MMpOGMYX[39m
[32m[Nest] 47712  - [39m03/08/2026, 3:45:40 pm [32m    LOG[39m [38;5;3m[StreamService] [39m[32mStream user synced: user_3HE0SV8kvYSMEx8ggz3MMpOGMYX[39m
[2J[3J[H[[90m3:45:42 pm[0m] File change detected. Starting incremental compilation...

[[90m3:45:43 pm[0m] Found 0 errors. Watching for file changes.

[32m[Nest] 67988  - [39m03/08/2026, 3:45:50 pm [32m    LOG[39m [38;5;3m[NestFactory] [39m[32mStarting Nest application...[39m
[32m[Nest] 67988  - [39m03/08/2026, 3:45:50 pm [32m    LOG[39m [38;5;3m[InstanceLoader] [39m[32mAppModule dependencies initialized[39m[38;5;3m +45ms[39m
[32m[Nest] 67988  - [39m03/08/2026, 3:45:50 pm [32m    LOG[39m [38;5;3m[InstanceLoader] [39m[32mConfigModule dependencies initialized[39m[38;5;3m +0ms[39m
[32m[Nest] 67988  - [39m03/08/2026, 3:45:50 pm [32m    LOG[39m [38;5;3m[InstanceLoader] [39m[32mConfigHostModule dependencies initialized[39m[38;5;3m +0ms[39m
[32m[Nest] 67988  - [39m03/08/2026, 3:45:50 pm [32m    LOG[39m [38;5;3m[InstanceLoader] [39m[32mHealthModule dependencies initialized[39m[38;5;3m +23ms[39m
[32m[Nest] 67988  - [39m03/08/2026, 3:45:50 pm [32m    LOG[39m [38;5;3m[InstanceLoader] [39m[32mConfigModule dependencies initialized[39m[38;5;3m +0ms[39m
[32m[Nest] 67988  - [39m03/08/2026, 3:45:50 pm [32m    LOG[39m [38;5;3m[InstanceLoader] [39m[32mStreamModule dependencies initialized[39m[38;5;3m +0ms[39m
[32m[Nest] 67988  - [39m03/08/2026, 3:45:50 pm [32m    LOG[39m [38;5;3m[DrizzleProvider] [39m[32mPostgreSQL connection established successfully.[39m
[32m[Nest] 67988  - [39m03/08/2026, 3:45:50 pm [32m    LOG[39m [38;5;3m[InstanceLoader] [39m[32mDatabaseModule dependencies initialized[39m[38;5;3m +3ms[39m
[32m[Nest] 67988  - [39m03/08/2026, 3:45:50 pm [32m    LOG[39m [38;5;3m[InstanceLoader] [39m[32mUsersModule dependencies initialized[39m[38;5;3m +1ms[39m
[32m[Nest] 67988  - [39m03/08/2026, 3:45:50 pm [32m    LOG[39m [38;5;3m[InstanceLoader] [39m[32mNotificationsModule dependencies initialized[39m[38;5;3m +0ms[39m
[32m[Nest] 67988  - [39m03/08/2026, 3:45:50 pm [32m    LOG[39m [38;5;3m[InstanceLoader] [39m[32mDepartmentsModule dependencies initialized[39m[38;5;3m +1ms[39m
[32m[Nest] 67988  - [39m03/08/2026, 3:45:50 pm [32m    LOG[39m [38;5;3m[InstanceLoader] [39m[32mTasksModule dependencies initialized[39m[38;5;3m +0ms[39m
[32m[Nest] 67988  - [39m03/08/2026, 3:45:50 pm [32m    LOG[39m [38;5;3m[InstanceLoader] [39m[32mMeetingsModule dependencies initialized[39m[38;5;3m +1ms[39m
[32m[Nest] 67988  - [39m03/08/2026, 3:45:50 pm [32m    LOG[39m [38;5;3m[InstanceLoader] [39m[32mChannelsModule dependencies initialized[39m[38;5;3m +0ms[39m
[32m[Nest] 67988  - [39m03/08/2026, 3:45:50 pm [32m    LOG[39m [38;5;3m[InstanceLoader] [39m[32mProjectDocumentsModule dependencies initialized[39m[38;5;3m +0ms[39m
[32m[Nest] 67988  - [39m03/08/2026, 3:45:50 pm [32m    LOG[39m [38;5;3m[InstanceLoader] [39m[32mProjectsModule dependencies initialized[39m[38;5;3m +0ms[39m
[32m[Nest] 67988  - [39m03/08/2026, 3:45:50 pm [32m    LOG[39m [38;5;3m[InstanceLoader] [39m[32mProjectAnnouncementsModule dependencies initialized[39m[38;5;3m +1ms[39m
[32m[Nest] 67988  - [39m03/08/2026, 3:45:50 pm [32m    LOG[39m [38;5;3m[InstanceLoader] [39m[32mProjectMilestonesModule dependencies initialized[39m[38;5;3m +0ms[39m
[32m[Nest] 67988  - [39m03/08/2026, 3:45:50 pm [32m    LOG[39m [38;5;3m[InstanceLoader] [39m[32mAiSummaryModule dependencies initialized[39m[38;5;3m +1ms[39m
[32m[Nest] 67988  - [39m03/08/2026, 3:45:50 pm [32m    LOG[39m [38;5;3m[InstanceLoader] [39m[32mClerkModule dependencies initialized[39m[38;5;3m +2ms[39m
[32m[Nest] 67988  - [39m03/08/2026, 3:45:50 pm [32m    LOG[39m [38;5;3m[RoutesResolver] [39m[32mHealthController {/health}:[39m[38;5;3m +11ms[39m
[32m[Nest] 67988  - [39m03/08/2026, 3:45:50 pm [32m    LOG[39m [38;5;3m[RouterExplorer] [39m[32mMapped {/health, GET} route[39m[38;5;3m +5ms[39m
[32m[Nest] 67988  - [39m03/08/2026, 3:45:50 pm [32m    LOG[39m [38;5;3m[RoutesResolver] [39m[32mClerkTestController {/clerk-test}:[39m[38;5;3m +1ms[39m
[32m[Nest] 67988  - [39m03/08/2026, 3:45:50 pm [32m    LOG[39m [38;5;3m[RouterExplorer] [39m[32mMapped {/clerk-test/me, GET} route[39m[38;5;3m +2ms[39m
[32m[Nest] 67988  - [39m03/08/2026, 3:45:50 pm [32m    LOG[39m [38;5;3m[RoutesResolver] [39m[32mStreamController {/stream}:[39m[38;5;3m +0ms[39m
[32m[Nest] 67988  - [39m03/08/2026, 3:45:50 pm [32m    LOG[39m [38;5;3m[RouterExplorer] [39m[32mMapped {/stream/token, GET} route[39m[38;5;3m +1ms[39m
[32m[Nest] 67988  - [39m03/08/2026, 3:45:50 pm [32m    LOG[39m [38;5;3m[RoutesResolver] [39m[32mUsersController {/users}:[39m[38;5;3m +0ms[39m
[32m[Nest] 67988  - [39m03/08/2026, 3:45:50 pm [32m    LOG[39m [38;5;3m[RouterExplorer] [39m[32mMapped {/users/me, GET} route[39m[38;5;3m +1ms[39m
[32m[Nest] 67988  - [39m03/08/2026, 3:45:50 pm [32m    LOG[39m [38;5;3m[RouterExplorer] [39m[32mMapped {/users, GET} route[39m[38;5;3m +0ms[39m
[32m[Nest] 67988  - [39m03/08/2026, 3:45:50 pm [32m    LOG[39m [38;5;3m[RouterExplorer] [39m[32mMapped {/users/:clerkId/role, PATCH} route[39m[38;5;3m +2ms[39m
[32m[Nest] 67988  - [39m03/08/2026, 3:45:50 pm [32m    LOG[39m [38;5;3m[RoutesResolver] [39m[32mChatController {/chat}:[39m[38;5;3m +0ms[39m
[32m[Nest] 67988  - [39m03/08/2026, 3:45:50 pm [32m    LOG[39m [38;5;3m[RouterExplorer] [39m[32mMapped {/chat/token, GET} route[39m[38;5;3m +0ms[39m
[32m[Nest] 67988  - [39m03/08/2026, 3:45:50 pm [32m    LOG[39m [38;5;3m[RouterExplorer] [39m[32mMapped {/chat/direct, POST} route[39m[38;5;3m +1ms[39m
[32m[Nest] 67988  - [39m03/08/2026, 3:45:50 pm [32m    LOG[39m [38;5;3m[RouterExplorer] [39m[32mMapped {/chat/group, POST} route[39m[38;5;3m +0ms[39m
[32m[Nest] 67988  - [39m03/08/2026, 3:45:50 pm [32m    LOG[39m [38;5;3m[RouterExplorer] [39m[32mMapped {/chat/groups/:channelId, GET} route[39m[38;5;3m +1ms[39m
[32m[Nest] 67988  - [39m03/08/2026, 3:45:50 pm [32m    LOG[39m [38;5;3m[RouterExplorer] [39m[32mMapped {/chat/groups/:channelId, PATCH} route[39m[38;5;3m +1ms[39m
[32m[Nest] 67988  - [39m03/08/2026, 3:45:50 pm [32m    LOG[39m [38;5;3m[RouterExplorer] [39m[32mMapped {/chat/groups/:channelId/avatar, PUT} route[39m[38;5;3m +0ms[39m
[32m[Nest] 67988  - [39m03/08/2026, 3:45:50 pm [32m    LOG[39m [38;5;3m[RouterExplorer] [39m[32mMapped {/chat/groups/:channelId/avatar, DELETE} route[39m[38;5;3m +1ms[39m
[32m[Nest] 67988  - [39m03/08/2026, 3:45:50 pm [32m    LOG[39m [38;5;3m[RouterExplorer] [39m[32mMapped {/chat/groups/:channelId/members/:memberId, POST} route[39m[38;5;3m +0ms[39m
[32m[Nest] 67988  - [39m03/08/2026, 3:45:50 pm [32m    LOG[39m [38;5;3m[RouterExplorer] [39m[32mMapped {/chat/groups/:channelId/members/:memberId, DELETE} route[39m[38;5;3m +1ms[39m
[32m[Nest] 67988  - [39m03/08/2026, 3:45:50 pm [32m    LOG[39m [38;5;3m[RouterExplorer] [39m[32mMapped {/chat/groups/:channelId/leave, POST} route[39m[38;5;3m +0ms[39m
[32m[Nest] 67988  - [39m03/08/2026, 3:45:50 pm [32m    LOG[39m [38;5;3m[RouterExplorer] [39m[32mMapped {/chat/groups/:channelId/moderators/:memberId, POST} route[39m[38;5;3m +1ms[39m
[32m[Nest] 67988  - [39m03/08/2026, 3:45:50 pm [32m    LOG[39m [38;5;3m[RouterExplorer] [39m[32mMapped {/chat/groups/:channelId/moderators/:memberId, DELETE} route[39m[38;5;3m +0ms[39m
[32m[Nest] 67988  - [39m03/08/2026, 3:45:50 pm [32m    LOG[39m [38;5;3m[RoutesResolver] [39m[32mTasksController {/tasks}:[39m[38;5;3m +0ms[39m
[32m[Nest] 67988  - [39m03/08/2026, 3:45:50 pm [32m    LOG[39m [38;5;3m[RouterExplorer] [39m[32mMapped {/tasks, POST} route[39m[38;5;3m +1ms[39m
[32m[Nest] 67988  - [39m03/08/2026, 3:45:50 pm [32m    LOG[39m [38;5;3m[RouterExplorer] [39m[32mMapped {/tasks, GET} route[39m[38;5;3m +0ms[39m
[32m[Nest] 67988  - [39m03/08/2026, 3:45:50 pm [32m    LOG[39m [38;5;3m[RouterExplorer] [39m[32mMapped {/tasks/:id, GET} route[39m[38;5;3m +0ms[39m
[32m[Nest] 67988  - [39m03/08/2026, 3:45:50 pm [32m    LOG[39m [38;5;3m[RouterExplorer] [39m[32mMapped {/tasks/:id/channel, POST} route[39m[38;5;3m +1ms[39m
[32m[Nest] 67988  - [39m03/08/2026, 3:45:50 pm [32m    LOG[39m [38;5;3m[RouterExplorer] [39m[32mMapped {/tasks/:id, PATCH} route[39m[38;5;3m +0ms[39m
[32m[Nest] 67988  - [39m03/08/2026, 3:45:50 pm [32m    LOG[39m [38;5;3m[RouterExplorer] [39m[32mMapped {/tasks/:id/status, PATCH} route[39m[38;5;3m +0ms[39m
[32m[Nest] 67988  - [39m03/08/2026, 3:45:50 pm [32m    LOG[39m [38;5;3m[RouterExplorer] [39m[32mMapped {/tasks/:id, DELETE} route[39m[38;5;3m +0ms[39m
[32m[Nest] 67988  - [39m03/08/2026, 3:45:50 pm [32m    LOG[39m [38;5;3m[RoutesResolver] [39m[32mMeetingsController {/meetings}:[39m[38;5;3m +0ms[39m
[32m[Nest] 67988  - [39m03/08/2026, 3:45:50 pm [32m    LOG[39m [38;5;3m[RouterExplorer] [39m[32mMapped {/meetings, POST} route[39m[38;5;3m +1ms[39m
[32m[Nest] 67988  - [39m03/08/2026, 3:45:50 pm [32m    LOG[39m [38;5;3m[RouterExplorer] [39m[32mMapped {/meetings, GET} route[39m[38;5;3m +0ms[39m
[32m[Nest] 67988  - [39m03/08/2026, 3:45:50 pm [32m    LOG[39m [38;5;3m[RouterExplorer] [39m[32mMapped {/meetings/:id, GET} route[39m[38;5;3m +0ms[39m
[32m[Nest] 67988  - [39m03/08/2026, 3:45:50 pm [32m    LOG[39m [38;5;3m[RouterExplorer] [39m[32mMapped {/meetings/:id, PATCH} route[39m[38;5;3m +1ms[39m
[32m[Nest] 67988  - [39m03/08/2026, 3:45:50 pm [32m    LOG[39m [38;5;3m[RouterExplorer] [39m[32mMapped {/meetings/:id, DELETE} route[39m[38;5;3m +0ms[39m
[32m[Nest] 67988  - [39m03/08/2026, 3:45:50 pm [32m    LOG[39m [38;5;3m[RouterExplorer] [39m[32mMapped {/meetings/:id/join, POST} route[39m[38;5;3m +0ms[39m
[32m[Nest] 67988  - [39m03/08/2026, 3:45:50 pm [32m    LOG[39m [38;5;3m[RouterExplorer] [39m[32mMapped {/meetings/:id/leave, POST} route[39m[38;5;3m +0ms[39m
[32m[Nest] 67988  - [39m03/08/2026, 3:45:50 pm [32m    LOG[39m [38;5;3m[RoutesResolver] [39m[32mDepartmentsController {/departments}:[39m[38;5;3m +0ms[39m
[32m[Nest] 67988  - [39m03/08/2026, 3:45:50 pm [32m    LOG[39m [38;5;3m[RouterExplorer] [39m[32mMapped {/departments, POST} route[39m[38;5;3m +1ms[39m
[32m[Nest] 67988  - [39m03/08/2026, 3:45:50 pm [32m    LOG[39m [38;5;3m[RouterExplorer] [39m[32mMapped {/departments/mine, GET} route[39m[38;5;3m +0ms[39m
[32m[Nest] 67988  - [39m03/08/2026, 3:45:50 pm [32m    LOG[39m [38;5;3m[RouterExplorer] [39m[32mMapped {/departments/:id, GET} route[39m[38;5;3m +0ms[39m
[32m[Nest] 67988  - [39m03/08/2026, 3:45:50 pm [32m    LOG[39m [38;5;3m[RouterExplorer] [39m[32mMapped {/departments/:id, PATCH} route[39m[38;5;3m +0ms[39m
[32m[Nest] 67988  - [39m03/08/2026, 3:45:50 pm [32m    LOG[39m [38;5;3m[RouterExplorer] [39m[32mMapped {/departments/:id, DELETE} route[39m[38;5;3m +1ms[39m
[32m[Nest] 67988  - [39m03/08/2026, 3:45:50 pm [32m    LOG[39m [38;5;3m[RouterExplorer] [39m[32mMapped {/departments/:id/members/:memberId, POST} route[39m[38;5;3m +0ms[39m
[32m[Nest] 67988  - [39m03/08/2026, 3:45:50 pm [32m    LOG[39m [38;5;3m[RouterExplorer] [39m[32mMapped {/departments/:id/members/:memberId, DELETE} route[39m[38;5;3m +0ms[39m
[32m[Nest] 67988  - [39m03/08/2026, 3:45:50 pm [32m    LOG[39m [38;5;3m[RoutesResolver] [39m[32mChannelsController {/channels}:[39m[38;5;3m +0ms[39m
[32m[Nest] 67988  - [39m03/08/2026, 3:45:50 pm [32m    LOG[39m [38;5;3m[RouterExplorer] [39m[32mMapped {/channels, POST} route[39m[38;5;3m +1ms[39m
[32m[Nest] 67988  - [39m03/08/2026, 3:45:50 pm [32m    LOG[39m [38;5;3m[RouterExplorer] [39m[32mMapped {/channels, GET} route[39m[38;5;3m +0ms[39m
[32m[Nest] 67988  - [39m03/08/2026, 3:45:50 pm [32m    LOG[39m [38;5;3m[RouterExplorer] [39m[32mMapped {/channels/:id, GET} route[39m[38;5;3m +0ms[39m
[32m[Nest] 67988  - [39m03/08/2026, 3:45:50 pm [32m    LOG[39m [38;5;3m[RouterExplorer] [39m[32mMapped {/channels/:id, PATCH} route[39m[38;5;3m +0ms[39m
[32m[Nest] 67988  - [39m03/08/2026, 3:45:50 pm [32m    LOG[39m [38;5;3m[RouterExplorer] [39m[32mMapped {/channels/:id, DELETE} route[39m[38;5;3m +1ms[39m
[32m[Nest] 67988  - [39m03/08/2026, 3:45:50 pm [32m    LOG[39m [38;5;3m[RouterExplorer] [39m[32mMapped {/channels/:id/join, POST} route[39m[38;5;3m +0ms[39m
[32m[Nest] 67988  - [39m03/08/2026, 3:45:50 pm [32m    LOG[39m [38;5;3m[RouterExplorer] [39m[32mMapped {/channels/:id/leave, POST} route[39m[38;5;3m +0ms[39m
[32m[Nest] 67988  - [39m03/08/2026, 3:45:50 pm [32m    LOG[39m [38;5;3m[RouterExplorer] [39m[32mMapped {/channels/:id/members, GET} route[39m[38;5;3m +0ms[39m
[32m[Nest] 67988  - [39m03/08/2026, 3:45:50 pm [32m    LOG[39m [38;5;3m[RouterExplorer] [39m[32mMapped {/channels/:id/members/:memberId, POST} route[39m[38;5;3m +0ms[39m
[32m[Nest] 67988  - [39m03/08/2026, 3:45:50 pm [32m    LOG[39m [38;5;3m[RouterExplorer] [39m[32mMapped {/channels/:id/members/:memberId, DELETE} route[39m[38;5;3m +1ms[39m
[32m[Nest] 67988  - [39m03/08/2026, 3:45:50 pm [32m    LOG[39m [38;5;3m[RoutesResolver] [39m[32mNotificationsController {/notifications}:[39m[38;5;3m +0ms[39m
[32m[Nest] 67988  - [39m03/08/2026, 3:45:50 pm [32m    LOG[39m [38;5;3m[RouterExplorer] [39m[32mMapped {/notifications, GET} route[39m[38;5;3m +0ms[39m
[32m[Nest] 67988  - [39m03/08/2026, 3:45:50 pm [32m    LOG[39m [38;5;3m[RouterExplorer] [39m[32mMapped {/notifications/unread-count, GET} route[39m[38;5;3m +0ms[39m
[32m[Nest] 67988  - [39m03/08/2026, 3:45:50 pm [32m    LOG[39m [38;5;3m[RouterExplorer] [39m[32mMapped {/notifications/:id/read, PATCH} route[39m[38;5;3m +1ms[39m
[32m[Nest] 67988  - [39m03/08/2026, 3:45:50 pm [32m    LOG[39m [38;5;3m[RouterExplorer] [39m[32mMapped {/notifications/read-all, PATCH} route[39m[38;5;3m +0ms[39m
[32m[Nest] 67988  - [39m03/08/2026, 3:45:50 pm [32m    LOG[39m [38;5;3m[RouterExplorer] [39m[32mMapped {/notifications/self, POST} route[39m[38;5;3m +0ms[39m
[32m[Nest] 67988  - [39m03/08/2026, 3:45:50 pm [32m    LOG[39m [38;5;3m[RoutesResolver] [39m[32mProjectsController {/projects}:[39m[38;5;3m +0ms[39m
[32m[Nest] 67988  - [39m03/08/2026, 3:45:50 pm [32m    LOG[39m [38;5;3m[RouterExplorer] [39m[32mMapped {/projects, POST} route[39m[38;5;3m +0ms[39m
[32m[Nest] 67988  - [39m03/08/2026, 3:45:50 pm [32m    LOG[39m [38;5;3m[RouterExplorer] [39m[32mMapped {/projects, GET} route[39m[38;5;3m +1ms[39m
[32m[Nest] 67988  - [39m03/08/2026, 3:45:50 pm [32m    LOG[39m [38;5;3m[RouterExplorer] [39m[32mMapped {/projects/:id, GET} route[39m[38;5;3m +0ms[39m
[32m[Nest] 67988  - [39m03/08/2026, 3:45:50 pm [32m    LOG[39m [38;5;3m[RouterExplorer] [39m[32mMapped {/projects/:id, PATCH} route[39m[38;5;3m +0ms[39m
[32m[Nest] 67988  - [39m03/08/2026, 3:45:50 pm [32m    LOG[39m [38;5;3m[RouterExplorer] [39m[32mMapped {/projects/:id, DELETE} route[39m[38;5;3m +0ms[39m
[32m[Nest] 67988  - [39m03/08/2026, 3:45:50 pm [32m    LOG[39m [38;5;3m[RouterExplorer] [39m[32mMapped {/projects/:id/members, GET} route[39m[38;5;3m +1ms[39m
[32m[Nest] 67988  - [39m03/08/2026, 3:45:50 pm [32m    LOG[39m [38;5;3m[RouterExplorer] [39m[32mMapped {/projects/:id/members, POST} route[39m[38;5;3m +0ms[39m
[32m[Nest] 67988  - [39m03/08/2026, 3:45:50 pm [32m    LOG[39m [38;5;3m[RouterExplorer] [39m[32mMapped {/projects/:id/members/:memberId, PATCH} route[39m[38;5;3m +0ms[39m
[32m[Nest] 67988  - [39m03/08/2026, 3:45:50 pm [32m    LOG[39m [38;5;3m[RouterExplorer] [39m[32mMapped {/projects/:id/members/:memberId, DELETE} route[39m[38;5;3m +1ms[39m
[32m[Nest] 67988  - [39m03/08/2026, 3:45:50 pm [32m    LOG[39m [38;5;3m[RoutesResolver] [39m[32mProjectAnnouncementsController {/projects/:projectId/announcements}:[39m[38;5;3m +0ms[39m
[32m[Nest] 67988  - [39m03/08/2026, 3:45:50 pm [32m    LOG[39m [38;5;3m[RouterExplorer] [39m[32mMapped {/projects/:projectId/announcements, GET} route[39m[38;5;3m +0ms[39m
[32m[Nest] 67988  - [39m03/08/2026, 3:45:50 pm [32m    LOG[39m [38;5;3m[RouterExplorer] [39m[32mMapped {/projects/:projectId/announcements, POST} route[39m[38;5;3m +1ms[39m
[32m[Nest] 67988  - [39m03/08/2026, 3:45:50 pm [32m    LOG[39m [38;5;3m[RouterExplorer] [39m[32mMapped {/projects/:projectId/announcements/:id, PATCH} route[39m[38;5;3m +0ms[39m
[32m[Nest] 67988  - [39m03/08/2026, 3:45:50 pm [32m    LOG[39m [38;5;3m[RouterExplorer] [39m[32mMapped {/projects/:projectId/announcements/:id/pin, PATCH} route[39m[38;5;3m +0ms[39m
[32m[Nest] 67988  - [39m03/08/2026, 3:45:50 pm [32m    LOG[39m [38;5;3m[RouterExplorer] [39m[32mMapped {/projects/:projectId/announcements/:id, DELETE} route[39m[38;5;3m +1ms[39m
[32m[Nest] 67988  - [39m03/08/2026, 3:45:50 pm [32m    LOG[39m [38;5;3m[RouterExplorer] [39m[32mMapped {/projects/:projectId/announcements/:id/reactions, POST} route[39m[38;5;3m +0ms[39m
[32m[Nest] 67988  - [39m03/08/2026, 3:45:50 pm [32m    LOG[39m [38;5;3m[RouterExplorer] [39m[32mMapped {/projects/:projectId/announcements/:id/reactions/:emoji, DELETE} route[39m[38;5;3m +0ms[39m
[32m[Nest] 67988  - [39m03/08/2026, 3:45:50 pm [32m    LOG[39m [38;5;3m[RoutesResolver] [39m[32mProjectDocumentsController {/projects/:projectId/documents}:[39m[38;5;3m +0ms[39m
[32m[Nest] 67988  - [39m03/08/2026, 3:45:50 pm [32m    LOG[39m [38;5;3m[RouterExplorer] [39m[32mMapped {/projects/:projectId/documents, POST} route[39m[38;5;3m +1ms[39m
[32m[Nest] 67988  - [39m03/08/2026, 3:45:50 pm [32m    LOG[39m [38;5;3m[RouterExplorer] [39m[32mMapped {/projects/:projectId/documents, GET} route[39m[38;5;3m +0ms[39m
[32m[Nest] 67988  - [39m03/08/2026, 3:45:50 pm [32m    LOG[39m [38;5;3m[RouterExplorer] [39m[32mMapped {/projects/:projectId/documents/:id/download, GET} route[39m[38;5;3m +1ms[39m
[32m[Nest] 67988  - [39m03/08/2026, 3:45:50 pm [32m    LOG[39m [38;5;3m[RouterExplorer] [39m[32mMapped {/projects/:projectId/documents/:id/preview, GET} route[39m[38;5;3m +0ms[39m
[32m[Nest] 67988  - [39m03/08/2026, 3:45:50 pm [32m    LOG[39m [38;5;3m[RouterExplorer] [39m[32mMapped {/projects/:projectId/documents/:id, DELETE} route[39m[38;5;3m +0ms[39m
[32m[Nest] 67988  - [39m03/08/2026, 3:45:50 pm [32m    LOG[39m [38;5;3m[RoutesResolver] [39m[32mProjectMilestonesController {/projects/:projectId/milestones}:[39m[38;5;3m +0ms[39m
[32m[Nest] 67988  - [39m03/08/2026, 3:45:50 pm [32m    LOG[39m [38;5;3m[RouterExplorer] [39m[32mMapped {/projects/:projectId/milestones, GET} route[39m[38;5;3m +1ms[39m
[32m[Nest] 67988  - [39m03/08/2026, 3:45:50 pm [32m    LOG[39m [38;5;3m[RouterExplorer] [39m[32mMapped {/projects/:projectId/milestones, POST} route[39m[38;5;3m +0ms[39m
[32m[Nest] 67988  - [39m03/08/2026, 3:45:50 pm [32m    LOG[39m [38;5;3m[RouterExplorer] [39m[32mMapped {/projects/:projectId/milestones/:id, PATCH} route[39m[38;5;3m +0ms[39m
[32m[Nest] 67988  - [39m03/08/2026, 3:45:50 pm [32m    LOG[39m [38;5;3m[RouterExplorer] [39m[32mMapped {/projects/:projectId/milestones/:id/status, PATCH} route[39m[38;5;3m +0ms[39m
[32m[Nest] 67988  - [39m03/08/2026, 3:45:50 pm [32m    LOG[39m [38;5;3m[RouterExplorer] [39m[32mMapped {/projects/:projectId/milestones/:id/progress, PATCH} route[39m[38;5;3m +1ms[39m
[32m[Nest] 67988  - [39m03/08/2026, 3:45:50 pm [32m    LOG[39m [38;5;3m[RouterExplorer] [39m[32mMapped {/projects/:projectId/milestones/:id, DELETE} route[39m[38;5;3m +0ms[39m
[32m[Nest] 67988  - [39m03/08/2026, 3:45:50 pm [32m    LOG[39m [38;5;3m[RoutesResolver] [39m[32mAiSummaryController {/projects/:projectId/ai-summary}:[39m[38;5;3m +0ms[39m
[32m[Nest] 67988  - [39m03/08/2026, 3:45:50 pm [32m    LOG[39m [38;5;3m[RouterExplorer] [39m[32mMapped {/projects/:projectId/ai-summary, GET} route[39m[38;5;3m +0ms[39m
[32m[Nest] 67988  - [39m03/08/2026, 3:45:50 pm [32m    LOG[39m [38;5;3m[StreamService] [39m[32mStream Chat server client initialized.[39m
Attention: Clerk collects telemetry data from its SDKs when connected to development instances.
The data collected is used to inform Clerk's product roadmap.
To learn more, including how to opt-out from the telemetry program, visit: https://clerk.com/docs/telemetry.

[32m[Nest] 67988  - [39m03/08/2026, 3:45:51 pm [32m    LOG[39m [38;5;3m[NestApplication] [39m[32mNest application successfully started[39m[38;5;3m +600ms[39m
🚀 Application is running on: http://localhost:3001
[32m[Nest] 67988  - [39m03/08/2026, 3:45:52 pm [32m    LOG[39m [38;5;3m[StreamService] [39m[32mStream user synced: user_3HE0SV8kvYSMEx8ggz3MMpOGMYX[39m
[32m[Nest] 67988  - [39m03/08/2026, 3:45:52 pm [32m    LOG[39m [38;5;3m[StreamService] [39m[32mStream user synced: user_3HE0SV8kvYSMEx8ggz3MMpOGMYX[39m
[32m[Nest] 67988  - [39m03/08/2026, 3:45:59 pm [32m    LOG[39m [38;5;3m[StreamService] [39m[32mStream user synced: user_3HE0SV8kvYSMEx8ggz3MMpOGMYX[39m
[32m[Nest] 67988  - [39m03/08/2026, 3:45:59 pm [32m    LOG[39m [38;5;3m[StreamService] [39m[32mStream user synced: user_3HE0SV8kvYSMEx8ggz3MMpOGMYX[39m
[32m[Nest] 67988  - [39m03/08/2026, 3:46:09 pm [32m    LOG[39m [38;5;3m[StreamService] [39m[32mStream user synced: user_3HE0SV8kvYSMEx8ggz3MMpOGMYX[39m
[32m[Nest] 67988  - [39m03/08/2026, 3:46:10 pm [32m    LOG[39m [38;5;3m[StreamService] [39m[32mStream user synced: user_3HE0SV8kvYSMEx8ggz3MMpOGMYX[39m
[32m[Nest] 67988  - [39m03/08/2026, 3:46:19 pm [32m    LOG[39m [38;5;3m[StreamService] [39m[32mStream user synced: user_3HE0SV8kvYSMEx8ggz3MMpOGMYX[39m
[32m[Nest] 67988  - [39m03/08/2026, 3:46:19 pm [32m    LOG[39m [38;5;3m[StreamService] [39m[32mStream user synced: user_3HE0SV8kvYSMEx8ggz3MMpOGMYX[39m
[32m[Nest] 67988  - [39m03/08/2026, 3:46:29 pm [32m    LOG[39m [38;5;3m[StreamService] [39m[32mStream user synced: user_3HE0SV8kvYSMEx8ggz3MMpOGMYX[39m
[32m[Nest] 67988  - [39m03/08/2026, 3:46:29 pm [32m    LOG[39m [38;5;3m[StreamService] [39m[32mStream user synced: user_3HE0SV8kvYSMEx8ggz3MMpOGMYX[39m
[32m[Nest] 67988  - [39m03/08/2026, 3:46:39 pm [32m    LOG[39m [38;5;3m[StreamService] [39m[32mStream user synced: user_3HE0SV8kvYSMEx8ggz3MMpOGMYX[39m
[32m[Nest] 67988  - [39m03/08/2026, 3:46:39 pm [32m    LOG[39m [38;5;3m[StreamService] [39m[32mStream user synced: user_3HE0SV8kvYSMEx8ggz3MMpOGMYX[39m
[32m[Nest] 67988  - [39m03/08/2026, 3:46:49 pm [32m    LOG[39m [38;5;3m[StreamService] [39m[32mStream user synced: user_3HE0SV8kvYSMEx8ggz3MMpOGMYX[39m
[32m[Nest] 67988  - [39m03/08/2026, 3:46:49 pm [32m    LOG[39m [38;5;3m[StreamService] [39m[32mStream user synced: user_3HE0SV8kvYSMEx8ggz3MMpOGMYX[39m
[32m[Nest] 67988  - [39m03/08/2026, 3:48:46 pm [32m    LOG[39m [38;5;3m[StreamService] [39m[32mStream user synced: user_3HE0SV8kvYSMEx8ggz3MMpOGMYX[39m
[32m[Nest] 67988  - [39m03/08/2026, 3:48:46 pm [32m    LOG[39m [38;5;3m[StreamService] [39m[32mStream user synced: user_3HE0SV8kvYSMEx8ggz3MMpOGMYX[39m
[32m[Nest] 67988  - [39m03/08/2026, 3:48:46 pm [32m    LOG[39m [38;5;3m[StreamService] [39m[32mStream user synced: user_3HE0SV8kvYSMEx8ggz3MMpOGMYX[39m
[32m[Nest] 67988  - [39m03/08/2026, 3:48:46 pm [32m    LOG[39m [38;5;3m[StreamService] [39m[32mStream user synced: user_3HE0SV8kvYSMEx8ggz3MMpOGMYX[39m
[32m[Nest] 67988  - [39m03/08/2026, 3:48:55 pm [32m    LOG[39m [38;5;3m[StreamService] [39m[32mStream user synced: user_3HE0SV8kvYSMEx8ggz3MMpOGMYX[39m
[32m[Nest] 67988  - [39m03/08/2026, 3:48:55 pm [32m    LOG[39m [38;5;3m[StreamService] [39m[32mStream user synced: user_3HE0SV8kvYSMEx8ggz3MMpOGMYX[39m
[32m[Nest] 67988  - [39m03/08/2026, 3:49:05 pm [32m    LOG[39m [38;5;3m[StreamService] [39m[32mStream user synced: user_3HE0SV8kvYSMEx8ggz3MMpOGMYX[39m
[32m[Nest] 67988  - [39m03/08/2026, 3:49:05 pm [32m    LOG[39m [38;5;3m[StreamService] [39m[32mStream user synced: user_3HE0SV8kvYSMEx8ggz3MMpOGMYX[39m
[32m[Nest] 67988  - [39m03/08/2026, 3:49:15 pm [32m    LOG[39m [38;5;3m[StreamService] [39m[32mStream user synced: user_3HE0SV8kvYSMEx8ggz3MMpOGMYX[39m
[32m[Nest] 67988  - [39m03/08/2026, 3:49:15 pm [32m    LOG[39m [38;5;3m[StreamService] [39m[32mStream user synced: user_3HE0SV8kvYSMEx8ggz3MMpOGMYX[39m
[32m[Nest] 67988  - [39m03/08/2026, 3:49:25 pm [32m    LOG[39m [38;5;3m[StreamService] [39m[32mStream user synced: user_3HE0SV8kvYSMEx8ggz3MMpOGMYX[39m
[32m[Nest] 67988  - [39m03/08/2026, 3:49:25 pm [32m    LOG[39m [38;5;3m[StreamService] [39m[32mStream user synced: user_3HE0SV8kvYSMEx8ggz3MMpOGMYX[39m
[32m[Nest] 67988  - [39m03/08/2026, 3:49:35 pm [32m    LOG[39m [38;5;3m[StreamService] [39m[32mStream user synced: user_3HE0SV8kvYSMEx8ggz3MMpOGMYX[39m
[32m[Nest] 67988  - [39m03/08/2026, 3:49:35 pm [32m    LOG[39m [38;5;3m[StreamService] [39m[32mStream user synced: user_3HE0SV8kvYSMEx8ggz3MMpOGMYX[39m
[32m[Nest] 67988  - [39m03/08/2026, 3:49:45 pm [32m    LOG[39m [38;5;3m[StreamService] [39m[32mStream user synced: user_3HE0SV8kvYSMEx8ggz3MMpOGMYX[39m
[32m[Nest] 67988  - [39m03/08/2026, 3:49:45 pm [32m    LOG[39m [38;5;3m[StreamService] [39m[32mStream user synced: user_3HE0SV8kvYSMEx8ggz3MMpOGMYX[39m
[32m[Nest] 67988  - [39m03/08/2026, 3:49:55 pm [32m    LOG[39m [38;5;3m[StreamService] [39m[32mStream user synced: user_3HE0SV8kvYSMEx8ggz3MMpOGMYX[39m
[32m[Nest] 67988  - [39m03/08/2026, 3:49:55 pm [32m    LOG[39m [38;5;3m[StreamService] [39m[32mStream user synced: user_3HE0SV8kvYSMEx8ggz3MMpOGMYX[39m
[32m[Nest] 67988  - [39m03/08/2026, 3:50:05 pm [32m    LOG[39m [38;5;3m[StreamService] [39m[32mStream user synced: user_3HE0SV8kvYSMEx8ggz3MMpOGMYX[39m
[32m[Nest] 67988  - [39m03/08/2026, 3:50:05 pm [32m    LOG[39m [38;5;3m[StreamService] [39m[32mStream user synced: user_3HE0SV8kvYSMEx8ggz3MMpOGMYX[39m
[32m[Nest] 67988  - [39m03/08/2026, 3:50:15 pm [32m    LOG[39m [38;5;3m[StreamService] [39m[32mStream user synced: user_3HE0SV8kvYSMEx8ggz3MMpOGMYX[39m
[32m[Nest] 67988  - [39m03/08/2026, 3:50:15 pm [32m    LOG[39m [38;5;3m[StreamService] [39m[32mStream user synced: user_3HE0SV8kvYSMEx8ggz3MMpOGMYX[39m
[32m[Nest] 67988  - [39m03/08/2026, 3:50:25 pm [32m    LOG[39m [38;5;3m[StreamService] [39m[32mStream user synced: user_3HE0SV8kvYSMEx8ggz3MMpOGMYX[39m
[32m[Nest] 67988  - [39m03/08/2026, 3:50:25 pm [32m    LOG[39m [38;5;3m[StreamService] [39m[32mStream user synced: user_3HE0SV8kvYSMEx8ggz3MMpOGMYX[39m
[32m[Nest] 67988  - [39m03/08/2026, 3:50:35 pm [32m    LOG[39m [38;5;3m[StreamService] [39m[32mStream user synced: user_3HE0SV8kvYSMEx8ggz3MMpOGMYX[39m
[32m[Nest] 67988  - [39m03/08/2026, 3:50:35 pm [32m    LOG[39m [38;5;3m[StreamService] [39m[32mStream user synced: user_3HE0SV8kvYSMEx8ggz3MMpOGMYX[39m
[32m[Nest] 67988  - [39m03/08/2026, 3:50:45 pm [32m    LOG[39m [38;5;3m[StreamService] [39m[32mStream user synced: user_3HE0SV8kvYSMEx8ggz3MMpOGMYX[39m
[32m[Nest] 67988  - [39m03/08/2026, 3:50:45 pm [32m    LOG[39m [38;5;3m[StreamService] [39m[32mStream user synced: user_3HE0SV8kvYSMEx8ggz3MMpOGMYX[39m
[32m[Nest] 67988  - [39m03/08/2026, 3:50:55 pm [32m    LOG[39m [38;5;3m[StreamService] [39m[32mStream user synced: user_3HE0SV8kvYSMEx8ggz3MMpOGMYX[39m
[32m[Nest] 67988  - [39m03/08/2026, 3:50:55 pm [32m    LOG[39m [38;5;3m[StreamService] [39m[32mStream user synced: user_3HE0SV8kvYSMEx8ggz3MMpOGMYX[39m
[32m[Nest] 67988  - [39m03/08/2026, 3:51:05 pm [32m    LOG[39m [38;5;3m[StreamService] [39m[32mStream user synced: user_3HE0SV8kvYSMEx8ggz3MMpOGMYX[39m
[32m[Nest] 67988  - [39m03/08/2026, 3:51:05 pm [32m    LOG[39m [38;5;3m[StreamService] [39m[32mStream user synced: user_3HE0SV8kvYSMEx8ggz3MMpOGMYX[39m
[32m[Nest] 67988  - [39m03/08/2026, 3:51:06 pm [32m    LOG[39m [38;5;3m[StreamService] [39m[32mStream user synced: user_3HE0SV8kvYSMEx8ggz3MMpOGMYX[39m
[32m[Nest] 67988  - [39m03/08/2026, 3:51:06 pm [32m    LOG[39m [38;5;3m[StreamService] [39m[32mStream user synced: user_3HE0SV8kvYSMEx8ggz3MMpOGMYX[39m
[32m[Nest] 67988  - [39m03/08/2026, 3:51:06 pm [32m    LOG[39m [38;5;3m[StreamService] [39m[32mStream user synced: user_3HE0SV8kvYSMEx8ggz3MMpOGMYX[39m
[32m[Nest] 67988  - [39m03/08/2026, 3:51:07 pm [32m    LOG[39m [38;5;3m[StreamService] [39m[32mStream user synced: user_3HE0SV8kvYSMEx8ggz3MMpOGMYX[39m
[32m[Nest] 67988  - [39m03/08/2026, 3:51:08 pm [32m    LOG[39m [38;5;3m[StreamService] [39m[32mStream user synced: user_3HE0SV8kvYSMEx8ggz3MMpOGMYX[39m
[32m[Nest] 67988  - [39m03/08/2026, 3:51:09 pm [32m    LOG[39m [38;5;3m[StreamService] [39m[32mStream user synced: user_3HE0SV8kvYSMEx8ggz3MMpOGMYX[39m
[32m[Nest] 67988  - [39m03/08/2026, 3:51:17 pm [32m    LOG[39m [38;5;3m[StreamService] [39m[32mStream user synced: user_3HE0SV8kvYSMEx8ggz3MMpOGMYX[39m
[32m[Nest] 67988  - [39m03/08/2026, 3:51:17 pm [32m    LOG[39m [38;5;3m[StreamService] [39m[32mStream user synced: user_3HE0SV8kvYSMEx8ggz3MMpOGMYX[39m
[32m[Nest] 67988  - [39m03/08/2026, 3:51:17 pm [32m    LOG[39m [38;5;3m[StreamService] [39m[32mStream user synced: user_3HE0SV8kvYSMEx8ggz3MMpOGMYX[39m
[32m[Nest] 67988  - [39m03/08/2026, 3:51:20 pm [32m    LOG[39m [38;5;3m[StreamService] [39m[32mStream user synced: user_3HE0SV8kvYSMEx8ggz3MMpOGMYX[39m
[32m[Nest] 67988  - [39m03/08/2026, 3:51:21 pm [32m    LOG[39m [38;5;3m[StreamService] [39m[32mStream user synced: user_3HE0SV8kvYSMEx8ggz3MMpOGMYX[39m
[32m[Nest] 67988  - [39m03/08/2026, 3:51:21 pm [32m    LOG[39m [38;5;3m[StreamService] [39m[32mStream user synced: user_3HE0SV8kvYSMEx8ggz3MMpOGMYX[39m
[32m[Nest] 67988  - [39m03/08/2026, 3:51:22 pm [32m    LOG[39m [38;5;3m[StreamService] [39m[32mStream user synced: user_3HE0SV8kvYSMEx8ggz3MMpOGMYX[39m
[32m[Nest] 67988  - [39m03/08/2026, 3:51:25 pm [32m    LOG[39m [38;5;3m[StreamService] [39m[32mStream user synced: user_3HE0SV8kvYSMEx8ggz3MMpOGMYX[39m
[32m[Nest] 67988  - [39m03/08/2026, 3:51:25 pm [32m    LOG[39m [38;5;3m[StreamService] [39m[32mStream user synced: user_3HE0SV8kvYSMEx8ggz3MMpOGMYX[39m
[32m[Nest] 67988  - [39m03/08/2026, 3:51:32 pm [32m    LOG[39m [38;5;3m[StreamService] [39m[32mStream user synced: user_3HE0SV8kvYSMEx8ggz3MMpOGMYX[39m
[32m[Nest] 67988  - [39m03/08/2026, 3:51:32 pm [32m    LOG[39m [38;5;3m[StreamService] [39m[32mStream user synced: user_3HE0SV8kvYSMEx8ggz3MMpOGMYX[39m
[32m[Nest] 67988  - [39m03/08/2026, 3:51:32 pm [32m    LOG[39m [38;5;3m[StreamService] [39m[32mStream user synced: user_3HE0SV8kvYSMEx8ggz3MMpOGMYX[39m
[32m[Nest] 67988  - [39m03/08/2026, 3:51:33 pm [32m    LOG[39m [38;5;3m[StreamService] [39m[32mStream user synced: user_3HE0SV8kvYSMEx8ggz3MMpOGMYX[39m
[32m[Nest] 67988  - [39m03/08/2026, 3:51:35 pm [32m    LOG[39m [38;5;3m[StreamService] [39m[32mStream user synced: user_3HE0SV8kvYSMEx8ggz3MMpOGMYX[39m
[32m[Nest] 67988  - [39m03/08/2026, 3:51:35 pm [32m    LOG[39m [38;5;3m[StreamService] [39m[32mStream user synced: user_3HE0SV8kvYSMEx8ggz3MMpOGMYX[39m
[32m[Nest] 67988  - [39m03/08/2026, 3:51:46 pm [32m    LOG[39m [38;5;3m[StreamService] [39m[32mStream user synced: user_3HE0SV8kvYSMEx8ggz3MMpOGMYX[39m
[32m[Nest] 67988  - [39m03/08/2026, 3:51:46 pm [32m    LOG[39m [38;5;3m[StreamService] [39m[32mStream user synced: user_3HE0SV8kvYSMEx8ggz3MMpOGMYX[39m
[32m[Nest] 67988  - [39m03/08/2026, 3:51:55 pm [32m    LOG[39m [38;5;3m[StreamService] [39m[32mStream user synced: user_3HE0SV8kvYSMEx8ggz3MMpOGMYX[39m
[32m[Nest] 67988  - [39m03/08/2026, 3:51:55 pm [32m    LOG[39m [38;5;3m[StreamService] [39m[32mStream user synced: user_3HE0SV8kvYSMEx8ggz3MMpOGMYX[39m
[32m[Nest] 67988  - [39m03/08/2026, 3:52:05 pm [32m    LOG[39m [38;5;3m[StreamService] [39m[32mStream user synced: user_3HE0SV8kvYSMEx8ggz3MMpOGMYX[39m
[32m[Nest] 67988  - [39m03/08/2026, 3:52:05 pm [32m    LOG[39m [38;5;3m[StreamService] [39m[32mStream user synced: user_3HE0SV8kvYSMEx8ggz3MMpOGMYX[39m
[32m[Nest] 67988  - [39m03/08/2026, 3:52:15 pm [32m    LOG[39m [38;5;3m[StreamService] [39m[32mStream user synced: user_3HE0SV8kvYSMEx8ggz3MMpOGMYX[39m
[32m[Nest] 67988  - [39m03/08/2026, 3:52:15 pm [32m    LOG[39m [38;5;3m[StreamService] [39m[32mStream user synced: user_3HE0SV8kvYSMEx8ggz3MMpOGMYX[39m
[32m[Nest] 67988  - [39m03/08/2026, 3:52:25 pm [32m    LOG[39m [38;5;3m[StreamService] [39m[32mStream user synced: user_3HE0SV8kvYSMEx8ggz3MMpOGMYX[39m
[32m[Nest] 67988  - [39m03/08/2026, 3:52:25 pm [32m    LOG[39m [38;5;3m[StreamService] [39m[32mStream user synced: user_3HE0SV8kvYSMEx8ggz3MMpOGMYX[39m
[32m[Nest] 67988  - [39m03/08/2026, 3:52:35 pm [32m    LOG[39m [38;5;3m[StreamService] [39m[32mStream user synced: user_3HE0SV8kvYSMEx8ggz3MMpOGMYX[39m
[32m[Nest] 67988  - [39m03/08/2026, 3:52:35 pm [32m    LOG[39m [38;5;3m[StreamService] [39m[32mStream user synced: user_3HE0SV8kvYSMEx8ggz3MMpOGMYX[39m
[32m[Nest] 67988  - [39m03/08/2026, 3:52:51 pm [32m    LOG[39m [38;5;3m[StreamService] [39m[32mStream user synced: user_3HE0SV8kvYSMEx8ggz3MMpOGMYX[39m
[32m[Nest] 67988  - [39m03/08/2026, 3:52:52 pm [32m    LOG[39m [38;5;3m[StreamService] [39m[32mStream user synced: user_3HE0SV8kvYSMEx8ggz3MMpOGMYX[39m
[32m[Nest] 67988  - [39m03/08/2026, 3:53:52 pm [32m    LOG[39m [38;5;3m[StreamService] [39m[32mStream user synced: user_3HE0SV8kvYSMEx8ggz3MMpOGMYX[39m
[32m[Nest] 67988  - [39m03/08/2026, 3:53:52 pm [32m    LOG[39m [38;5;3m[StreamService] [39m[32mStream user synced: user_3HE0SV8kvYSMEx8ggz3MMpOGMYX[39m
[32m[Nest] 67988  - [39m03/08/2026, 3:54:52 pm [32m    LOG[39m [38;5;3m[StreamService] [39m[32mStream user synced: user_3HE0SV8kvYSMEx8ggz3MMpOGMYX[39m
[32m[Nest] 67988  - [39m03/08/2026, 3:54:52 pm [32m    LOG[39m [38;5;3m[StreamService] [39m[32mStream user synced: user_3HE0SV8kvYSMEx8ggz3MMpOGMYX[39m
[32m[Nest] 67988  - [39m03/08/2026, 3:55:52 pm [32m    LOG[39m [38;5;3m[StreamService] [39m[32mStream user synced: user_3HE0SV8kvYSMEx8ggz3MMpOGMYX[39m
[32m[Nest] 67988  - [39m03/08/2026, 3:55:52 pm [32m    LOG[39m [38;5;3m[StreamService] [39m[32mStream user synced: user_3HE0SV8kvYSMEx8ggz3MMpOGMYX[39m
[32m[Nest] 67988  - [39m03/08/2026, 3:56:52 pm [32m    LOG[39m [38;5;3m[StreamService] [39m[32mStream user synced: user_3HE0SV8kvYSMEx8ggz3MMpOGMYX[39m
[32m[Nest] 67988  - [39m03/08/2026, 3:56:52 pm [32m    LOG[39m [38;5;3m[StreamService] [39m[32mStream user synced: user_3HE0SV8kvYSMEx8ggz3MMpOGMYX[39m
[32m[Nest] 67988  - [39m03/08/2026, 3:56:55 pm [32m    LOG[39m [38;5;3m[StreamService] [39m[32mStream user synced: user_3HE0SV8kvYSMEx8ggz3MMpOGMYX[39m
[32m[Nest] 67988  - [39m03/08/2026, 3:56:55 pm [32m    LOG[39m [38;5;3m[StreamService] [39m[32mStream user synced: user_3HE0SV8kvYSMEx8ggz3MMpOGMYX[39m
[32m[Nest] 67988  - [39m03/08/2026, 3:57:17 pm [32m    LOG[39m [38;5;3m[StreamService] [39m[32mStream user synced: user_3HE0SV8kvYSMEx8ggz3MMpOGMYX[39m
[32m[Nest] 67988  - [39m03/08/2026, 3:57:17 pm [32m    LOG[39m [38;5;3m[StreamService] [39m[32mStream user synced: user_3HE0SV8kvYSMEx8ggz3MMpOGMYX[39m
[32m[Nest] 67988  - [39m03/08/2026, 3:57:20 pm [32m    LOG[39m [38;5;3m[StreamService] [39m[32mStream user synced: user_3HE0SV8kvYSMEx8ggz3MMpOGMYX[39m
[32m[Nest] 67988  - [39m03/08/2026, 3:57:21 pm [32m    LOG[39m [38;5;3m[StreamService] [39m[32mStream user synced: user_3HE0SV8kvYSMEx8ggz3MMpOGMYX[39m
[32m[Nest] 67988  - [39m03/08/2026, 3:57:21 pm [32m    LOG[39m [38;5;3m[StreamService] [39m[32mStream user synced: user_3HE0SV8kvYSMEx8ggz3MMpOGMYX[39m
[32m[Nest] 67988  - [39m03/08/2026, 3:57:22 pm [32m    LOG[39m [38;5;3m[StreamService] [39m[32mStream user synced: user_3HE0SV8kvYSMEx8ggz3MMpOGMYX[39m
[32m[Nest] 67988  - [39m03/08/2026, 3:57:25 pm [32m    LOG[39m [38;5;3m[StreamService] [39m[32mStream user synced: user_3HE0SV8kvYSMEx8ggz3MMpOGMYX[39m
[32m[Nest] 67988  - [39m03/08/2026, 3:57:25 pm [32m    LOG[39m [38;5;3m[StreamService] [39m[32mStream user synced: user_3HE0SV8kvYSMEx8ggz3MMpOGMYX[39m
[32m[Nest] 67988  - [39m03/08/2026, 3:57:35 pm [32m    LOG[39m [38;5;3m[StreamService] [39m[32mStream user synced: user_3HE0SV8kvYSMEx8ggz3MMpOGMYX[39m
[32m[Nest] 67988  - [39m03/08/2026, 3:57:35 pm [32m    LOG[39m [38;5;3m[StreamService] [39m[32mStream user synced: user_3HE0SV8kvYSMEx8ggz3MMpOGMYX[39m
[32m[Nest] 67988  - [39m03/08/2026, 3:57:45 pm [32m    LOG[39m [38;5;3m[StreamService] [39m[32mStream user synced: user_3HE0SV8kvYSMEx8ggz3MMpOGMYX[39m
[32m[Nest] 67988  - [39m03/08/2026, 3:57:45 pm [32m    LOG[39m [38;5;3m[StreamService] [39m[32mStream user synced: user_3HE0SV8kvYSMEx8ggz3MMpOGMYX[39m
[32m[Nest] 67988  - [39m03/08/2026, 3:57:55 pm [32m    LOG[39m [38;5;3m[StreamService] [39m[32mStream user synced: user_3HE0SV8kvYSMEx8ggz3MMpOGMYX[39m
[32m[Nest] 67988  - [39m03/08/2026, 3:57:55 pm [32m    LOG[39m [38;5;3m[StreamService] [39m[32mStream user synced: user_3HE0SV8kvYSMEx8ggz3MMpOGMYX[39m
[32m[Nest] 67988  - [39m03/08/2026, 3:58:06 pm [32m    LOG[39m [38;5;3m[StreamService] [39m[32mStream user synced: user_3HE0SV8kvYSMEx8ggz3MMpOGMYX[39m
[32m[Nest] 67988  - [39m03/08/2026, 3:58:06 pm [32m    LOG[39m [38;5;3m[StreamService] [39m[32mStream user synced: user_3HE0SV8kvYSMEx8ggz3MMpOGMYX[39m
[32m[Nest] 67988  - [39m03/08/2026, 3:58:15 pm [32m    LOG[39m [38;5;3m[StreamService] [39m[32mStream user synced: user_3HE0SV8kvYSMEx8ggz3MMpOGMYX[39m
[32m[Nest] 67988  - [39m03/08/2026, 3:58:15 pm [32m    LOG[39m [38;5;3m[StreamService] [39m[32mStream user synced: user_3HE0SV8kvYSMEx8ggz3MMpOGMYX[39m
[32m[Nest] 67988  - [39m03/08/2026, 3:58:25 pm [32m    LOG[39m [38;5;3m[StreamService] [39m[32mStream user synced: user_3HE0SV8kvYSMEx8ggz3MMpOGMYX[39m
[32m[Nest] 67988  - [39m03/08/2026, 3:58:25 pm [32m    LOG[39m [38;5;3m[StreamService] [39m[32mStream user synced: user_3HE0SV8kvYSMEx8ggz3MMpOGMYX[39m
[32m[Nest] 67988  - [39m03/08/2026, 3:58:25 pm [32m    LOG[39m [38;5;3m[StreamService] [39m[32mStream user synced: user_3HE0SV8kvYSMEx8ggz3MMpOGMYX[39m
[32m[Nest] 67988  - [39m03/08/2026, 3:58:25 pm [32m    LOG[39m [38;5;3m[StreamService] [39m[32mStream user synced: user_3HE0SV8kvYSMEx8ggz3MMpOGMYX[39m
[32m[Nest] 67988  - [39m03/08/2026, 3:58:26 pm [32m    LOG[39m [38;5;3m[StreamService] [39m[32mStream user synced: user_3HE0SV8kvYSMEx8ggz3MMpOGMYX[39m
[32m[Nest] 67988  - [39m03/08/2026, 3:58:27 pm [32m    LOG[39m [38;5;3m[StreamService] [39m[32mStream user synced: user_3HE0SV8kvYSMEx8ggz3MMpOGMYX[39m
[32m[Nest] 67988  - [39m03/08/2026, 3:58:34 pm [32m    LOG[39m [38;5;3m[StreamService] [39m[32mStream user synced: user_3HE0SV8kvYSMEx8ggz3MMpOGMYX[39m
[32m[Nest] 67988  - [39m03/08/2026, 3:58:34 pm [32m    LOG[39m [38;5;3m[StreamService] [39m[32mStream user synced: user_3HE0SV8kvYSMEx8ggz3MMpOGMYX[39m
[32m[Nest] 67988  - [39m03/08/2026, 3:58:44 pm [32m    LOG[39m [38;5;3m[StreamService] [39m[32mStream user synced: user_3HE0SV8kvYSMEx8ggz3MMpOGMYX[39m
[32m[Nest] 67988  - [39m03/08/2026, 3:58:44 pm [32m    LOG[39m [38;5;3m[StreamService] [39m[32mStream user synced: user_3HE0SV8kvYSMEx8ggz3MMpOGMYX[39m
[32m[Nest] 67988  - [39m03/08/2026, 3:58:47 pm [32m    LOG[39m [38;5;3m[StreamService] [39m[32mStream user synced: user_3HE0SV8kvYSMEx8ggz3MMpOGMYX[39m
[32m[Nest] 67988  - [39m03/08/2026, 3:58:47 pm [32m    LOG[39m [38;5;3m[StreamService] [39m[32mStream user synced: user_3HE0SV8kvYSMEx8ggz3MMpOGMYX[39m
[32m[Nest] 67988  - [39m03/08/2026, 3:58:47 pm [32m    LOG[39m [38;5;3m[StreamService] [39m[32mStream user synced: user_3HE0SV8kvYSMEx8ggz3MMpOGMYX[39m
[32m[Nest] 67988  - [39m03/08/2026, 3:58:47 pm [32m    LOG[39m [38;5;3m[StreamService] [39m[32mStream user synced: user_3HE0SV8kvYSMEx8ggz3MMpOGMYX[39m
[32m[Nest] 67988  - [39m03/08/2026, 3:58:48 pm [32m    LOG[39m [38;5;3m[StreamService] [39m[32mStream user synced: user_3HE0SV8kvYSMEx8ggz3MMpOGMYX[39m
[32m[Nest] 67988  - [39m03/08/2026, 3:58:49 pm [32m    LOG[39m [38;5;3m[StreamService] [39m[32mStream user synced: user_3HE0SV8kvYSMEx8ggz3MMpOGMYX[39m
[32m[Nest] 67988  - [39m03/08/2026, 3:58:56 pm [32m    LOG[39m [38;5;3m[StreamService] [39m[32mStream user synced: user_3HE0SV8kvYSMEx8ggz3MMpOGMYX[39m
[32m[Nest] 67988  - [39m03/08/2026, 3:58:56 pm [32m    LOG[39m [38;5;3m[StreamService] [39m[32mStream user synced: user_3HE0SV8kvYSMEx8ggz3MMpOGMYX[39m
[32m[Nest] 67988  - [39m03/08/2026, 3:59:06 pm [32m    LOG[39m [38;5;3m[StreamService] [39m[32mStream user synced: user_3HE0SV8kvYSMEx8ggz3MMpOGMYX[39m
[32m[Nest] 67988  - [39m03/08/2026, 3:59:06 pm [32m    LOG[39m [38;5;3m[StreamService] [39m[32mStream user synced: user_3HE0SV8kvYSMEx8ggz3MMpOGMYX[39m
[32m[Nest] 67988  - [39m03/08/2026, 4:01:20 pm [32m    LOG[39m [38;5;3m[StreamService] [39m[32mStream user synced: user_3HE0SV8kvYSMEx8ggz3MMpOGMYX[39m
[32m[Nest] 67988  - [39m03/08/2026, 4:01:20 pm [32m    LOG[39m [38;5;3m[StreamService] [39m[32mStream user synced: user_3HE0SV8kvYSMEx8ggz3MMpOGMYX[39m
[32m[Nest] 67988  - [39m03/08/2026, 4:01:20 pm [32m    LOG[39m [38;5;3m[StreamService] [39m[32mStream user synced: user_3HE0SV8kvYSMEx8ggz3MMpOGMYX[39m
[32m[Nest] 67988  - [39m03/08/2026, 4:01:20 pm [32m    LOG[39m [38;5;3m[StreamService] [39m[32mStream user synced: user_3HE0SV8kvYSMEx8ggz3MMpOGMYX[39m
[32m[Nest] 67988  - [39m03/08/2026, 4:01:21 pm [32m    LOG[39m [38;5;3m[StreamService] [39m[32mStream user synced: user_3HE0SV8kvYSMEx8ggz3MMpOGMYX[39m
[32m[Nest] 67988  - [39m03/08/2026, 4:01:21 pm [32m    LOG[39m [38;5;3m[StreamService] [39m[32mStream user synced: user_3HE0SV8kvYSMEx8ggz3MMpOGMYX[39m
[32m[Nest] 67988  - [39m03/08/2026, 4:01:29 pm [32m    LOG[39m [38;5;3m[StreamService] [39m[32mStream user synced: user_3HE0SV8kvYSMEx8ggz3MMpOGMYX[39m
[32m[Nest] 67988  - [39m03/08/2026, 4:01:29 pm [32m    LOG[39m [38;5;3m[StreamService] [39m[32mStream user synced: user_3HE0SV8kvYSMEx8ggz3MMpOGMYX[39m
[32m[Nest] 67988  - [39m03/08/2026, 4:01:39 pm [32m    LOG[39m [38;5;3m[StreamService] [39m[32mStream user synced: user_3HE0SV8kvYSMEx8ggz3MMpOGMYX[39m
[32m[Nest] 67988  - [39m03/08/2026, 4:01:39 pm [32m    LOG[39m [38;5;3m[StreamService] [39m[32mStream user synced: user_3HE0SV8kvYSMEx8ggz3MMpOGMYX[39m
[32m[Nest] 67988  - [39m03/08/2026, 4:01:49 pm [32m    LOG[39m [38;5;3m[StreamService] [39m[32mStream user synced: user_3HE0SV8kvYSMEx8ggz3MMpOGMYX[39m
[32m[Nest] 67988  - [39m03/08/2026, 4:01:49 pm [32m    LOG[39m [38;5;3m[StreamService] [39m[32mStream user synced: user_3HE0SV8kvYSMEx8ggz3MMpOGMYX[39m
[32m[Nest] 67988  - [39m03/08/2026, 4:01:59 pm [32m    LOG[39m [38;5;3m[StreamService] [39m[32mStream user synced: user_3HE0SV8kvYSMEx8ggz3MMpOGMYX[39m
[32m[Nest] 67988  - [39m03/08/2026, 4:01:59 pm [32m    LOG[39m [38;5;3m[StreamService] [39m[32mStream user synced: user_3HE0SV8kvYSMEx8ggz3MMpOGMYX[39m
[32m[Nest] 67988  - [39m03/08/2026, 4:02:09 pm [32m    LOG[39m [38;5;3m[StreamService] [39m[32mStream user synced: user_3HE0SV8kvYSMEx8ggz3MMpOGMYX[39m
[32m[Nest] 67988  - [39m03/08/2026, 4:02:09 pm [32m    LOG[39m [38;5;3m[StreamService] [39m[32mStream user synced: user_3HE0SV8kvYSMEx8ggz3MMpOGMYX[39m
[32m[Nest] 67988  - [39m03/08/2026, 4:02:20 pm [32m    LOG[39m [38;5;3m[StreamService] [39m[32mStream user synced: user_3HE0SV8kvYSMEx8ggz3MMpOGMYX[39m
[32m[Nest] 67988  - [39m03/08/2026, 4:02:20 pm [32m    LOG[39m [38;5;3m[StreamService] [39m[32mStream user synced: user_3HE0SV8kvYSMEx8ggz3MMpOGMYX[39m
[32m[Nest] 67988  - [39m03/08/2026, 4:02:37 pm [32m    LOG[39m [38;5;3m[StreamService] [39m[32mStream user synced: user_3HE0SV8kvYSMEx8ggz3MMpOGMYX[39m
[32m[Nest] 67988  - [39m03/08/2026, 4:02:37 pm [32m    LOG[39m [38;5;3m[StreamService] [39m[32mStream user synced: user_3HE0SV8kvYSMEx8ggz3MMpOGMYX[39m
[32m[Nest] 67988  - [39m03/08/2026, 4:02:37 pm [32m    LOG[39m [38;5;3m[StreamService] [39m[32mStream user synced: user_3HE0SV8kvYSMEx8ggz3MMpOGMYX[39m
[32m[Nest] 67988  - [39m03/08/2026, 4:02:37 pm [32m    LOG[39m [38;5;3m[StreamService] [39m[32mStream user synced: user_3HE0SV8kvYSMEx8ggz3MMpOGMYX[39m
[32m[Nest] 67988  - [39m03/08/2026, 4:02:38 pm [32m    LOG[39m [38;5;3m[StreamService] [39m[32mStream user synced: user_3HE0SV8kvYSMEx8ggz3MMpOGMYX[39m
[32m[Nest] 67988  - [39m03/08/2026, 4:02:38 pm [32m    LOG[39m [38;5;3m[StreamService] [39m[32mStream user synced: user_3HE0SV8kvYSMEx8ggz3MMpOGMYX[39m
[32m[Nest] 67988  - [39m03/08/2026, 4:02:46 pm [32m    LOG[39m [38;5;3m[StreamService] [39m[32mStream user synced: user_3HE0SV8kvYSMEx8ggz3MMpOGMYX[39m
[32m[Nest] 67988  - [39m03/08/2026, 4:02:46 pm [32m    LOG[39m [38;5;3m[StreamService] [39m[32mStream user synced: user_3HE0SV8kvYSMEx8ggz3MMpOGMYX[39m
[32m[Nest] 67988  - [39m03/08/2026, 4:02:56 pm [32m    LOG[39m [38;5;3m[StreamService] [39m[32mStream user synced: user_3HE0SV8kvYSMEx8ggz3MMpOGMYX[39m
[32m[Nest] 67988  - [39m03/08/2026, 4:02:56 pm [32m    LOG[39m [38;5;3m[StreamService] [39m[32mStream user synced: user_3HE0SV8kvYSMEx8ggz3MMpOGMYX[39m
[32m[Nest] 67988  - [39m03/08/2026, 4:03:06 pm [32m    LOG[39m [38;5;3m[StreamService] [39m[32mStream user synced: user_3HE0SV8kvYSMEx8ggz3MMpOGMYX[39m
[32m[Nest] 67988  - [39m03/08/2026, 4:03:06 pm [32m    LOG[39m [38;5;3m[StreamService] [39m[32mStream user synced: user_3HE0SV8kvYSMEx8ggz3MMpOGMYX[39m
[32m[Nest] 67988  - [39m03/08/2026, 4:03:16 pm [32m    LOG[39m [38;5;3m[StreamService] [39m[32mStream user synced: user_3HE0SV8kvYSMEx8ggz3MMpOGMYX[39m
[32m[Nest] 67988  - [39m03/08/2026, 4:03:16 pm [32m    LOG[39m [38;5;3m[StreamService] [39m[32mStream user synced: user_3HE0SV8kvYSMEx8ggz3MMpOGMYX[39m
[32m[Nest] 67988  - [39m03/08/2026, 4:03:26 pm [32m    LOG[39m [38;5;3m[StreamService] [39m[32mStream user synced: user_3HE0SV8kvYSMEx8ggz3MMpOGMYX[39m
[32m[Nest] 67988  - [39m03/08/2026, 4:03:26 pm [32m    LOG[39m [38;5;3m[StreamService] [39m[32mStream user synced: user_3HE0SV8kvYSMEx8ggz3MMpOGMYX[39m
[32m[Nest] 67988  - [39m03/08/2026, 4:03:36 pm [32m    LOG[39m [38;5;3m[StreamService] [39m[32mStream user synced: user_3HE0SV8kvYSMEx8ggz3MMpOGMYX[39m
[32m[Nest] 67988  - [39m03/08/2026, 4:03:36 pm [32m    LOG[39m [38;5;3m[StreamService] [39m[32mStream user synced: user_3HE0SV8kvYSMEx8ggz3MMpOGMYX[39m
[32m[Nest] 67988  - [39m03/08/2026, 4:03:46 pm [32m    LOG[39m [38;5;3m[StreamService] [39m[32mStream user synced: user_3HE0SV8kvYSMEx8ggz3MMpOGMYX[39m
[32m[Nest] 67988  - [39m03/08/2026, 4:03:46 pm [32m    LOG[39m [38;5;3m[StreamService] [39m[32mStream user synced: user_3HE0SV8kvYSMEx8ggz3MMpOGMYX[39m
[32m[Nest] 67988  - [39m03/08/2026, 4:03:56 pm [32m    LOG[39m [38;5;3m[StreamService] [39m[32mStream user synced: user_3HE0SV8kvYSMEx8ggz3MMpOGMYX[39m
[32m[Nest] 67988  - [39m03/08/2026, 4:03:56 pm [32m    LOG[39m [38;5;3m[StreamService] [39m[32mStream user synced: user_3HE0SV8kvYSMEx8ggz3MMpOGMYX[39m
[32m[Nest] 67988  - [39m03/08/2026, 4:04:06 pm [32m    LOG[39m [38;5;3m[StreamService] [39m[32mStream user synced: user_3HE0SV8kvYSMEx8ggz3MMpOGMYX[39m
[32m[Nest] 67988  - [39m03/08/2026, 4:04:06 pm [32m    LOG[39m [38;5;3m[StreamService] [39m[32mStream user synced: user_3HE0SV8kvYSMEx8ggz3MMpOGMYX[39m
[32m[Nest] 67988  - [39m03/08/2026, 4:04:16 pm [32m    LOG[39m [38;5;3m[StreamService] [39m[32mStream user synced: user_3HE0SV8kvYSMEx8ggz3MMpOGMYX[39m
[32m[Nest] 67988  - [39m03/08/2026, 4:04:16 pm [32m    LOG[39m [38;5;3m[StreamService] [39m[32mStream user synced: user_3HE0SV8kvYSMEx8ggz3MMpOGMYX[39m
[32m[Nest] 67988  - [39m03/08/2026, 4:04:26 pm [32m    LOG[39m [38;5;3m[StreamService] [39m[32mStream user synced: user_3HE0SV8kvYSMEx8ggz3MMpOGMYX[39m
[32m[Nest] 67988  - [39m03/08/2026, 4:04:26 pm [32m    LOG[39m [38;5;3m[StreamService] [39m[32mStream user synced: user_3HE0SV8kvYSMEx8ggz3MMpOGMYX[39m
[32m[Nest] 67988  - [39m03/08/2026, 4:04:36 pm [32m    LOG[39m [38;5;3m[StreamService] [39m[32mStream user synced: user_3HE0SV8kvYSMEx8ggz3MMpOGMYX[39m
[32m[Nest] 67988  - [39m03/08/2026, 4:04:36 pm [32m    LOG[39m [38;5;3m[StreamService] [39m[32mStream user synced: user_3HE0SV8kvYSMEx8ggz3MMpOGMYX[39m
[32m[Nest] 67988  - [39m03/08/2026, 4:04:46 pm [32m    LOG[39m [38;5;3m[StreamService] [39m[32mStream user synced: user_3HE0SV8kvYSMEx8ggz3MMpOGMYX[39m
[32m[Nest] 67988  - [39m03/08/2026, 4:04:46 pm [32m    LOG[39m [38;5;3m[StreamService] [39m[32mStream user synced: user_3HE0SV8kvYSMEx8ggz3MMpOGMYX[39m
[32m[Nest] 67988  - [39m03/08/2026, 4:04:56 pm [32m    LOG[39m [38;5;3m[StreamService] [39m[32mStream user synced: user_3HE0SV8kvYSMEx8ggz3MMpOGMYX[39m
[32m[Nest] 67988  - [39m03/08/2026, 4:04:56 pm [32m    LOG[39m [38;5;3m[StreamService] [39m[32mStream user synced: user_3HE0SV8kvYSMEx8ggz3MMpOGMYX[39m
[32m[Nest] 67988  - [39m03/08/2026, 4:05:06 pm [32m    LOG[39m [38;5;3m[StreamService] [39m[32mStream user synced: user_3HE0SV8kvYSMEx8ggz3MMpOGMYX[39m
[32m[Nest] 67988  - [39m03/08/2026, 4:05:06 pm [32m    LOG[39m [38;5;3m[StreamService] [39m[32mStream user synced: user_3HE0SV8kvYSMEx8ggz3MMpOGMYX[39m
[32m[Nest] 67988  - [39m03/08/2026, 4:05:17 pm [32m    LOG[39m [38;5;3m[StreamService] [39m[32mStream user synced: user_3HE0SV8kvYSMEx8ggz3MMpOGMYX[39m
[32m[Nest] 67988  - [39m03/08/2026, 4:05:17 pm [32m    LOG[39m [38;5;3m[StreamService] [39m[32mStream user synced: user_3HE0SV8kvYSMEx8ggz3MMpOGMYX[39m
[32m[Nest] 67988  - [39m03/08/2026, 4:05:26 pm [32m    LOG[39m [38;5;3m[StreamService] [39m[32mStream user synced: user_3HE0SV8kvYSMEx8ggz3MMpOGMYX[39m
[32m[Nest] 67988  - [39m03/08/2026, 4:05:26 pm [32m    LOG[39m [38;5;3m[StreamService] [39m[32mStream user synced: user_3HE0SV8kvYSMEx8ggz3MMpOGMYX[39m
[32m[Nest] 67988  - [39m03/08/2026, 4:05:36 pm [32m    LOG[39m [38;5;3m[StreamService] [39m[32mStream user synced: user_3HE0SV8kvYSMEx8ggz3MMpOGMYX[39m
[32m[Nest] 67988  - [39m03/08/2026, 4:05:36 pm [32m    LOG[39m [38;5;3m[StreamService] [39m[32mStream user synced: user_3HE0SV8kvYSMEx8ggz3MMpOGMYX[39m
[32m[Nest] 67988  - [39m03/08/2026, 4:05:46 pm [32m    LOG[39m [38;5;3m[StreamService] [39m[32mStream user synced: user_3HE0SV8kvYSMEx8ggz3MMpOGMYX[39m
[32m[Nest] 67988  - [39m03/08/2026, 4:05:46 pm [32m    LOG[39m [38;5;3m[StreamService] [39m[32mStream user synced: user_3HE0SV8kvYSMEx8ggz3MMpOGMYX[39m
[32m[Nest] 67988  - [39m03/08/2026, 4:05:56 pm [32m    LOG[39m [38;5;3m[StreamService] [39m[32mStream user synced: user_3HE0SV8kvYSMEx8ggz3MMpOGMYX[39m
[32m[Nest] 67988  - [39m03/08/2026, 4:05:56 pm [32m    LOG[39m [38;5;3m[StreamService] [39m[32mStream user synced: user_3HE0SV8kvYSMEx8ggz3MMpOGMYX[39m
[32m[Nest] 67988  - [39m03/08/2026, 4:06:06 pm [32m    LOG[39m [38;5;3m[StreamService] [39m[32mStream user synced: user_3HE0SV8kvYSMEx8ggz3MMpOGMYX[39m
[32m[Nest] 67988  - [39m03/08/2026, 4:06:06 pm [32m    LOG[39m [38;5;3m[StreamService] [39m[32mStream user synced: user_3HE0SV8kvYSMEx8ggz3MMpOGMYX[39m
[32m[Nest] 67988  - [39m03/08/2026, 4:06:16 pm [32m    LOG[39m [38;5;3m[StreamService] [39m[32mStream user synced: user_3HE0SV8kvYSMEx8ggz3MMpOGMYX[39m
[32m[Nest] 67988  - [39m03/08/2026, 4:06:16 pm [32m    LOG[39m [38;5;3m[StreamService] [39m[32mStream user synced: user_3HE0SV8kvYSMEx8ggz3MMpOGMYX[39m
[32m[Nest] 67988  - [39m03/08/2026, 4:06:26 pm [32m    LOG[39m [38;5;3m[StreamService] [39m[32mStream user synced: user_3HE0SV8kvYSMEx8ggz3MMpOGMYX[39m
[32m[Nest] 67988  - [39m03/08/2026, 4:06:26 pm [32m    LOG[39m [38;5;3m[StreamService] [39m[32mStream user synced: user_3HE0SV8kvYSMEx8ggz3MMpOGMYX[39m
[32m[Nest] 67988  - [39m03/08/2026, 4:06:36 pm [32m    LOG[39m [38;5;3m[StreamService] [39m[32mStream user synced: user_3HE0SV8kvYSMEx8ggz3MMpOGMYX[39m
[32m[Nest] 67988  - [39m03/08/2026, 4:06:36 pm [32m    LOG[39m [38;5;3m[StreamService] [39m[32mStream user synced: user_3HE0SV8kvYSMEx8ggz3MMpOGMYX[39m
[32m[Nest] 67988  - [39m03/08/2026, 4:06:46 pm [32m    LOG[39m [38;5;3m[StreamService] [39m[32mStream user synced: user_3HE0SV8kvYSMEx8ggz3MMpOGMYX[39m
[32m[Nest] 67988  - [39m03/08/2026, 4:06:46 pm [32m    LOG[39m [38;5;3m[StreamService] [39m[32mStream user synced: user_3HE0SV8kvYSMEx8ggz3MMpOGMYX[39m
[32m[Nest] 67988  - [39m03/08/2026, 4:06:56 pm [32m    LOG[39m [38;5;3m[StreamService] [39m[32mStream user synced: user_3HE0SV8kvYSMEx8ggz3MMpOGMYX[39m
[32m[Nest] 67988  - [39m03/08/2026, 4:06:56 pm [32m    LOG[39m [38;5;3m[StreamService] [39m[32mStream user synced: user_3HE0SV8kvYSMEx8ggz3MMpOGMYX[39m
[32m[Nest] 67988  - [39m03/08/2026, 4:07:06 pm [32m    LOG[39m [38;5;3m[StreamService] [39m[32mStream user synced: user_3HE0SV8kvYSMEx8ggz3MMpOGMYX[39m
[32m[Nest] 67988  - [39m03/08/2026, 4:07:06 pm [32m    LOG[39m [38;5;3m[StreamService] [39m[32mStream user synced: user_3HE0SV8kvYSMEx8ggz3MMpOGMYX[39m
[32m[Nest] 67988  - [39m03/08/2026, 4:07:16 pm [32m    LOG[39m [38;5;3m[StreamService] [39m[32mStream user synced: user_3HE0SV8kvYSMEx8ggz3MMpOGMYX[39m
[32m[Nest] 67988  - [39m03/08/2026, 4:07:16 pm [32m    LOG[39m [38;5;3m[StreamService] [39m[32mStream user synced: user_3HE0SV8kvYSMEx8ggz3MMpOGMYX[39m
[32m[Nest] 67988  - [39m03/08/2026, 4:07:26 pm [32m    LOG[39m [38;5;3m[StreamService] [39m[32mStream user synced: user_3HE0SV8kvYSMEx8ggz3MMpOGMYX[39m
[32m[Nest] 67988  - [39m03/08/2026, 4:07:26 pm [32m    LOG[39m [38;5;3m[StreamService] [39m[32mStream user synced: user_3HE0SV8kvYSMEx8ggz3MMpOGMYX[39m
[32m[Nest] 67988  - [39m03/08/2026, 4:07:35 pm [32m    LOG[39m [38;5;3m[StreamService] [39m[32mStream user synced: user_3HE0SV8kvYSMEx8ggz3MMpOGMYX[39m
[32m[Nest] 67988  - [39m03/08/2026, 4:07:35 pm [32m    LOG[39m [38;5;3m[StreamService] [39m[32mStream user synced: user_3HE0SV8kvYSMEx8ggz3MMpOGMYX[39m
[32m[Nest] 67988  - [39m03/08/2026, 4:07:46 pm [32m    LOG[39m [38;5;3m[StreamService] [39m[32mStream user synced: user_3HE0SV8kvYSMEx8ggz3MMpOGMYX[39m
[32m[Nest] 67988  - [39m03/08/2026, 4:07:46 pm [32m    LOG[39m [38;5;3m[StreamService] [39m[32mStream user synced: user_3HE0SV8kvYSMEx8ggz3MMpOGMYX[39m
[32m[Nest] 67988  - [39m03/08/2026, 4:07:56 pm [32m    LOG[39m [38;5;3m[StreamService] [39m[32mStream user synced: user_3HE0SV8kvYSMEx8ggz3MMpOGMYX[39m
[32m[Nest] 67988  - [39m03/08/2026, 4:07:56 pm [32m    LOG[39m [38;5;3m[StreamService] [39m[32mStream user synced: user_3HE0SV8kvYSMEx8ggz3MMpOGMYX[39m
[32m[Nest] 67988  - [39m03/08/2026, 4:08:06 pm [32m    LOG[39m [38;5;3m[StreamService] [39m[32mStream user synced: user_3HE0SV8kvYSMEx8ggz3MMpOGMYX[39m
[32m[Nest] 67988  - [39m03/08/2026, 4:08:06 pm [32m    LOG[39m [38;5;3m[StreamService] [39m[32mStream user synced: user_3HE0SV8kvYSMEx8ggz3MMpOGMYX[39m
[32m[Nest] 67988  - [39m03/08/2026, 4:08:15 pm [32m    LOG[39m [38;5;3m[StreamService] [39m[32mStream user synced: user_3HE0SV8kvYSMEx8ggz3MMpOGMYX[39m
[32m[Nest] 67988  - [39m03/08/2026, 4:08:15 pm [32m    LOG[39m [38;5;3m[StreamService] [39m[32mStream user synced: user_3HE0SV8kvYSMEx8ggz3MMpOGMYX[39m
[32m[Nest] 67988  - [39m03/08/2026, 4:08:25 pm [32m    LOG[39m [38;5;3m[StreamService] [39m[32mStream user synced: user_3HE0SV8kvYSMEx8ggz3MMpOGMYX[39m
[32m[Nest] 67988  - [39m03/08/2026, 4:08:25 pm [32m    LOG[39m [38;5;3m[StreamService] [39m[32mStream user synced: user_3HE0SV8kvYSMEx8ggz3MMpOGMYX[39m
[32m[Nest] 67988  - [39m03/08/2026, 4:08:35 pm [32m    LOG[39m [38;5;3m[StreamService] [39m[32mStream user synced: user_3HE0SV8kvYSMEx8ggz3MMpOGMYX[39m
[32m[Nest] 67988  - [39m03/08/2026, 4:08:35 pm [32m    LOG[39m [38;5;3m[StreamService] [39m[32mStream user synced: user_3HE0SV8kvYSMEx8ggz3MMpOGMYX[39m
[32m[Nest] 67988  - [39m03/08/2026, 4:08:46 pm [32m    LOG[39m [38;5;3m[StreamService] [39m[32mStream user synced: user_3HE0SV8kvYSMEx8ggz3MMpOGMYX[39m
[32m[Nest] 67988  - [39m03/08/2026, 4:08:46 pm [32m    LOG[39m [38;5;3m[StreamService] [39m[32mStream user synced: user_3HE0SV8kvYSMEx8ggz3MMpOGMYX[39m
[32m[Nest] 67988  - [39m03/08/2026, 4:08:55 pm [32m    LOG[39m [38;5;3m[StreamService] [39m[32mStream user synced: user_3HE0SV8kvYSMEx8ggz3MMpOGMYX[39m
[32m[Nest] 67988  - [39m03/08/2026, 4:08:55 pm [32m    LOG[39m [38;5;3m[StreamService] [39m[32mStream user synced: user_3HE0SV8kvYSMEx8ggz3MMpOGMYX[39m
[32m[Nest] 67988  - [39m03/08/2026, 4:09:05 pm [32m    LOG[39m [38;5;3m[StreamService] [39m[32mStream user synced: user_3HE0SV8kvYSMEx8ggz3MMpOGMYX[39m
[32m[Nest] 67988  - [39m03/08/2026, 4:09:06 pm [32m    LOG[39m [38;5;3m[StreamService] [39m[32mStream user synced: user_3HE0SV8kvYSMEx8ggz3MMpOGMYX[39m
[32m[Nest] 67988  - [39m03/08/2026, 4:09:15 pm [32m    LOG[39m [38;5;3m[StreamService] [39m[32mStream user synced: user_3HE0SV8kvYSMEx8ggz3MMpOGMYX[39m
[32m[Nest] 67988  - [39m03/08/2026, 4:09:16 pm [32m    LOG[39m [38;5;3m[StreamService] [39m[32mStream user synced: user_3HE0SV8kvYSMEx8ggz3MMpOGMYX[39m
[32m[Nest] 67988  - [39m03/08/2026, 4:09:26 pm [32m    LOG[39m [38;5;3m[StreamService] [39m[32mStream user synced: user_3HE0SV8kvYSMEx8ggz3MMpOGMYX[39m
[32m[Nest] 67988  - [39m03/08/2026, 4:09:26 pm [32m    LOG[39m [38;5;3m[StreamService] [39m[32mStream user synced: user_3HE0SV8kvYSMEx8ggz3MMpOGMYX[39m
[32m[Nest] 67988  - [39m03/08/2026, 4:09:35 pm [32m    LOG[39m [38;5;3m[StreamService] [39m[32mStream user synced: user_3HE0SV8kvYSMEx8ggz3MMpOGMYX[39m
[32m[Nest] 67988  - [39m03/08/2026, 4:09:35 pm [32m    LOG[39m [38;5;3m[StreamService] [39m[32mStream user synced: user_3HE0SV8kvYSMEx8ggz3MMpOGMYX[39m
[32m[Nest] 67988  - [39m03/08/2026, 4:09:46 pm [32m    LOG[39m [38;5;3m[StreamService] [39m[32mStream user synced: user_3HE0SV8kvYSMEx8ggz3MMpOGMYX[39m
[32m[Nest] 67988  - [39m03/08/2026, 4:09:46 pm [32m    LOG[39m [38;5;3m[StreamService] [39m[32mStream user synced: user_3HE0SV8kvYSMEx8ggz3MMpOGMYX[39m
[32m[Nest] 67988  - [39m03/08/2026, 4:09:56 pm [32m    LOG[39m [38;5;3m[StreamService] [39m[32mStream user synced: user_3HE0SV8kvYSMEx8ggz3MMpOGMYX[39m
[32m[Nest] 67988  - [39m03/08/2026, 4:09:56 pm [32m    LOG[39m [38;5;3m[StreamService] [39m[32mStream user synced: user_3HE0SV8kvYSMEx8ggz3MMpOGMYX[39m
[32m[Nest] 67988  - [39m03/08/2026, 4:10:06 pm [32m    LOG[39m [38;5;3m[StreamService] [39m[32mStream user synced: user_3HE0SV8kvYSMEx8ggz3MMpOGMYX[39m
[32m[Nest] 67988  - [39m03/08/2026, 4:10:06 pm [32m    LOG[39m [38;5;3m[StreamService] [39m[32mStream user synced: user_3HE0SV8kvYSMEx8ggz3MMpOGMYX[39m
[32m[Nest] 67988  - [39m03/08/2026, 4:10:15 pm [32m    LOG[39m [38;5;3m[StreamService] [39m[32mStream user synced: user_3HE0SV8kvYSMEx8ggz3MMpOGMYX[39m
[32m[Nest] 67988  - [39m03/08/2026, 4:10:15 pm [32m    LOG[39m [38;5;3m[StreamService] [39m[32mStream user synced: user_3HE0SV8kvYSMEx8ggz3MMpOGMYX[39m
[32m[Nest] 67988  - [39m03/08/2026, 4:10:26 pm [32m    LOG[39m [38;5;3m[StreamService] [39m[32mStream user synced: user_3HE0SV8kvYSMEx8ggz3MMpOGMYX[39m
[32m[Nest] 67988  - [39m03/08/2026, 4:10:26 pm [32m    LOG[39m [38;5;3m[StreamService] [39m[32mStream user synced: user_3HE0SV8kvYSMEx8ggz3MMpOGMYX[39m
[32m[Nest] 67988  - [39m03/08/2026, 4:10:36 pm [32m    LOG[39m [38;5;3m[StreamService] [39m[32mStream user synced: user_3HE0SV8kvYSMEx8ggz3MMpOGMYX[39m
[32m[Nest] 67988  - [39m03/08/2026, 4:10:36 pm [32m    LOG[39m [38;5;3m[StreamService] [39m[32mStream user synced: user_3HE0SV8kvYSMEx8ggz3MMpOGMYX[39m
[32m[Nest] 67988  - [39m03/08/2026, 4:10:45 pm [32m    LOG[39m [38;5;3m[StreamService] [39m[32mStream user synced: user_3HE0SV8kvYSMEx8ggz3MMpOGMYX[39m
[32m[Nest] 67988  - [39m03/08/2026, 4:10:45 pm [32m    LOG[39m [38;5;3m[StreamService] [39m[32mStream user synced: user_3HE0SV8kvYSMEx8ggz3MMpOGMYX[39m
[32m[Nest] 67988  - [39m03/08/2026, 4:10:56 pm [32m    LOG[39m [38;5;3m[StreamService] [39m[32mStream user synced: user_3HE0SV8kvYSMEx8ggz3MMpOGMYX[39m
[32m[Nest] 67988  - [39m03/08/2026, 4:10:56 pm [32m    LOG[39m [38;5;3m[StreamService] [39m[32mStream user synced: user_3HE0SV8kvYSMEx8ggz3MMpOGMYX[39m
[32m[Nest] 67988  - [39m03/08/2026, 4:11:06 pm [32m    LOG[39m [38;5;3m[StreamService] [39m[32mStream user synced: user_3HE0SV8kvYSMEx8ggz3MMpOGMYX[39m
[32m[Nest] 67988  - [39m03/08/2026, 4:11:06 pm [32m    LOG[39m [38;5;3m[StreamService] [39m[32mStream user synced: user_3HE0SV8kvYSMEx8ggz3MMpOGMYX[39m
[32m[Nest] 67988  - [39m03/08/2026, 4:11:16 pm [32m    LOG[39m [38;5;3m[StreamService] [39m[32mStream user synced: user_3HE0SV8kvYSMEx8ggz3MMpOGMYX[39m
[32m[Nest] 67988  - [39m03/08/2026, 4:11:16 pm [32m    LOG[39m [38;5;3m[StreamService] [39m[32mStream user synced: user_3HE0SV8kvYSMEx8ggz3MMpOGMYX[39m
[32m[Nest] 67988  - [39m03/08/2026, 4:11:26 pm [32m    LOG[39m [38;5;3m[StreamService] [39m[32mStream user synced: user_3HE0SV8kvYSMEx8ggz3MMpOGMYX[39m
[32m[Nest] 67988  - [39m03/08/2026, 4:11:26 pm [32m    LOG[39m [38;5;3m[StreamService] [39m[32mStream user synced: user_3HE0SV8kvYSMEx8ggz3MMpOGMYX[39m
[32m[Nest] 67988  - [39m03/08/2026, 4:11:36 pm [32m    LOG[39m [38;5;3m[StreamService] [39m[32mStream user synced: user_3HE0SV8kvYSMEx8ggz3MMpOGMYX[39m
[32m[Nest] 67988  - [39m03/08/2026, 4:11:36 pm [32m    LOG[39m [38;5;3m[StreamService] [39m[32mStream user synced: user_3HE0SV8kvYSMEx8ggz3MMpOGMYX[39m
[32m[Nest] 67988  - [39m03/08/2026, 4:11:46 pm [32m    LOG[39m [38;5;3m[StreamService] [39m[32mStream user synced: user_3HE0SV8kvYSMEx8ggz3MMpOGMYX[39m
[32m[Nest] 67988  - [39m03/08/2026, 4:11:46 pm [32m    LOG[39m [38;5;3m[StreamService] [39m[32mStream user synced: user_3HE0SV8kvYSMEx8ggz3MMpOGMYX[39m
[32m[Nest] 67988  - [39m03/08/2026, 4:11:55 pm [32m    LOG[39m [38;5;3m[StreamService] [39m[32mStream user synced: user_3HE0SV8kvYSMEx8ggz3MMpOGMYX[39m
[32m[Nest] 67988  - [39m03/08/2026, 4:11:55 pm [32m    LOG[39m [38;5;3m[StreamService] [39m[32mStream user synced: user_3HE0SV8kvYSMEx8ggz3MMpOGMYX[39m
[32m[Nest] 67988  - [39m03/08/2026, 4:12:06 pm [32m    LOG[39m [38;5;3m[StreamService] [39m[32mStream user synced: user_3HE0SV8kvYSMEx8ggz3MMpOGMYX[39m
[32m[Nest] 67988  - [39m03/08/2026, 4:12:06 pm [32m    LOG[39m [38;5;3m[StreamService] [39m[32mStream user synced: user_3HE0SV8kvYSMEx8ggz3MMpOGMYX[39m
[32m[Nest] 67988  - [39m03/08/2026, 4:12:16 pm [32m    LOG[39m [38;5;3m[StreamService] [39m[32mStream user synced: user_3HE0SV8kvYSMEx8ggz3MMpOGMYX[39m
[32m[Nest] 67988  - [39m03/08/2026, 4:12:16 pm [32m    LOG[39m [38;5;3m[StreamService] [39m[32mStream user synced: user_3HE0SV8kvYSMEx8ggz3MMpOGMYX[39m
[32m[Nest] 67988  - [39m03/08/2026, 4:12:26 pm [32m    LOG[39m [38;5;3m[StreamService] [39m[32mStream user synced: user_3HE0SV8kvYSMEx8ggz3MMpOGMYX[39m
[32m[Nest] 67988  - [39m03/08/2026, 4:12:26 pm [32m    LOG[39m [38;5;3m[StreamService] [39m[32mStream user synced: user_3HE0SV8kvYSMEx8ggz3MMpOGMYX[39m
[32m[Nest] 67988  - [39m03/08/2026, 4:12:36 pm [32m    LOG[39m [38;5;3m[StreamService] [39m[32mStream user synced: user_3HE0SV8kvYSMEx8ggz3MMpOGMYX[39m
[32m[Nest] 67988  - [39m03/08/2026, 4:12:36 pm [32m    LOG[39m [38;5;3m[StreamService] [39m[32mStream user synced: user_3HE0SV8kvYSMEx8ggz3MMpOGMYX[39m
[32m[Nest] 67988  - [39m03/08/2026, 4:12:46 pm [32m    LOG[39m [38;5;3m[StreamService] [39m[32mStream user synced: user_3HE0SV8kvYSMEx8ggz3MMpOGMYX[39m
[32m[Nest] 67988  - [39m03/08/2026, 4:12:46 pm [32m    LOG[39m [38;5;3m[StreamService] [39m[32mStream user synced: user_3HE0SV8kvYSMEx8ggz3MMpOGMYX[39m
[32m[Nest] 67988  - [39m03/08/2026, 4:12:55 pm [32m    LOG[39m [38;5;3m[StreamService] [39m[32mStream user synced: user_3HE0SV8kvYSMEx8ggz3MMpOGMYX[39m
[32m[Nest] 67988  - [39m03/08/2026, 4:12:56 pm [32m    LOG[39m [38;5;3m[StreamService] [39m[32mStream user synced: user_3HE0SV8kvYSMEx8ggz3MMpOGMYX[39m
[32m[Nest] 67988  - [39m03/08/2026, 4:13:06 pm [32m    LOG[39m [38;5;3m[StreamService] [39m[32mStream user synced: user_3HE0SV8kvYSMEx8ggz3MMpOGMYX[39m
[32m[Nest] 67988  - [39m03/08/2026, 4:13:06 pm [32m    LOG[39m [38;5;3m[StreamService] [39m[32mStream user synced: user_3HE0SV8kvYSMEx8ggz3MMpOGMYX[39m
[32m[Nest] 67988  - [39m03/08/2026, 4:13:16 pm [32m    LOG[39m [38;5;3m[StreamService] [39m[32mStream user synced: user_3HE0SV8kvYSMEx8ggz3MMpOGMYX[39m
[32m[Nest] 67988  - [39m03/08/2026, 4:13:16 pm [32m    LOG[39m [38;5;3m[StreamService] [39m[32mStream user synced: user_3HE0SV8kvYSMEx8ggz3MMpOGMYX[39m
[32m[Nest] 67988  - [39m03/08/2026, 4:13:26 pm [32m    LOG[39m [38;5;3m[StreamService] [39m[32mStream user synced: user_3HE0SV8kvYSMEx8ggz3MMpOGMYX[39m
[32m[Nest] 67988  - [39m03/08/2026, 4:13:26 pm [32m    LOG[39m [38;5;3m[StreamService] [39m[32mStream user synced: user_3HE0SV8kvYSMEx8ggz3MMpOGMYX[39m
[32m[Nest] 67988  - [39m03/08/2026, 4:13:36 pm [32m    LOG[39m [38;5;3m[StreamService] [39m[32mStream user synced: user_3HE0SV8kvYSMEx8ggz3MMpOGMYX[39m
[32m[Nest] 67988  - [39m03/08/2026, 4:13:36 pm [32m    LOG[39m [38;5;3m[StreamService] [39m[32mStream user synced: user_3HE0SV8kvYSMEx8ggz3MMpOGMYX[39m
[32m[Nest] 67988  - [39m03/08/2026, 4:13:46 pm [32m    LOG[39m [38;5;3m[StreamService] [39m[32mStream user synced: user_3HE0SV8kvYSMEx8ggz3MMpOGMYX[39m
[32m[Nest] 67988  - [39m03/08/2026, 4:13:46 pm [32m    LOG[39m [38;5;3m[StreamService] [39m[32mStream user synced: user_3HE0SV8kvYSMEx8ggz3MMpOGMYX[39m
[32m[Nest] 67988  - [39m03/08/2026, 4:13:56 pm [32m    LOG[39m [38;5;3m[StreamService] [39m[32mStream user synced: user_3HE0SV8kvYSMEx8ggz3MMpOGMYX[39m
[32m[Nest] 67988  - [39m03/08/2026, 4:13:56 pm [32m    LOG[39m [38;5;3m[StreamService] [39m[32mStream user synced: user_3HE0SV8kvYSMEx8ggz3MMpOGMYX[39m
[32m[Nest] 67988  - [39m03/08/2026, 4:14:05 pm [32m    LOG[39m [38;5;3m[StreamService] [39m[32mStream user synced: user_3HE0SV8kvYSMEx8ggz3MMpOGMYX[39m
[32m[Nest] 67988  - [39m03/08/2026, 4:14:05 pm [32m    LOG[39m [38;5;3m[StreamService] [39m[32mStream user synced: user_3HE0SV8kvYSMEx8ggz3MMpOGMYX[39m
[32m[Nest] 67988  - [39m03/08/2026, 4:14:16 pm [32m    LOG[39m [38;5;3m[StreamService] [39m[32mStream user synced: user_3HE0SV8kvYSMEx8ggz3MMpOGMYX[39m
[32m[Nest] 67988  - [39m03/08/2026, 4:14:16 pm [32m    LOG[39m [38;5;3m[StreamService] [39m[32mStream user synced: user_3HE0SV8kvYSMEx8ggz3MMpOGMYX[39m
[32m[Nest] 67988  - [39m03/08/2026, 4:14:26 pm [32m    LOG[39m [38;5;3m[StreamService] [39m[32mStream user synced: user_3HE0SV8kvYSMEx8ggz3MMpOGMYX[39m
[32m[Nest] 67988  - [39m03/08/2026, 4:14:26 pm [32m    LOG[39m [38;5;3m[StreamService] [39m[32mStream user synced: user_3HE0SV8kvYSMEx8ggz3MMpOGMYX[39m
[32m[Nest] 67988  - [39m03/08/2026, 4:14:36 pm [32m    LOG[39m [38;5;3m[StreamService] [39m[32mStream user synced: user_3HE0SV8kvYSMEx8ggz3MMpOGMYX[39m
[32m[Nest] 67988  - [39m03/08/2026, 4:14:36 pm [32m    LOG[39m [38;5;3m[StreamService] [39m[32mStream user synced: user_3HE0SV8kvYSMEx8ggz3MMpOGMYX[39m
[32m[Nest] 67988  - [39m03/08/2026, 4:14:45 pm [32m    LOG[39m [38;5;3m[StreamService] [39m[32mStream user synced: user_3HE0SV8kvYSMEx8ggz3MMpOGMYX[39m
[32m[Nest] 67988  - [39m03/08/2026, 4:14:46 pm [32m    LOG[39m [38;5;3m[StreamService] [39m[32mStream user synced: user_3HE0SV8kvYSMEx8ggz3MMpOGMYX[39m
[32m[Nest] 67988  - [39m03/08/2026, 4:14:55 pm [32m    LOG[39m [38;5;3m[StreamService] [39m[32mStream user synced: user_3HE0SV8kvYSMEx8ggz3MMpOGMYX[39m
[32m[Nest] 67988  - [39m03/08/2026, 4:14:55 pm [32m    LOG[39m [38;5;3m[StreamService] [39m[32mStream user synced: user_3HE0SV8kvYSMEx8ggz3MMpOGMYX[39m
[32m[Nest] 67988  - [39m03/08/2026, 4:15:05 pm [32m    LOG[39m [38;5;3m[StreamService] [39m[32mStream user synced: user_3HE0SV8kvYSMEx8ggz3MMpOGMYX[39m
[32m[Nest] 67988  - [39m03/08/2026, 4:15:05 pm [32m    LOG[39m [38;5;3m[StreamService] [39m[32mStream user synced: user_3HE0SV8kvYSMEx8ggz3MMpOGMYX[39m
[32m[Nest] 67988  - [39m03/08/2026, 4:15:16 pm [32m    LOG[39m [38;5;3m[StreamService] [39m[32mStream user synced: user_3HE0SV8kvYSMEx8ggz3MMpOGMYX[39m
[32m[Nest] 67988  - [39m03/08/2026, 4:15:16 pm [32m    LOG[39m [38;5;3m[StreamService] [39m[32mStream user synced: user_3HE0SV8kvYSMEx8ggz3MMpOGMYX[39m
[32m[Nest] 67988  - [39m03/08/2026, 4:15:26 pm [32m    LOG[39m [38;5;3m[StreamService] [39m[32mStream user synced: user_3HE0SV8kvYSMEx8ggz3MMpOGMYX[39m
[32m[Nest] 67988  - [39m03/08/2026, 4:15:26 pm [32m    LOG[39m [38;5;3m[StreamService] [39m[32mStream user synced: user_3HE0SV8kvYSMEx8ggz3MMpOGMYX[39m
[32m[Nest] 67988  - [39m03/08/2026, 4:15:36 pm [32m    LOG[39m [38;5;3m[StreamService] [39m[32mStream user synced: user_3HE0SV8kvYSMEx8ggz3MMpOGMYX[39m
[32m[Nest] 67988  - [39m03/08/2026, 4:15:36 pm [32m    LOG[39m [38;5;3m[StreamService] [39m[32mStream user synced: user_3HE0SV8kvYSMEx8ggz3MMpOGMYX[39m
[32m[Nest] 67988  - [39m03/08/2026, 4:15:46 pm [32m    LOG[39m [38;5;3m[StreamService] [39m[32mStream user synced: user_3HE0SV8kvYSMEx8ggz3MMpOGMYX[39m
[32m[Nest] 67988  - [39m03/08/2026, 4:15:46 pm [32m    LOG[39m [38;5;3m[StreamService] [39m[32mStream user synced: user_3HE0SV8kvYSMEx8ggz3MMpOGMYX[39m
[32m[Nest] 67988  - [39m03/08/2026, 4:15:56 pm [32m    LOG[39m [38;5;3m[StreamService] [39m[32mStream user synced: user_3HE0SV8kvYSMEx8ggz3MMpOGMYX[39m
[32m[Nest] 67988  - [39m03/08/2026, 4:15:56 pm [32m    LOG[39m [38;5;3m[StreamService] [39m[32mStream user synced: user_3HE0SV8kvYSMEx8ggz3MMpOGMYX[39m
[32m[Nest] 67988  - [39m03/08/2026, 4:16:05 pm [32m    LOG[39m [38;5;3m[StreamService] [39m[32mStream user synced: user_3HE0SV8kvYSMEx8ggz3MMpOGMYX[39m
[32m[Nest] 67988  - [39m03/08/2026, 4:16:05 pm [32m    LOG[39m [38;5;3m[StreamService] [39m[32mStream user synced: user_3HE0SV8kvYSMEx8ggz3MMpOGMYX[39m
[32m[Nest] 67988  - [39m03/08/2026, 4:16:15 pm [32m    LOG[39m [38;5;3m[StreamService] [39m[32mStream user synced: user_3HE0SV8kvYSMEx8ggz3MMpOGMYX[39m
[32m[Nest] 67988  - [39m03/08/2026, 4:16:16 pm [32m    LOG[39m [38;5;3m[StreamService] [39m[32mStream user synced: user_3HE0SV8kvYSMEx8ggz3MMpOGMYX[39m
[32m[Nest] 67988  - [39m03/08/2026, 4:16:25 pm [32m    LOG[39m [38;5;3m[StreamService] [39m[32mStream user synced: user_3HE0SV8kvYSMEx8ggz3MMpOGMYX[39m
[32m[Nest] 67988  - [39m03/08/2026, 4:16:26 pm [32m    LOG[39m [38;5;3m[StreamService] [39m[32mStream user synced: user_3HE0SV8kvYSMEx8ggz3MMpOGMYX[39m
[32m[Nest] 67988  - [39m03/08/2026, 4:16:35 pm [32m    LOG[39m [38;5;3m[StreamService] [39m[32mStream user synced: user_3HE0SV8kvYSMEx8ggz3MMpOGMYX[39m
[32m[Nest] 67988  - [39m03/08/2026, 4:16:35 pm [32m    LOG[39m [38;5;3m[StreamService] [39m[32mStream user synced: user_3HE0SV8kvYSMEx8ggz3MMpOGMYX[39m
[32m[Nest] 67988  - [39m03/08/2026, 4:16:45 pm [32m    LOG[39m [38;5;3m[StreamService] [39m[32mStream user synced: user_3HE0SV8kvYSMEx8ggz3MMpOGMYX[39m
[32m[Nest] 67988  - [39m03/08/2026, 4:16:45 pm [32m    LOG[39m [38;5;3m[StreamService] [39m[32mStream user synced: user_3HE0SV8kvYSMEx8ggz3MMpOGMYX[39m
[32m[Nest] 67988  - [39m03/08/2026, 4:16:56 pm [32m    LOG[39m [38;5;3m[StreamService] [39m[32mStream user synced: user_3HE0SV8kvYSMEx8ggz3MMpOGMYX[39m
[32m[Nest] 67988  - [39m03/08/2026, 4:16:56 pm [32m    LOG[39m [38;5;3m[StreamService] [39m[32mStream user synced: user_3HE0SV8kvYSMEx8ggz3MMpOGMYX[39m
[32m[Nest] 67988  - [39m03/08/2026, 4:17:05 pm [32m    LOG[39m [38;5;3m[StreamService] [39m[32mStream user synced: user_3HE0SV8kvYSMEx8ggz3MMpOGMYX[39m
[32m[Nest] 67988  - [39m03/08/2026, 4:17:05 pm [32m    LOG[39m [38;5;3m[StreamService] [39m[32mStream user synced: user_3HE0SV8kvYSMEx8ggz3MMpOGMYX[39m
[32m[Nest] 67988  - [39m03/08/2026, 4:17:15 pm [32m    LOG[39m [38;5;3m[StreamService] [39m[32mStream user synced: user_3HE0SV8kvYSMEx8ggz3MMpOGMYX[39m
[32m[Nest] 67988  - [39m03/08/2026, 4:17:15 pm [32m    LOG[39m [38;5;3m[StreamService] [39m[32mStream user synced: user_3HE0SV8kvYSMEx8ggz3MMpOGMYX[39m
[32m[Nest] 67988  - [39m03/08/2026, 4:17:25 pm [32m    LOG[39m [38;5;3m[StreamService] [39m[32mStream user synced: user_3HE0SV8kvYSMEx8ggz3MMpOGMYX[39m
[32m[Nest] 67988  - [39m03/08/2026, 4:17:25 pm [32m    LOG[39m [38;5;3m[StreamService] [39m[32mStream user synced: user_3HE0SV8kvYSMEx8ggz3MMpOGMYX[39m
[32m[Nest] 67988  - [39m03/08/2026, 4:17:36 pm [32m    LOG[39m [38;5;3m[StreamService] [39m[32mStream user synced: user_3HE0SV8kvYSMEx8ggz3MMpOGMYX[39m
[32m[Nest] 67988  - [39m03/08/2026, 4:17:36 pm [32m    LOG[39m [38;5;3m[StreamService] [39m[32mStream user synced: user_3HE0SV8kvYSMEx8ggz3MMpOGMYX[39m
[32m[Nest] 67988  - [39m03/08/2026, 4:17:46 pm [32m    LOG[39m [38;5;3m[StreamService] [39m[32mStream user synced: user_3HE0SV8kvYSMEx8ggz3MMpOGMYX[39m
[32m[Nest] 67988  - [39m03/08/2026, 4:17:46 pm [32m    LOG[39m [38;5;3m[StreamService] [39m[32mStream user synced: user_3HE0SV8kvYSMEx8ggz3MMpOGMYX[39m
[32m[Nest] 67988  - [39m03/08/2026, 4:17:55 pm [32m    LOG[39m [38;5;3m[StreamService] [39m[32mStream user synced: user_3HE0SV8kvYSMEx8ggz3MMpOGMYX[39m
[32m[Nest] 67988  - [39m03/08/2026, 4:17:56 pm [32m    LOG[39m [38;5;3m[StreamService] [39m[32mStream user synced: user_3HE0SV8kvYSMEx8ggz3MMpOGMYX[39m
[32m[Nest] 67988  - [39m03/08/2026, 4:18:05 pm [32m    LOG[39m [38;5;3m[StreamService] [39m[32mStream user synced: user_3HE0SV8kvYSMEx8ggz3MMpOGMYX[39m
[32m[Nest] 67988  - [39m03/08/2026, 4:18:06 pm [32m    LOG[39m [38;5;3m[StreamService] [39m[32mStream user synced: user_3HE0SV8kvYSMEx8ggz3MMpOGMYX[39m
[32m[Nest] 67988  - [39m03/08/2026, 4:18:16 pm [32m    LOG[39m [38;5;3m[StreamService] [39m[32mStream user synced: user_3HE0SV8kvYSMEx8ggz3MMpOGMYX[39m
[32m[Nest] 67988  - [39m03/08/2026, 4:18:16 pm [32m    LOG[39m [38;5;3m[StreamService] [39m[32mStream user synced: user_3HE0SV8kvYSMEx8ggz3MMpOGMYX[39m
[32m[Nest] 67988  - [39m03/08/2026, 4:18:26 pm [32m    LOG[39m [38;5;3m[StreamService] [39m[32mStream user synced: user_3HE0SV8kvYSMEx8ggz3MMpOGMYX[39m
[32m[Nest] 67988  - [39m03/08/2026, 4:18:26 pm [32m    LOG[39m [38;5;3m[StreamService] [39m[32mStream user synced: user_3HE0SV8kvYSMEx8ggz3MMpOGMYX[39m
[32m[Nest] 67988  - [39m03/08/2026, 4:18:36 pm [32m    LOG[39m [38;5;3m[StreamService] [39m[32mStream user synced: user_3HE0SV8kvYSMEx8ggz3MMpOGMYX[39m
[32m[Nest] 67988  - [39m03/08/2026, 4:18:36 pm [32m    LOG[39m [38;5;3m[StreamService] [39m[32mStream user synced: user_3HE0SV8kvYSMEx8ggz3MMpOGMYX[39m
[32m[Nest] 67988  - [39m03/08/2026, 4:18:46 pm [32m    LOG[39m [38;5;3m[StreamService] [39m[32mStream user synced: user_3HE0SV8kvYSMEx8ggz3MMpOGMYX[39m
[32m[Nest] 67988  - [39m03/08/2026, 4:18:46 pm [32m    LOG[39m [38;5;3m[StreamService] [39m[32mStream user synced: user_3HE0SV8kvYSMEx8ggz3MMpOGMYX[39m
[32m[Nest] 67988  - [39m03/08/2026, 4:18:56 pm [32m    LOG[39m [38;5;3m[StreamService] [39m[32mStream user synced: user_3HE0SV8kvYSMEx8ggz3MMpOGMYX[39m
[32m[Nest] 67988  - [39m03/08/2026, 4:18:56 pm [32m    LOG[39m [38;5;3m[StreamService] [39m[32mStream user synced: user_3HE0SV8kvYSMEx8ggz3MMpOGMYX[39m
[32m[Nest] 67988  - [39m03/08/2026, 4:19:06 pm [32m    LOG[39m [38;5;3m[StreamService] [39m[32mStream user synced: user_3HE0SV8kvYSMEx8ggz3MMpOGMYX[39m
[32m[Nest] 67988  - [39m03/08/2026, 4:19:06 pm [32m    LOG[39m [38;5;3m[StreamService] [39m[32mStream user synced: user_3HE0SV8kvYSMEx8ggz3MMpOGMYX[39m
[32m[Nest] 67988  - [39m03/08/2026, 4:19:16 pm [32m    LOG[39m [38;5;3m[StreamService] [39m[32mStream user synced: user_3HE0SV8kvYSMEx8ggz3MMpOGMYX[39m
[32m[Nest] 67988  - [39m03/08/2026, 4:19:16 pm [32m    LOG[39m [38;5;3m[StreamService] [39m[32mStream user synced: user_3HE0SV8kvYSMEx8ggz3MMpOGMYX[39m
[32m[Nest] 67988  - [39m03/08/2026, 4:19:26 pm [32m    LOG[39m [38;5;3m[StreamService] [39m[32mStream user synced: user_3HE0SV8kvYSMEx8ggz3MMpOGMYX[39m
[32m[Nest] 67988  - [39m03/08/2026, 4:19:26 pm [32m    LOG[39m [38;5;3m[StreamService] [39m[32mStream user synced: user_3HE0SV8kvYSMEx8ggz3MMpOGMYX[39m
[32m[Nest] 67988  - [39m03/08/2026, 4:19:36 pm [32m    LOG[39m [38;5;3m[StreamService] [39m[32mStream user synced: user_3HE0SV8kvYSMEx8ggz3MMpOGMYX[39m
[32m[Nest] 67988  - [39m03/08/2026, 4:19:36 pm [32m    LOG[39m [38;5;3m[StreamService] [39m[32mStream user synced: user_3HE0SV8kvYSMEx8ggz3MMpOGMYX[39m
[32m[Nest] 67988  - [39m03/08/2026, 4:19:46 pm [32m    LOG[39m [38;5;3m[StreamService] [39m[32mStream user synced: user_3HE0SV8kvYSMEx8ggz3MMpOGMYX[39m
[32m[Nest] 67988  - [39m03/08/2026, 4:19:46 pm [32m    LOG[39m [38;5;3m[StreamService] [39m[32mStream user synced: user_3HE0SV8kvYSMEx8ggz3MMpOGMYX[39m
[32m[Nest] 67988  - [39m03/08/2026, 4:19:56 pm [32m    LOG[39m [38;5;3m[StreamService] [39m[32mStream user synced: user_3HE0SV8kvYSMEx8ggz3MMpOGMYX[39m
[32m[Nest] 67988  - [39m03/08/2026, 4:19:56 pm [32m    LOG[39m [38;5;3m[StreamService] [39m[32mStream user synced: user_3HE0SV8kvYSMEx8ggz3MMpOGMYX[39m
[32m[Nest] 67988  - [39m03/08/2026, 4:20:06 pm [32m    LOG[39m [38;5;3m[StreamService] [39m[32mStream user synced: user_3HE0SV8kvYSMEx8ggz3MMpOGMYX[39m
[32m[Nest] 67988  - [39m03/08/2026, 4:20:06 pm [32m    LOG[39m [38;5;3m[StreamService] [39m[32mStream user synced: user_3HE0SV8kvYSMEx8ggz3MMpOGMYX[39m
[32m[Nest] 67988  - [39m03/08/2026, 4:20:15 pm [32m    LOG[39m [38;5;3m[StreamService] [39m[32mStream user synced: user_3HE0SV8kvYSMEx8ggz3MMpOGMYX[39m
[32m[Nest] 67988  - [39m03/08/2026, 4:20:15 pm [32m    LOG[39m [38;5;3m[StreamService] [39m[32mStream user synced: user_3HE0SV8kvYSMEx8ggz3MMpOGMYX[39m
[32m[Nest] 67988  - [39m03/08/2026, 4:20:26 pm [32m    LOG[39m [38;5;3m[StreamService] [39m[32mStream user synced: user_3HE0SV8kvYSMEx8ggz3MMpOGMYX[39m
[32m[Nest] 67988  - [39m03/08/2026, 4:20:26 pm [32m    LOG[39m [38;5;3m[StreamService] [39m[32mStream user synced: user_3HE0SV8kvYSMEx8ggz3MMpOGMYX[39m
[32m[Nest] 67988  - [39m03/08/2026, 4:20:36 pm [32m    LOG[39m [38;5;3m[StreamService] [39m[32mStream user synced: user_3HE0SV8kvYSMEx8ggz3MMpOGMYX[39m
[32m[Nest] 67988  - [39m03/08/2026, 4:20:36 pm [32m    LOG[39m [38;5;3m[StreamService] [39m[32mStream user synced: user_3HE0SV8kvYSMEx8ggz3MMpOGMYX[39m
[32m[Nest] 67988  - [39m03/08/2026, 4:20:47 pm [32m    LOG[39m [38;5;3m[StreamService] [39m[32mStream user synced: user_3HE0SV8kvYSMEx8ggz3MMpOGMYX[39m
[32m[Nest] 67988  - [39m03/08/2026, 4:20:47 pm [32m    LOG[39m [38;5;3m[StreamService] [39m[32mStream user synced: user_3HE0SV8kvYSMEx8ggz3MMpOGMYX[39m
[32m[Nest] 67988  - [39m03/08/2026, 4:20:47 pm [32m    LOG[39m [38;5;3m[StreamService] [39m[32mStream user synced: user_3HE0SV8kvYSMEx8ggz3MMpOGMYX[39m
[32m[Nest] 67988  - [39m03/08/2026, 4:20:47 pm [32m    LOG[39m [38;5;3m[StreamService] [39m[32mStream user synced: user_3HE0SV8kvYSMEx8ggz3MMpOGMYX[39m
[32m[Nest] 67988  - [39m03/08/2026, 4:20:48 pm [32m    LOG[39m [38;5;3m[StreamService] [39m[32mStream user synced: user_3HE0SV8kvYSMEx8ggz3MMpOGMYX[39m
[32m[Nest] 67988  - [39m03/08/2026, 4:20:49 pm [32m    LOG[39m [38;5;3m[StreamService] [39m[32mStream user synced: user_3HE0SV8kvYSMEx8ggz3MMpOGMYX[39m
[32m[Nest] 67988  - [39m03/08/2026, 4:20:56 pm [32m    LOG[39m [38;5;3m[StreamService] [39m[32mStream user synced: user_3HE0SV8kvYSMEx8ggz3MMpOGMYX[39m
[32m[Nest] 67988  - [39m03/08/2026, 4:20:56 pm [32m    LOG[39m [38;5;3m[StreamService] [39m[32mStream user synced: user_3HE0SV8kvYSMEx8ggz3MMpOGMYX[39m
[32m[Nest] 67988  - [39m03/08/2026, 4:21:07 pm [32m    LOG[39m [38;5;3m[StreamService] [39m[32mStream user synced: user_3HE0SV8kvYSMEx8ggz3MMpOGMYX[39m
[32m[Nest] 67988  - [39m03/08/2026, 4:21:07 pm [32m    LOG[39m [38;5;3m[StreamService] [39m[32mStream user synced: user_3HE0SV8kvYSMEx8ggz3MMpOGMYX[39m
[32m[Nest] 67988  - [39m03/08/2026, 4:21:17 pm [32m    LOG[39m [38;5;3m[StreamService] [39m[32mStream user synced: user_3HE0SV8kvYSMEx8ggz3MMpOGMYX[39m
[32m[Nest] 67988  - [39m03/08/2026, 4:21:17 pm [32m    LOG[39m [38;5;3m[StreamService] [39m[32mStream user synced: user_3HE0SV8kvYSMEx8ggz3MMpOGMYX[39m
[32m[Nest] 67988  - [39m03/08/2026, 4:21:27 pm [32m    LOG[39m [38;5;3m[StreamService] [39m[32mStream user synced: user_3HE0SV8kvYSMEx8ggz3MMpOGMYX[39m
[32m[Nest] 67988  - [39m03/08/2026, 4:21:27 pm [32m    LOG[39m [38;5;3m[StreamService] [39m[32mStream user synced: user_3HE0SV8kvYSMEx8ggz3MMpOGMYX[39m
[32m[Nest] 67988  - [39m03/08/2026, 4:21:37 pm [32m    LOG[39m [38;5;3m[StreamService] [39m[32mStream user synced: user_3HE0SV8kvYSMEx8ggz3MMpOGMYX[39m
[32m[Nest] 67988  - [39m03/08/2026, 4:21:37 pm [32m    LOG[39m [38;5;3m[StreamService] [39m[32mStream user synced: user_3HE0SV8kvYSMEx8ggz3MMpOGMYX[39m
[32m[Nest] 67988  - [39m03/08/2026, 4:21:47 pm [32m    LOG[39m [38;5;3m[StreamService] [39m[32mStream user synced: user_3HE0SV8kvYSMEx8ggz3MMpOGMYX[39m
[32m[Nest] 67988  - [39m03/08/2026, 4:21:47 pm [32m    LOG[39m [38;5;3m[StreamService] [39m[32mStream user synced: user_3HE0SV8kvYSMEx8ggz3MMpOGMYX[39m
[32m[Nest] 67988  - [39m03/08/2026, 4:21:56 pm [32m    LOG[39m [38;5;3m[StreamService] [39m[32mStream user synced: user_3HE0SV8kvYSMEx8ggz3MMpOGMYX[39m
[32m[Nest] 67988  - [39m03/08/2026, 4:21:56 pm [32m    LOG[39m [38;5;3m[StreamService] [39m[32mStream user synced: user_3HE0SV8kvYSMEx8ggz3MMpOGMYX[39m
[32m[Nest] 67988  - [39m03/08/2026, 4:22:06 pm [32m    LOG[39m [38;5;3m[StreamService] [39m[32mStream user synced: user_3HE0SV8kvYSMEx8ggz3MMpOGMYX[39m
[32m[Nest] 67988  - [39m03/08/2026, 4:22:07 pm [32m    LOG[39m [38;5;3m[StreamService] [39m[32mStream user synced: user_3HE0SV8kvYSMEx8ggz3MMpOGMYX[39m
[32m[Nest] 67988  - [39m03/08/2026, 4:22:17 pm [32m    LOG[39m [38;5;3m[StreamService] [39m[32mStream user synced: user_3HE0SV8kvYSMEx8ggz3MMpOGMYX[39m
[32m[Nest] 67988  - [39m03/08/2026, 4:22:17 pm [32m    LOG[39m [38;5;3m[StreamService] [39m[32mStream user synced: user_3HE0SV8kvYSMEx8ggz3MMpOGMYX[39m
[32m[Nest] 67988  - [39m03/08/2026, 4:22:28 pm [32m    LOG[39m [38;5;3m[StreamService] [39m[32mStream user synced: user_3HE0SV8kvYSMEx8ggz3MMpOGMYX[39m
[32m[Nest] 67988  - [39m03/08/2026, 4:22:28 pm [32m    LOG[39m [38;5;3m[StreamService] [39m[32mStream user synced: user_3HE0SV8kvYSMEx8ggz3MMpOGMYX[39m
[32m[Nest] 67988  - [39m03/08/2026, 4:22:37 pm [32m    LOG[39m [38;5;3m[StreamService] [39m[32mStream user synced: user_3HE0SV8kvYSMEx8ggz3MMpOGMYX[39m
[32m[Nest] 67988  - [39m03/08/2026, 4:22:37 pm [32m    LOG[39m [38;5;3m[StreamService] [39m[32mStream user synced: user_3HE0SV8kvYSMEx8ggz3MMpOGMYX[39m
[32m[Nest] 67988  - [39m03/08/2026, 4:22:47 pm [32m    LOG[39m [38;5;3m[StreamService] [39m[32mStream user synced: user_3HE0SV8kvYSMEx8ggz3MMpOGMYX[39m
[32m[Nest] 67988  - [39m03/08/2026, 4:22:47 pm [32m    LOG[39m [38;5;3m[StreamService] [39m[32mStream user synced: user_3HE0SV8kvYSMEx8ggz3MMpOGMYX[39m
[32m[Nest] 67988  - [39m03/08/2026, 4:22:57 pm [32m    LOG[39m [38;5;3m[StreamService] [39m[32mStream user synced: user_3HE0SV8kvYSMEx8ggz3MMpOGMYX[39m
[32m[Nest] 67988  - [39m03/08/2026, 4:22:57 pm [32m    LOG[39m [38;5;3m[StreamService] [39m[32mStream user synced: user_3HE0SV8kvYSMEx8ggz3MMpOGMYX[39m
[32m[Nest] 67988  - [39m03/08/2026, 4:23:07 pm [32m    LOG[39m [38;5;3m[StreamService] [39m[32mStream user synced: user_3HE0SV8kvYSMEx8ggz3MMpOGMYX[39m
[32m[Nest] 67988  - [39m03/08/2026, 4:23:07 pm [32m    LOG[39m [38;5;3m[StreamService] [39m[32mStream user synced: user_3HE0SV8kvYSMEx8ggz3MMpOGMYX[39m
[32m[Nest] 67988  - [39m03/08/2026, 4:23:17 pm [32m    LOG[39m [38;5;3m[StreamService] [39m[32mStream user synced: user_3HE0SV8kvYSMEx8ggz3MMpOGMYX[39m
[32m[Nest] 67988  - [39m03/08/2026, 4:23:17 pm [32m    LOG[39m [38;5;3m[StreamService] [39m[32mStream user synced: user_3HE0SV8kvYSMEx8ggz3MMpOGMYX[39m
[32m[Nest] 67988  - [39m03/08/2026, 4:23:27 pm [32m    LOG[39m [38;5;3m[StreamService] [39m[32mStream user synced: user_3HE0SV8kvYSMEx8ggz3MMpOGMYX[39m
[32m[Nest] 67988  - [39m03/08/2026, 4:23:27 pm [32m    LOG[39m [38;5;3m[StreamService] [39m[32mStream user synced: user_3HE0SV8kvYSMEx8ggz3MMpOGMYX[39m
[32m[Nest] 67988  - [39m03/08/2026, 4:23:37 pm [32m    LOG[39m [38;5;3m[StreamService] [39m[32mStream user synced: user_3HE0SV8kvYSMEx8ggz3MMpOGMYX[39m
[32m[Nest] 67988  - [39m03/08/2026, 4:23:37 pm [32m    LOG[39m [38;5;3m[StreamService] [39m[32mStream user synced: user_3HE0SV8kvYSMEx8ggz3MMpOGMYX[39m
[32m[Nest] 67988  - [39m03/08/2026, 4:23:47 pm [32m    LOG[39m [38;5;3m[StreamService] [39m[32mStream user synced: user_3HE0SV8kvYSMEx8ggz3MMpOGMYX[39m
[32m[Nest] 67988  - [39m03/08/2026, 4:23:47 pm [32m    LOG[39m [38;5;3m[StreamService] [39m[32mStream user synced: user_3HE0SV8kvYSMEx8ggz3MMpOGMYX[39m
[32m[Nest] 67988  - [39m03/08/2026, 4:23:57 pm [32m    LOG[39m [38;5;3m[StreamService] [39m[32mStream user synced: user_3HE0SV8kvYSMEx8ggz3MMpOGMYX[39m
[32m[Nest] 67988  - [39m03/08/2026, 4:23:57 pm [32m    LOG[39m [38;5;3m[StreamService] [39m[32mStream user synced: user_3HE0SV8kvYSMEx8ggz3MMpOGMYX[39m
[32m[Nest] 67988  - [39m03/08/2026, 4:24:07 pm [32m    LOG[39m [38;5;3m[StreamService] [39m[32mStream user synced: user_3HE0SV8kvYSMEx8ggz3MMpOGMYX[39m
[32m[Nest] 67988  - [39m03/08/2026, 4:24:07 pm [32m    LOG[39m [38;5;3m[StreamService] [39m[32mStream user synced: user_3HE0SV8kvYSMEx8ggz3MMpOGMYX[39m
[32m[Nest] 67988  - [39m03/08/2026, 4:24:16 pm [32m    LOG[39m [38;5;3m[StreamService] [39m[32mStream user synced: user_3HE0SV8kvYSMEx8ggz3MMpOGMYX[39m
[32m[Nest] 67988  - [39m03/08/2026, 4:24:16 pm [32m    LOG[39m [38;5;3m[StreamService] [39m[32mStream user synced: user_3HE0SV8kvYSMEx8ggz3MMpOGMYX[39m
[32m[Nest] 67988  - [39m03/08/2026, 4:24:27 pm [32m    LOG[39m [38;5;3m[StreamService] [39m[32mStream user synced: user_3HE0SV8kvYSMEx8ggz3MMpOGMYX[39m
[32m[Nest] 67988  - [39m03/08/2026, 4:24:27 pm [32m    LOG[39m [38;5;3m[StreamService] [39m[32mStream user synced: user_3HE0SV8kvYSMEx8ggz3MMpOGMYX[39m
[32m[Nest] 67988  - [39m03/08/2026, 4:24:37 pm [32m    LOG[39m [38;5;3m[StreamService] [39m[32mStream user synced: user_3HE0SV8kvYSMEx8ggz3MMpOGMYX[39m
[32m[Nest] 67988  - [39m03/08/2026, 4:24:37 pm [32m    LOG[39m [38;5;3m[StreamService] [39m[32mStream user synced: user_3HE0SV8kvYSMEx8ggz3MMpOGMYX[39m
[32m[Nest] 67988  - [39m03/08/2026, 4:24:47 pm [32m    LOG[39m [38;5;3m[StreamService] [39m[32mStream user synced: user_3HE0SV8kvYSMEx8ggz3MMpOGMYX[39m
[32m[Nest] 67988  - [39m03/08/2026, 4:24:47 pm [32m    LOG[39m [38;5;3m[StreamService] [39m[32mStream user synced: user_3HE0SV8kvYSMEx8ggz3MMpOGMYX[39m
[32m[Nest] 67988  - [39m03/08/2026, 4:24:57 pm [32m    LOG[39m [38;5;3m[StreamService] [39m[32mStream user synced: user_3HE0SV8kvYSMEx8ggz3MMpOGMYX[39m
[32m[Nest] 67988  - [39m03/08/2026, 4:24:57 pm [32m    LOG[39m [38;5;3m[StreamService] [39m[32mStream user synced: user_3HE0SV8kvYSMEx8ggz3MMpOGMYX[39m
[32m[Nest] 67988  - [39m03/08/2026, 4:25:07 pm [32m    LOG[39m [38;5;3m[StreamService] [39m[32mStream user synced: user_3HE0SV8kvYSMEx8ggz3MMpOGMYX[39m
[32m[Nest] 67988  - [39m03/08/2026, 4:25:07 pm [32m    LOG[39m [38;5;3m[StreamService] [39m[32mStream user synced: user_3HE0SV8kvYSMEx8ggz3MMpOGMYX[39m
[32m[Nest] 67988  - [39m03/08/2026, 4:25:17 pm [32m    LOG[39m [38;5;3m[StreamService] [39m[32mStream user synced: user_3HE0SV8kvYSMEx8ggz3MMpOGMYX[39m
[32m[Nest] 67988  - [39m03/08/2026, 4:25:17 pm [32m    LOG[39m [38;5;3m[StreamService] [39m[32mStream user synced: user_3HE0SV8kvYSMEx8ggz3MMpOGMYX[39m
[32m[Nest] 67988  - [39m03/08/2026, 4:25:27 pm [32m    LOG[39m [38;5;3m[StreamService] [39m[32mStream user synced: user_3HE0SV8kvYSMEx8ggz3MMpOGMYX[39m
[32m[Nest] 67988  - [39m03/08/2026, 4:25:27 pm [32m    LOG[39m [38;5;3m[StreamService] [39m[32mStream user synced: user_3HE0SV8kvYSMEx8ggz3MMpOGMYX[39m
[32m[Nest] 67988  - [39m03/08/2026, 4:25:37 pm [32m    LOG[39m [38;5;3m[StreamService] [39m[32mStream user synced: user_3HE0SV8kvYSMEx8ggz3MMpOGMYX[39m
[32m[Nest] 67988  - [39m03/08/2026, 4:25:37 pm [32m    LOG[39m [38;5;3m[StreamService] [39m[32mStream user synced: user_3HE0SV8kvYSMEx8ggz3MMpOGMYX[39m
[32m[Nest] 67988  - [39m03/08/2026, 4:25:47 pm [32m    LOG[39m [38;5;3m[StreamService] [39m[32mStream user synced: user_3HE0SV8kvYSMEx8ggz3MMpOGMYX[39m
[32m[Nest] 67988  - [39m03/08/2026, 4:25:47 pm [32m    LOG[39m [38;5;3m[StreamService] [39m[32mStream user synced: user_3HE0SV8kvYSMEx8ggz3MMpOGMYX[39m
[32m[Nest] 67988  - [39m03/08/2026, 4:25:57 pm [32m    LOG[39m [38;5;3m[StreamService] [39m[32mStream user synced: user_3HE0SV8kvYSMEx8ggz3MMpOGMYX[39m
[32m[Nest] 67988  - [39m03/08/2026, 4:25:57 pm [32m    LOG[39m [38;5;3m[StreamService] [39m[32mStream user synced: user_3HE0SV8kvYSMEx8ggz3MMpOGMYX[39m
[32m[Nest] 67988  - [39m03/08/2026, 4:26:07 pm [32m    LOG[39m [38;5;3m[StreamService] [39m[32mStream user synced: user_3HE0SV8kvYSMEx8ggz3MMpOGMYX[39m
[32m[Nest] 67988  - [39m03/08/2026, 4:26:07 pm [32m    LOG[39m [38;5;3m[StreamService] [39m[32mStream user synced: user_3HE0SV8kvYSMEx8ggz3MMpOGMYX[39m
[32m[Nest] 67988  - [39m03/08/2026, 4:26:17 pm [32m    LOG[39m [38;5;3m[StreamService] [39m[32mStream user synced: user_3HE0SV8kvYSMEx8ggz3MMpOGMYX[39m
[32m[Nest] 67988  - [39m03/08/2026, 4:26:17 pm [32m    LOG[39m [38;5;3m[StreamService] [39m[32mStream user synced: user_3HE0SV8kvYSMEx8ggz3MMpOGMYX[39m
[32m[Nest] 67988  - [39m03/08/2026, 4:26:27 pm [32m    LOG[39m [38;5;3m[StreamService] [39m[32mStream user synced: user_3HE0SV8kvYSMEx8ggz3MMpOGMYX[39m
[32m[Nest] 67988  - [39m03/08/2026, 4:26:27 pm [32m    LOG[39m [38;5;3m[StreamService] [39m[32mStream user synced: user_3HE0SV8kvYSMEx8ggz3MMpOGMYX[39m
[32m[Nest] 67988  - [39m03/08/2026, 4:26:37 pm [32m    LOG[39m [38;5;3m[StreamService] [39m[32mStream user synced: user_3HE0SV8kvYSMEx8ggz3MMpOGMYX[39m
[32m[Nest] 67988  - [39m03/08/2026, 4:26:37 pm [32m    LOG[39m [38;5;3m[StreamService] [39m[32mStream user synced: user_3HE0SV8kvYSMEx8ggz3MMpOGMYX[39m
[32m[Nest] 67988  - [39m03/08/2026, 4:26:47 pm [32m    LOG[39m [38;5;3m[StreamService] [39m[32mStream user synced: user_3HE0SV8kvYSMEx8ggz3MMpOGMYX[39m
[32m[Nest] 67988  - [39m03/08/2026, 4:26:47 pm [32m    LOG[39m [38;5;3m[StreamService] [39m[32mStream user synced: user_3HE0SV8kvYSMEx8ggz3MMpOGMYX[39m
[32m[Nest] 67988  - [39m03/08/2026, 4:26:57 pm [32m    LOG[39m [38;5;3m[StreamService] [39m[32mStream user synced: user_3HE0SV8kvYSMEx8ggz3MMpOGMYX[39m
[32m[Nest] 67988  - [39m03/08/2026, 4:26:57 pm [32m    LOG[39m [38;5;3m[StreamService] [39m[32mStream user synced: user_3HE0SV8kvYSMEx8ggz3MMpOGMYX[39m
[32m[Nest] 67988  - [39m03/08/2026, 4:27:06 pm [32m    LOG[39m [38;5;3m[StreamService] [39m[32mStream user synced: user_3HE0SV8kvYSMEx8ggz3MMpOGMYX[39m
[32m[Nest] 67988  - [39m03/08/2026, 4:27:06 pm [32m    LOG[39m [38;5;3m[StreamService] [39m[32mStream user synced: user_3HE0SV8kvYSMEx8ggz3MMpOGMYX[39m
[32m[Nest] 67988  - [39m03/08/2026, 4:27:17 pm [32m    LOG[39m [38;5;3m[StreamService] [39m[32mStream user synced: user_3HE0SV8kvYSMEx8ggz3MMpOGMYX[39m
[32m[Nest] 67988  - [39m03/08/2026, 4:27:17 pm [32m    LOG[39m [38;5;3m[StreamService] [39m[32mStream user synced: user_3HE0SV8kvYSMEx8ggz3MMpOGMYX[39m
[32m[Nest] 67988  - [39m03/08/2026, 4:27:27 pm [32m    LOG[39m [38;5;3m[StreamService] [39m[32mStream user synced: user_3HE0SV8kvYSMEx8ggz3MMpOGMYX[39m
[32m[Nest] 67988  - [39m03/08/2026, 4:27:27 pm [32m    LOG[39m [38;5;3m[StreamService] [39m[32mStream user synced: user_3HE0SV8kvYSMEx8ggz3MMpOGMYX[39m
[32m[Nest] 67988  - [39m03/08/2026, 4:27:37 pm [32m    LOG[39m [38;5;3m[StreamService] [39m[32mStream user synced: user_3HE0SV8kvYSMEx8ggz3MMpOGMYX[39m
[32m[Nest] 67988  - [39m03/08/2026, 4:27:37 pm [32m    LOG[39m [38;5;3m[StreamService] [39m[32mStream user synced: user_3HE0SV8kvYSMEx8ggz3MMpOGMYX[39m
[32m[Nest] 67988  - [39m03/08/2026, 4:27:47 pm [32m    LOG[39m [38;5;3m[StreamService] [39m[32mStream user synced: user_3HE0SV8kvYSMEx8ggz3MMpOGMYX[39m
[32m[Nest] 67988  - [39m03/08/2026, 4:27:47 pm [32m    LOG[39m [38;5;3m[StreamService] [39m[32mStream user synced: user_3HE0SV8kvYSMEx8ggz3MMpOGMYX[39m
[32m[Nest] 67988  - [39m03/08/2026, 4:27:56 pm [32m    LOG[39m [38;5;3m[StreamService] [39m[32mStream user synced: user_3HE0SV8kvYSMEx8ggz3MMpOGMYX[39m
[32m[Nest] 67988  - [39m03/08/2026, 4:27:56 pm [32m    LOG[39m [38;5;3m[StreamService] [39m[32mStream user synced: user_3HE0SV8kvYSMEx8ggz3MMpOGMYX[39m
[32m[Nest] 67988  - [39m03/08/2026, 4:28:07 pm [32m    LOG[39m [38;5;3m[StreamService] [39m[32mStream user synced: user_3HE0SV8kvYSMEx8ggz3MMpOGMYX[39m
[32m[Nest] 67988  - [39m03/08/2026, 4:28:07 pm [32m    LOG[39m [38;5;3m[StreamService] [39m[32mStream user synced: user_3HE0SV8kvYSMEx8ggz3MMpOGMYX[39m
[32m[Nest] 67988  - [39m03/08/2026, 4:28:17 pm [32m    LOG[39m [38;5;3m[StreamService] [39m[32mStream user synced: user_3HE0SV8kvYSMEx8ggz3MMpOGMYX[39m
[32m[Nest] 67988  - [39m03/08/2026, 4:28:17 pm [32m    LOG[39m [38;5;3m[StreamService] [39m[32mStream user synced: user_3HE0SV8kvYSMEx8ggz3MMpOGMYX[39m
[32m[Nest] 67988  - [39m03/08/2026, 4:28:27 pm [32m    LOG[39m [38;5;3m[StreamService] [39m[32mStream user synced: user_3HE0SV8kvYSMEx8ggz3MMpOGMYX[39m
[32m[Nest] 67988  - [39m03/08/2026, 4:28:27 pm [32m    LOG[39m [38;5;3m[StreamService] [39m[32mStream user synced: user_3HE0SV8kvYSMEx8ggz3MMpOGMYX[39m
[32m[Nest] 67988  - [39m03/08/2026, 4:28:37 pm [32m    LOG[39m [38;5;3m[StreamService] [39m[32mStream user synced: user_3HE0SV8kvYSMEx8ggz3MMpOGMYX[39m
[32m[Nest] 67988  - [39m03/08/2026, 4:28:37 pm [32m    LOG[39m [38;5;3m[StreamService] [39m[32mStream user synced: user_3HE0SV8kvYSMEx8ggz3MMpOGMYX[39m
[32m[Nest] 67988  - [39m03/08/2026, 4:28:47 pm [32m    LOG[39m [38;5;3m[StreamService] [39m[32mStream user synced: user_3HE0SV8kvYSMEx8ggz3MMpOGMYX[39m
[32m[Nest] 67988  - [39m03/08/2026, 4:28:47 pm [32m    LOG[39m [38;5;3m[StreamService] [39m[32mStream user synced: user_3HE0SV8kvYSMEx8ggz3MMpOGMYX[39m
[32m[Nest] 67988  - [39m03/08/2026, 4:28:56 pm [32m    LOG[39m [38;5;3m[StreamService] [39m[32mStream user synced: user_3HE0SV8kvYSMEx8ggz3MMpOGMYX[39m
[32m[Nest] 67988  - [39m03/08/2026, 4:28:57 pm [32m    LOG[39m [38;5;3m[StreamService] [39m[32mStream user synced: user_3HE0SV8kvYSMEx8ggz3MMpOGMYX[39m
[32m[Nest] 67988  - [39m03/08/2026, 4:29:07 pm [32m    LOG[39m [38;5;3m[StreamService] [39m[32mStream user synced: user_3HE0SV8kvYSMEx8ggz3MMpOGMYX[39m
[32m[Nest] 67988  - [39m03/08/2026, 4:29:07 pm [32m    LOG[39m [38;5;3m[StreamService] [39m[32mStream user synced: user_3HE0SV8kvYSMEx8ggz3MMpOGMYX[39m
[32m[Nest] 67988  - [39m03/08/2026, 4:29:16 pm [32m    LOG[39m [38;5;3m[StreamService] [39m[32mStream user synced: user_3HE0SV8kvYSMEx8ggz3MMpOGMYX[39m
[32m[Nest] 67988  - [39m03/08/2026, 4:29:16 pm [32m    LOG[39m [38;5;3m[StreamService] [39m[32mStream user synced: user_3HE0SV8kvYSMEx8ggz3MMpOGMYX[39m
[32m[Nest] 67988  - [39m03/08/2026, 4:29:26 pm [32m    LOG[39m [38;5;3m[StreamService] [39m[32mStream user synced: user_3HE0SV8kvYSMEx8ggz3MMpOGMYX[39m
[32m[Nest] 67988  - [39m03/08/2026, 4:29:26 pm [32m    LOG[39m [38;5;3m[StreamService] [39m[32mStream user synced: user_3HE0SV8kvYSMEx8ggz3MMpOGMYX[39m
[32m[Nest] 67988  - [39m03/08/2026, 4:29:36 pm [32m    LOG[39m [38;5;3m[StreamService] [39m[32mStream user synced: user_3HE0SV8kvYSMEx8ggz3MMpOGMYX[39m
[32m[Nest] 67988  - [39m03/08/2026, 4:29:36 pm [32m    LOG[39m [38;5;3m[StreamService] [39m[32mStream user synced: user_3HE0SV8kvYSMEx8ggz3MMpOGMYX[39m
[32m[Nest] 67988  - [39m03/08/2026, 4:29:47 pm [32m    LOG[39m [38;5;3m[StreamService] [39m[32mStream user synced: user_3HE0SV8kvYSMEx8ggz3MMpOGMYX[39m
[32m[Nest] 67988  - [39m03/08/2026, 4:29:47 pm [32m    LOG[39m [38;5;3m[StreamService] [39m[32mStream user synced: user_3HE0SV8kvYSMEx8ggz3MMpOGMYX[39m
[32m[Nest] 67988  - [39m03/08/2026, 4:29:56 pm [32m    LOG[39m [38;5;3m[StreamService] [39m[32mStream user synced: user_3HE0SV8kvYSMEx8ggz3MMpOGMYX[39m
[32m[Nest] 67988  - [39m03/08/2026, 4:29:56 pm [32m    LOG[39m [38;5;3m[StreamService] [39m[32mStream user synced: user_3HE0SV8kvYSMEx8ggz3MMpOGMYX[39m
[32m[Nest] 67988  - [39m03/08/2026, 4:30:06 pm [32m    LOG[39m [38;5;3m[StreamService] [39m[32mStream user synced: user_3HE0SV8kvYSMEx8ggz3MMpOGMYX[39m
[32m[Nest] 67988  - [39m03/08/2026, 4:30:06 pm [32m    LOG[39m [38;5;3m[StreamService] [39m[32mStream user synced: user_3HE0SV8kvYSMEx8ggz3MMpOGMYX[39m
[32m[Nest] 67988  - [39m03/08/2026, 4:30:17 pm [32m    LOG[39m [38;5;3m[StreamService] [39m[32mStream user synced: user_3HE0SV8kvYSMEx8ggz3MMpOGMYX[39m
[32m[Nest] 67988  - [39m03/08/2026, 4:30:17 pm [32m    LOG[39m [38;5;3m[StreamService] [39m[32mStream user synced: user_3HE0SV8kvYSMEx8ggz3MMpOGMYX[39m
[32m[Nest] 67988  - [39m03/08/2026, 4:30:26 pm [32m    LOG[39m [38;5;3m[StreamService] [39m[32mStream user synced: user_3HE0SV8kvYSMEx8ggz3MMpOGMYX[39m
[32m[Nest] 67988  - [39m03/08/2026, 4:30:26 pm [32m    LOG[39m [38;5;3m[StreamService] [39m[32mStream user synced: user_3HE0SV8kvYSMEx8ggz3MMpOGMYX[39m
[32m[Nest] 67988  - [39m03/08/2026, 4:30:37 pm [32m    LOG[39m [38;5;3m[StreamService] [39m[32mStream user synced: user_3HE0SV8kvYSMEx8ggz3MMpOGMYX[39m
[32m[Nest] 67988  - [39m03/08/2026, 4:30:37 pm [32m    LOG[39m [38;5;3m[StreamService] [39m[32mStream user synced: user_3HE0SV8kvYSMEx8ggz3MMpOGMYX[39m
[32m[Nest] 67988  - [39m03/08/2026, 4:30:47 pm [32m    LOG[39m [38;5;3m[StreamService] [39m[32mStream user synced: user_3HE0SV8kvYSMEx8ggz3MMpOGMYX[39m
[32m[Nest] 67988  - [39m03/08/2026, 4:30:47 pm [32m    LOG[39m [38;5;3m[StreamService] [39m[32mStream user synced: user_3HE0SV8kvYSMEx8ggz3MMpOGMYX[39m
[32m[Nest] 67988  - [39m03/08/2026, 4:30:56 pm [32m    LOG[39m [38;5;3m[StreamService] [39m[32mStream user synced: user_3HE0SV8kvYSMEx8ggz3MMpOGMYX[39m
[32m[Nest] 67988  - [39m03/08/2026, 4:30:57 pm [32m    LOG[39m [38;5;3m[StreamService] [39m[32mStream user synced: user_3HE0SV8kvYSMEx8ggz3MMpOGMYX[39m
[32m[Nest] 67988  - [39m03/08/2026, 4:31:06 pm [32m    LOG[39m [38;5;3m[StreamService] [39m[32mStream user synced: user_3HE0SV8kvYSMEx8ggz3MMpOGMYX[39m
[32m[Nest] 67988  - [39m03/08/2026, 4:31:06 pm [32m    LOG[39m [38;5;3m[StreamService] [39m[32mStream user synced: user_3HE0SV8kvYSMEx8ggz3MMpOGMYX[39m
[32m[Nest] 67988  - [39m03/08/2026, 4:31:16 pm [32m    LOG[39m [38;5;3m[StreamService] [39m[32mStream user synced: user_3HE0SV8kvYSMEx8ggz3MMpOGMYX[39m
[32m[Nest] 67988  - [39m03/08/2026, 4:31:16 pm [32m    LOG[39m [38;5;3m[StreamService] [39m[32mStream user synced: user_3HE0SV8kvYSMEx8ggz3MMpOGMYX[39m
[32m[Nest] 67988  - [39m03/08/2026, 4:31:26 pm [32m    LOG[39m [38;5;3m[StreamService] [39m[32mStream user synced: user_3HE0SV8kvYSMEx8ggz3MMpOGMYX[39m
[32m[Nest] 67988  - [39m03/08/2026, 4:31:26 pm [32m    LOG[39m [38;5;3m[StreamService] [39m[32mStream user synced: user_3HE0SV8kvYSMEx8ggz3MMpOGMYX[39m
[32m[Nest] 67988  - [39m03/08/2026, 4:31:36 pm [32m    LOG[39m [38;5;3m[StreamService] [39m[32mStream user synced: user_3HE0SV8kvYSMEx8ggz3MMpOGMYX[39m
[32m[Nest] 67988  - [39m03/08/2026, 4:31:37 pm [32m    LOG[39m [38;5;3m[StreamService] [39m[32mStream user synced: user_3HE0SV8kvYSMEx8ggz3MMpOGMYX[39m
[32m[Nest] 67988  - [39m03/08/2026, 4:31:49 pm [32m    LOG[39m [38;5;3m[StreamService] [39m[32mStream user synced: user_3HE0SV8kvYSMEx8ggz3MMpOGMYX[39m
[32m[Nest] 67988  - [39m03/08/2026, 4:31:49 pm [32m    LOG[39m [38;5;3m[StreamService] [39m[32mStream user synced: user_3HE0SV8kvYSMEx8ggz3MMpOGMYX[39m
[32m[Nest] 67988  - [39m03/08/2026, 4:31:56 pm [32m    LOG[39m [38;5;3m[StreamService] [39m[32mStream user synced: user_3HE0SV8kvYSMEx8ggz3MMpOGMYX[39m
[32m[Nest] 67988  - [39m03/08/2026, 4:31:56 pm [32m    LOG[39m [38;5;3m[StreamService] [39m[32mStream user synced: user_3HE0SV8kvYSMEx8ggz3MMpOGMYX[39m
[32m[Nest] 67988  - [39m03/08/2026, 4:31:59 pm [32m    LOG[39m [38;5;3m[StreamService] [39m[32mStream user synced: user_3HE0SV8kvYSMEx8ggz3MMpOGMYX[39m
[32m[Nest] 67988  - [39m03/08/2026, 4:31:59 pm [32m    LOG[39m [38;5;3m[StreamService] [39m[32mStream user synced: user_3HE0SV8kvYSMEx8ggz3MMpOGMYX[39m
[32m[Nest] 67988  - [39m03/08/2026, 4:32:00 pm [32m    LOG[39m [38;5;3m[StreamService] [39m[32mStream user synced: user_3HE0SV8kvYSMEx8ggz3MMpOGMYX[39m
[32m[Nest] 67988  - [39m03/08/2026, 4:32:00 pm [32m    LOG[39m [38;5;3m[StreamService] [39m[32mStream user synced: user_3HE0SV8kvYSMEx8ggz3MMpOGMYX[39m
[32m[Nest] 67988  - [39m03/08/2026, 4:32:07 pm [32m    LOG[39m [38;5;3m[StreamService] [39m[32mStream user synced: user_3HE0SV8kvYSMEx8ggz3MMpOGMYX[39m
[32m[Nest] 67988  - [39m03/08/2026, 4:32:07 pm [32m    LOG[39m [38;5;3m[StreamService] [39m[32mStream user synced: user_3HE0SV8kvYSMEx8ggz3MMpOGMYX[39m
[32m[Nest] 67988  - [39m03/08/2026, 4:32:12 pm [32m    LOG[39m [38;5;3m[StreamService] [39m[32mStream user synced: user_3HE0SV8kvYSMEx8ggz3MMpOGMYX[39m
[32m[Nest] 67988  - [39m03/08/2026, 4:32:12 pm [32m    LOG[39m [38;5;3m[StreamService] [39m[32mStream user synced: user_3HE0SV8kvYSMEx8ggz3MMpOGMYX[39m
[32m[Nest] 67988  - [39m03/08/2026, 4:32:13 pm [32m    LOG[39m [38;5;3m[StreamService] [39m[32mStream user synced: user_3HE0SV8kvYSMEx8ggz3MMpOGMYX[39m
[32m[Nest] 67988  - [39m03/08/2026, 4:32:13 pm [32m    LOG[39m [38;5;3m[StreamService] [39m[32mStream user synced: user_3HE0SV8kvYSMEx8ggz3MMpOGMYX[39m
[32m[Nest] 67988  - [39m03/08/2026, 4:32:16 pm [32m    LOG[39m [38;5;3m[StreamService] [39m[32mStream user synced: user_3HE0SV8kvYSMEx8ggz3MMpOGMYX[39m
[32m[Nest] 67988  - [39m03/08/2026, 4:32:16 pm [32m    LOG[39m [38;5;3m[StreamService] [39m[32mStream user synced: user_3HE0SV8kvYSMEx8ggz3MMpOGMYX[39m
[32m[Nest] 67988  - [39m03/08/2026, 4:32:20 pm [32m    LOG[39m [38;5;3m[StreamService] [39m[32mStream user synced: user_3HE0SV8kvYSMEx8ggz3MMpOGMYX[39m
[32m[Nest] 67988  - [39m03/08/2026, 4:32:20 pm [32m    LOG[39m [38;5;3m[StreamService] [39m[32mStream user synced: user_3HE0SV8kvYSMEx8ggz3MMpOGMYX[39m
[32m[Nest] 67988  - [39m03/08/2026, 4:32:21 pm [32m    LOG[39m [38;5;3m[StreamService] [39m[32mStream user synced: user_3HE0SV8kvYSMEx8ggz3MMpOGMYX[39m
[32m[Nest] 67988  - [39m03/08/2026, 4:32:21 pm [32m    LOG[39m [38;5;3m[StreamService] [39m[32mStream user synced: user_3HE0SV8kvYSMEx8ggz3MMpOGMYX[39m
[32m[Nest] 67988  - [39m03/08/2026, 4:32:26 pm [32m    LOG[39m [38;5;3m[StreamService] [39m[32mStream user synced: user_3HE0SV8kvYSMEx8ggz3MMpOGMYX[39m
[32m[Nest] 67988  - [39m03/08/2026, 4:32:27 pm [32m    LOG[39m [38;5;3m[StreamService] [39m[32mStream user synced: user_3HE0SV8kvYSMEx8ggz3MMpOGMYX[39m
[32m[Nest] 67988  - [39m03/08/2026, 4:32:33 pm [32m    LOG[39m [38;5;3m[StreamService] [39m[32mStream user synced: user_3HE0SV8kvYSMEx8ggz3MMpOGMYX[39m
[32m[Nest] 67988  - [39m03/08/2026, 4:32:36 pm [32m    LOG[39m [38;5;3m[StreamService] [39m[32mStream user synced: user_3HE0SV8kvYSMEx8ggz3MMpOGMYX[39m
[32m[Nest] 67988  - [39m03/08/2026, 4:32:37 pm [32m    LOG[39m [38;5;3m[StreamService] [39m[32mStream user synced: user_3HE0SV8kvYSMEx8ggz3MMpOGMYX[39m
[32m[Nest] 67988  - [39m03/08/2026, 4:32:47 pm [32m    LOG[39m [38;5;3m[StreamService] [39m[32mStream user synced: user_3HE0SV8kvYSMEx8ggz3MMpOGMYX[39m
[32m[Nest] 67988  - [39m03/08/2026, 4:32:47 pm [32m    LOG[39m [38;5;3m[StreamService] [39m[32mStream user synced: user_3HE0SV8kvYSMEx8ggz3MMpOGMYX[39m
[32m[Nest] 67988  - [39m03/08/2026, 4:32:57 pm [32m    LOG[39m [38;5;3m[StreamService] [39m[32mStream user synced: user_3HE0SV8kvYSMEx8ggz3MMpOGMYX[39m
[32m[Nest] 67988  - [39m03/08/2026, 4:32:57 pm [32m    LOG[39m [38;5;3m[StreamService] [39m[32mStream user synced: user_3HE0SV8kvYSMEx8ggz3MMpOGMYX[39m
[32m[Nest] 67988  - [39m03/08/2026, 4:33:07 pm [32m    LOG[39m [38;5;3m[StreamService] [39m[32mStream user synced: user_3HE0SV8kvYSMEx8ggz3MMpOGMYX[39m
[32m[Nest] 67988  - [39m03/08/2026, 4:33:07 pm [32m    LOG[39m [38;5;3m[StreamService] [39m[32mStream user synced: user_3HE0SV8kvYSMEx8ggz3MMpOGMYX[39m
[32m[Nest] 67988  - [39m03/08/2026, 4:33:16 pm [32m    LOG[39m [38;5;3m[StreamService] [39m[32mStream user synced: user_3HE0SV8kvYSMEx8ggz3MMpOGMYX[39m
[32m[Nest] 67988  - [39m03/08/2026, 4:33:16 pm [32m    LOG[39m [38;5;3m[StreamService] [39m[32mStream user synced: user_3HE0SV8kvYSMEx8ggz3MMpOGMYX[39m
[32m[Nest] 67988  - [39m03/08/2026, 4:33:26 pm [32m    LOG[39m [38;5;3m[StreamService] [39m[32mStream user synced: user_3HE0SV8kvYSMEx8ggz3MMpOGMYX[39m
[32m[Nest] 67988  - [39m03/08/2026, 4:33:26 pm [32m    LOG[39m [38;5;3m[StreamService] [39m[32mStream user synced: user_3HE0SV8kvYSMEx8ggz3MMpOGMYX[39m
[32m[Nest] 67988  - [39m03/08/2026, 4:33:37 pm [32m    LOG[39m [38;5;3m[StreamService] [39m[32mStream user synced: user_3HE0SV8kvYSMEx8ggz3MMpOGMYX[39m
[32m[Nest] 67988  - [39m03/08/2026, 4:33:37 pm [32m    LOG[39m [38;5;3m[StreamService] [39m[32mStream user synced: user_3HE0SV8kvYSMEx8ggz3MMpOGMYX[39m
[32m[Nest] 67988  - [39m03/08/2026, 4:33:46 pm [32m    LOG[39m [38;5;3m[StreamService] [39m[32mStream user synced: user_3HE0SV8kvYSMEx8ggz3MMpOGMYX[39m
[32m[Nest] 67988  - [39m03/08/2026, 4:33:46 pm [32m    LOG[39m [38;5;3m[StreamService] [39m[32mStream user synced: user_3HE0SV8kvYSMEx8ggz3MMpOGMYX[39m
[32m[Nest] 67988  - [39m03/08/2026, 4:33:56 pm [32m    LOG[39m [38;5;3m[StreamService] [39m[32mStream user synced: user_3HE0SV8kvYSMEx8ggz3MMpOGMYX[39m
[32m[Nest] 67988  - [39m03/08/2026, 4:33:56 pm [32m    LOG[39m [38;5;3m[StreamService] [39m[32mStream user synced: user_3HE0SV8kvYSMEx8ggz3MMpOGMYX[39m
[32m[Nest] 67988  - [39m03/08/2026, 4:34:07 pm [32m    LOG[39m [38;5;3m[StreamService] [39m[32mStream user synced: user_3HE0SV8kvYSMEx8ggz3MMpOGMYX[39m
[32m[Nest] 67988  - [39m03/08/2026, 4:34:07 pm [32m    LOG[39m [38;5;3m[StreamService] [39m[32mStream user synced: user_3HE0SV8kvYSMEx8ggz3MMpOGMYX[39m
[32m[Nest] 67988  - [39m03/08/2026, 4:34:16 pm [32m    LOG[39m [38;5;3m[StreamService] [39m[32mStream user synced: user_3HE0SV8kvYSMEx8ggz3MMpOGMYX[39m
[32m[Nest] 67988  - [39m03/08/2026, 4:34:16 pm [32m    LOG[39m [38;5;3m[StreamService] [39m[32mStream user synced: user_3HE0SV8kvYSMEx8ggz3MMpOGMYX[39m
[32m[Nest] 67988  - [39m03/08/2026, 4:34:16 pm [32m    LOG[39m [38;5;3m[StreamService] [39m[32mStream user synced: user_3HE0SV8kvYSMEx8ggz3MMpOGMYX[39m
[32m[Nest] 67988  - [39m03/08/2026, 4:34:17 pm [32m    LOG[39m [38;5;3m[StreamService] [39m[32mStream user synced: user_3HE0SV8kvYSMEx8ggz3MMpOGMYX[39m
[32m[Nest] 67988  - [39m03/08/2026, 4:34:17 pm [32m    LOG[39m [38;5;3m[StreamService] [39m[32mStream user synced: user_3HE0SV8kvYSMEx8ggz3MMpOGMYX[39m
[32m[Nest] 67988  - [39m03/08/2026, 4:34:19 pm [32m    LOG[39m [38;5;3m[StreamService] [39m[32mStream user synced: user_3HE0SV8kvYSMEx8ggz3MMpOGMYX[39m
[32m[Nest] 67988  - [39m03/08/2026, 4:34:27 pm [32m    LOG[39m [38;5;3m[StreamService] [39m[32mStream user synced: user_3HE0SV8kvYSMEx8ggz3MMpOGMYX[39m
[32m[Nest] 67988  - [39m03/08/2026, 4:34:27 pm [32m    LOG[39m [38;5;3m[StreamService] [39m[32mStream user synced: user_3HE0SV8kvYSMEx8ggz3MMpOGMYX[39m
[32m[Nest] 67988  - [39m03/08/2026, 4:34:37 pm [32m    LOG[39m [38;5;3m[StreamService] [39m[32mStream user synced: user_3HE0SV8kvYSMEx8ggz3MMpOGMYX[39m
[32m[Nest] 67988  - [39m03/08/2026, 4:34:37 pm [32m    LOG[39m [38;5;3m[StreamService] [39m[32mStream user synced: user_3HE0SV8kvYSMEx8ggz3MMpOGMYX[39m
[32m[Nest] 67988  - [39m03/08/2026, 4:34:46 pm [32m    LOG[39m [38;5;3m[StreamService] [39m[32mStream user synced: user_3HE0SV8kvYSMEx8ggz3MMpOGMYX[39m
[32m[Nest] 67988  - [39m03/08/2026, 4:34:46 pm [32m    LOG[39m [38;5;3m[StreamService] [39m[32mStream user synced: user_3HE0SV8kvYSMEx8ggz3MMpOGMYX[39m
[32m[Nest] 67988  - [39m03/08/2026, 4:34:57 pm [32m    LOG[39m [38;5;3m[StreamService] [39m[32mStream user synced: user_3HE0SV8kvYSMEx8ggz3MMpOGMYX[39m
[32m[Nest] 67988  - [39m03/08/2026, 4:34:57 pm [32m    LOG[39m [38;5;3m[StreamService] [39m[32mStream user synced: user_3HE0SV8kvYSMEx8ggz3MMpOGMYX[39m
[32m[Nest] 67988  - [39m03/08/2026, 4:35:07 pm [32m    LOG[39m [38;5;3m[StreamService] [39m[32mStream user synced: user_3HE0SV8kvYSMEx8ggz3MMpOGMYX[39m
[32m[Nest] 67988  - [39m03/08/2026, 4:35:07 pm [32m    LOG[39m [38;5;3m[StreamService] [39m[32mStream user synced: user_3HE0SV8kvYSMEx8ggz3MMpOGMYX[39m
[32m[Nest] 67988  - [39m03/08/2026, 4:35:13 pm [32m    LOG[39m [38;5;3m[StreamService] [39m[32mStream user synced: user_3HE0SV8kvYSMEx8ggz3MMpOGMYX[39m
[32m[Nest] 67988  - [39m03/08/2026, 4:35:14 pm [32m    LOG[39m [38;5;3m[StreamService] [39m[32mStream user synced: user_3HE0SV8kvYSMEx8ggz3MMpOGMYX[39m
[32m[Nest] 67988  - [39m03/08/2026, 4:35:15 pm [32m    LOG[39m [38;5;3m[StreamService] [39m[32mStream user synced: user_3HE0SV8kvYSMEx8ggz3MMpOGMYX[39m
[32m[Nest] 67988  - [39m03/08/2026, 4:35:16 pm [32m    LOG[39m [38;5;3m[StreamService] [39m[32mStream user synced: user_3HE0SV8kvYSMEx8ggz3MMpOGMYX[39m
[32m[Nest] 67988  - [39m03/08/2026, 4:35:16 pm [32m    LOG[39m [38;5;3m[StreamService] [39m[32mStream user synced: user_3HE0SV8kvYSMEx8ggz3MMpOGMYX[39m
[32m[Nest] 67988  - [39m03/08/2026, 4:35:26 pm [32m    LOG[39m [38;5;3m[StreamService] [39m[32mStream user synced: user_3HE0SV8kvYSMEx8ggz3MMpOGMYX[39m
[32m[Nest] 67988  - [39m03/08/2026, 4:35:27 pm [32m    LOG[39m [38;5;3m[StreamService] [39m[32mStream user synced: user_3HE0SV8kvYSMEx8ggz3MMpOGMYX[39m
[32m[Nest] 67988  - [39m03/08/2026, 4:35:47 pm [32m    LOG[39m [38;5;3m[StreamService] [39m[32mStream user synced: user_3HE0SV8kvYSMEx8ggz3MMpOGMYX[39m
[32m[Nest] 67988  - [39m03/08/2026, 4:35:47 pm [32m    LOG[39m [38;5;3m[StreamService] [39m[32mStream user synced: user_3HE0SV8kvYSMEx8ggz3MMpOGMYX[39m
[32m[Nest] 67988  - [39m03/08/2026, 4:35:47 pm [32m    LOG[39m [38;5;3m[StreamService] [39m[32mStream user synced: user_3HE0SV8kvYSMEx8ggz3MMpOGMYX[39m
[32m[Nest] 67988  - [39m03/08/2026, 4:35:47 pm [32m    LOG[39m [38;5;3m[StreamService] [39m[32mStream user synced: user_3HE0SV8kvYSMEx8ggz3MMpOGMYX[39m
[32m[Nest] 67988  - [39m03/08/2026, 4:35:48 pm [32m    LOG[39m [38;5;3m[StreamService] [39m[32mStream user synced: user_3HE0SV8kvYSMEx8ggz3MMpOGMYX[39m
[32m[Nest] 67988  - [39m03/08/2026, 4:35:48 pm [32m    LOG[39m [38;5;3m[StreamService] [39m[32mStream user synced: user_3HE0SV8kvYSMEx8ggz3MMpOGMYX[39m
[32m[Nest] 67988  - [39m03/08/2026, 4:35:48 pm [32m    LOG[39m [38;5;3m[StreamService] [39m[32mStream user synced: user_3HE0SV8kvYSMEx8ggz3MMpOGMYX[39m
[32m[Nest] 67988  - [39m03/08/2026, 4:35:48 pm [32m    LOG[39m [38;5;3m[StreamService] [39m[32mStream user synced: user_3HE0SV8kvYSMEx8ggz3MMpOGMYX[39m
[32m[Nest] 67988  - [39m03/08/2026, 4:35:49 pm [32m    LOG[39m [38;5;3m[StreamService] [39m[32mStream user synced: user_3HE0SV8kvYSMEx8ggz3MMpOGMYX[39m
[32m[Nest] 67988  - [39m03/08/2026, 4:35:50 pm [32m    LOG[39m [38;5;3m[StreamService] [39m[32mStream user synced: user_3HE0SV8kvYSMEx8ggz3MMpOGMYX[39m
[32m[Nest] 67988  - [39m03/08/2026, 4:35:57 pm [32m    LOG[39m [38;5;3m[StreamService] [39m[32mStream user synced: user_3HE0SV8kvYSMEx8ggz3MMpOGMYX[39m
[32m[Nest] 67988  - [39m03/08/2026, 4:35:57 pm [32m    LOG[39m [38;5;3m[StreamService] [39m[32mStream user synced: user_3HE0SV8kvYSMEx8ggz3MMpOGMYX[39m
[32m[Nest] 67988  - [39m03/08/2026, 4:36:07 pm [32m    LOG[39m [38;5;3m[StreamService] [39m[32mStream user synced: user_3HE0SV8kvYSMEx8ggz3MMpOGMYX[39m
[32m[Nest] 67988  - [39m03/08/2026, 4:36:07 pm [32m    LOG[39m [38;5;3m[StreamService] [39m[32mStream user synced: user_3HE0SV8kvYSMEx8ggz3MMpOGMYX[39m
[32m[Nest] 67988  - [39m03/08/2026, 4:36:12 pm [32m    LOG[39m [38;5;3m[StreamService] [39m[32mStream user synced: user_3HE0SV8kvYSMEx8ggz3MMpOGMYX[39m
[32m[Nest] 67988  - [39m03/08/2026, 4:36:12 pm [32m    LOG[39m [38;5;3m[StreamService] [39m[32mStream user synced: user_3HE0SV8kvYSMEx8ggz3MMpOGMYX[39m
[32m[Nest] 67988  - [39m03/08/2026, 4:36:12 pm [32m    LOG[39m [38;5;3m[StreamService] [39m[32mStream user synced: user_3HE0SV8kvYSMEx8ggz3MMpOGMYX[39m
[32m[Nest] 67988  - [39m03/08/2026, 4:36:12 pm [32m    LOG[39m [38;5;3m[StreamService] [39m[32mStream user synced: user_3HE0SV8kvYSMEx8ggz3MMpOGMYX[39m
[32m[Nest] 67988  - [39m03/08/2026, 4:36:13 pm [32m    LOG[39m [38;5;3m[StreamService] [39m[32mStream user synced: user_3HE0SV8kvYSMEx8ggz3MMpOGMYX[39m
[32m[Nest] 67988  - [39m03/08/2026, 4:36:14 pm [32m    LOG[39m [38;5;3m[StreamService] [39m[32mStream user synced: user_3HE0SV8kvYSMEx8ggz3MMpOGMYX[39m
[32m[Nest] 67988  - [39m03/08/2026, 4:36:21 pm [32m    LOG[39m [38;5;3m[StreamService] [39m[32mStream user synced: user_3HE0SV8kvYSMEx8ggz3MMpOGMYX[39m
[32m[Nest] 67988  - [39m03/08/2026, 4:36:21 pm [32m    LOG[39m [38;5;3m[StreamService] [39m[32mStream user synced: user_3HE0SV8kvYSMEx8ggz3MMpOGMYX[39m
[32m[Nest] 67988  - [39m03/08/2026, 4:36:31 pm [32m    LOG[39m [38;5;3m[StreamService] [39m[32mStream user synced: user_3HE0SV8kvYSMEx8ggz3MMpOGMYX[39m
[32m[Nest] 67988  - [39m03/08/2026, 4:36:31 pm [32m    LOG[39m [38;5;3m[StreamService] [39m[32mStream user synced: user_3HE0SV8kvYSMEx8ggz3MMpOGMYX[39m
[2J[3J[H[[90m4:36:38 pm[0m] File change detected. Starting incremental compilation...

[2J[3J[H[[90m4:36:40 pm[0m] File change detected. Starting incremental compilation...

[32m[Nest] 67988  - [39m03/08/2026, 4:36:41 pm [32m    LOG[39m [38;5;3m[StreamService] [39m[32mStream user synced: user_3HE0SV8kvYSMEx8ggz3MMpOGMYX[39m
[32m[Nest] 67988  - [39m03/08/2026, 4:36:41 pm [32m    LOG[39m [38;5;3m[StreamService] [39m[32mStream user synced: user_3HE0SV8kvYSMEx8ggz3MMpOGMYX[39m
[32m[Nest] 67988  - [39m03/08/2026, 4:36:51 pm [32m    LOG[39m [38;5;3m[StreamService] [39m[32mStream user synced: user_3HE0SV8kvYSMEx8ggz3MMpOGMYX[39m
[32m[Nest] 67988  - [39m03/08/2026, 4:36:51 pm [32m    LOG[39m [38;5;3m[StreamService] [39m[32mStream user synced: user_3HE0SV8kvYSMEx8ggz3MMpOGMYX[39m
[32m[Nest] 67988  - [39m03/08/2026, 4:37:01 pm [32m    LOG[39m [38;5;3m[StreamService] [39m[32mStream user synced: user_3HE0SV8kvYSMEx8ggz3MMpOGMYX[39m
[32m[Nest] 67988  - [39m03/08/2026, 4:37:01 pm [32m    LOG[39m [38;5;3m[StreamService] [39m[32mStream user synced: user_3HE0SV8kvYSMEx8ggz3MMpOGMYX[39m
[32m[Nest] 67988  - [39m03/08/2026, 4:37:11 pm [32m    LOG[39m [38;5;3m[StreamService] [39m[32mStream user synced: user_3HE0SV8kvYSMEx8ggz3MMpOGMYX[39m
[32m[Nest] 67988  - [39m03/08/2026, 4:37:11 pm [32m    LOG[39m [38;5;3m[StreamService] [39m[32mStream user synced: user_3HE0SV8kvYSMEx8ggz3MMpOGMYX[39m
[32m[Nest] 67988  - [39m03/08/2026, 4:37:21 pm [32m    LOG[39m [38;5;3m[StreamService] [39m[32mStream user synced: user_3HE0SV8kvYSMEx8ggz3MMpOGMYX[39m
[32m[Nest] 67988  - [39m03/08/2026, 4:37:21 pm [32m    LOG[39m [38;5;3m[StreamService] [39m[32mStream user synced: user_3HE0SV8kvYSMEx8ggz3MMpOGMYX[39m
[32m[Nest] 67988  - [39m03/08/2026, 4:37:31 pm [32m    LOG[39m [38;5;3m[StreamService] [39m[32mStream user synced: user_3HE0SV8kvYSMEx8ggz3MMpOGMYX[39m
[32m[Nest] 67988  - [39m03/08/2026, 4:37:32 pm [32m    LOG[39m [38;5;3m[StreamService] [39m[32mStream user synced: user_3HE0SV8kvYSMEx8ggz3MMpOGMYX[39m
[32m[Nest] 67988  - [39m03/08/2026, 4:37:41 pm [32m    LOG[39m [38;5;3m[StreamService] [39m[32mStream user synced: user_3HE0SV8kvYSMEx8ggz3MMpOGMYX[39m
[32m[Nest] 67988  - [39m03/08/2026, 4:37:41 pm [32m    LOG[39m [38;5;3m[StreamService] [39m[32mStream user synced: user_3HE0SV8kvYSMEx8ggz3MMpOGMYX[39m
[32m[Nest] 67988  - [39m03/08/2026, 4:37:51 pm [32m    LOG[39m [38;5;3m[StreamService] [39m[32mStream user synced: user_3HE0SV8kvYSMEx8ggz3MMpOGMYX[39m
[32m[Nest] 67988  - [39m03/08/2026, 4:37:51 pm [32m    LOG[39m [38;5;3m[StreamService] [39m[32mStream user synced: user_3HE0SV8kvYSMEx8ggz3MMpOGMYX[39m
[32m[Nest] 67988  - [39m03/08/2026, 4:38:01 pm [32m    LOG[39m [38;5;3m[StreamService] [39m[32mStream user synced: user_3HE0SV8kvYSMEx8ggz3MMpOGMYX[39m
[32m[Nest] 67988  - [39m03/08/2026, 4:38:01 pm [32m    LOG[39m [38;5;3m[StreamService] [39m[32mStream user synced: user_3HE0SV8kvYSMEx8ggz3MMpOGMYX[39m
[32m[Nest] 67988  - [39m03/08/2026, 4:38:11 pm [32m    LOG[39m [38;5;3m[StreamService] [39m[32mStream user synced: user_3HE0SV8kvYSMEx8ggz3MMpOGMYX[39m
[32m[Nest] 67988  - [39m03/08/2026, 4:38:11 pm [32m    LOG[39m [38;5;3m[StreamService] [39m[32mStream user synced: user_3HE0SV8kvYSMEx8ggz3MMpOGMYX[39m
[32m[Nest] 67988  - [39m03/08/2026, 4:38:21 pm [32m    LOG[39m [38;5;3m[StreamService] [39m[32mStream user synced: user_3HE0SV8kvYSMEx8ggz3MMpOGMYX[39m
[32m[Nest] 67988  - [39m03/08/2026, 4:38:21 pm [32m    LOG[39m [38;5;3m[StreamService] [39m[32mStream user synced: user_3HE0SV8kvYSMEx8ggz3MMpOGMYX[39m
[32m[Nest] 67988  - [39m03/08/2026, 4:38:31 pm [32m    LOG[39m [38;5;3m[StreamService] [39m[32mStream user synced: user_3HE0SV8kvYSMEx8ggz3MMpOGMYX[39m
[32m[Nest] 67988  - [39m03/08/2026, 4:38:31 pm [32m    LOG[39m [38;5;3m[StreamService] [39m[32mStream user synced: user_3HE0SV8kvYSMEx8ggz3MMpOGMYX[39m
[32m[Nest] 67988  - [39m03/08/2026, 4:38:41 pm [32m    LOG[39m [38;5;3m[StreamService] [39m[32mStream user synced: user_3HE0SV8kvYSMEx8ggz3MMpOGMYX[39m
[32m[Nest] 67988  - [39m03/08/2026, 4:38:41 pm [32m    LOG[39m [38;5;3m[StreamService] [39m[32mStream user synced: user_3HE0SV8kvYSMEx8ggz3MMpOGMYX[39m
[32m[Nest] 67988  - [39m03/08/2026, 4:38:51 pm [32m    LOG[39m [38;5;3m[StreamService] [39m[32mStream user synced: user_3HE0SV8kvYSMEx8ggz3MMpOGMYX[39m
[32m[Nest] 67988  - [39m03/08/2026, 4:38:51 pm [32m    LOG[39m [38;5;3m[StreamService] [39m[32mStream user synced: user_3HE0SV8kvYSMEx8ggz3MMpOGMYX[39m
[32m[Nest] 67988  - [39m03/08/2026, 4:39:01 pm [32m    LOG[39m [38;5;3m[StreamService] [39m[32mStream user synced: user_3HE0SV8kvYSMEx8ggz3MMpOGMYX[39m
[32m[Nest] 67988  - [39m03/08/2026, 4:39:01 pm [32m    LOG[39m [38;5;3m[StreamService] [39m[32mStream user synced: user_3HE0SV8kvYSMEx8ggz3MMpOGMYX[39m
[32m[Nest] 67988  - [39m03/08/2026, 4:39:11 pm [32m    LOG[39m [38;5;3m[StreamService] [39m[32mStream user synced: user_3HE0SV8kvYSMEx8ggz3MMpOGMYX[39m
[32m[Nest] 67988  - [39m03/08/2026, 4:39:11 pm [32m    LOG[39m [38;5;3m[StreamService] [39m[32mStream user synced: user_3HE0SV8kvYSMEx8ggz3MMpOGMYX[39m
[32m[Nest] 67988  - [39m03/08/2026, 4:39:21 pm [32m    LOG[39m [38;5;3m[StreamService] [39m[32mStream user synced: user_3HE0SV8kvYSMEx8ggz3MMpOGMYX[39m
[32m[Nest] 67988  - [39m03/08/2026, 4:39:21 pm [32m    LOG[39m [38;5;3m[StreamService] [39m[32mStream user synced: user_3HE0SV8kvYSMEx8ggz3MMpOGMYX[39m
[32m[Nest] 67988  - [39m03/08/2026, 4:39:31 pm [32m    LOG[39m [38;5;3m[StreamService] [39m[32mStream user synced: user_3HE0SV8kvYSMEx8ggz3MMpOGMYX[39m
[32m[Nest] 67988  - [39m03/08/2026, 4:39:31 pm [32m    LOG[39m [38;5;3m[StreamService] [39m[32mStream user synced: user_3HE0SV8kvYSMEx8ggz3MMpOGMYX[39m
[32m[Nest] 67988  - [39m03/08/2026, 4:39:41 pm [32m    LOG[39m [38;5;3m[StreamService] [39m[32mStream user synced: user_3HE0SV8kvYSMEx8ggz3MMpOGMYX[39m
[32m[Nest] 67988  - [39m03/08/2026, 4:39:41 pm [32m    LOG[39m [38;5;3m[StreamService] [39m[32mStream user synced: user_3HE0SV8kvYSMEx8ggz3MMpOGMYX[39m
[32m[Nest] 67988  - [39m03/08/2026, 4:39:51 pm [32m    LOG[39m [38;5;3m[StreamService] [39m[32mStream user synced: user_3HE0SV8kvYSMEx8ggz3MMpOGMYX[39m
[32m[Nest] 67988  - [39m03/08/2026, 4:39:51 pm [32m    LOG[39m [38;5;3m[StreamService] [39m[32mStream user synced: user_3HE0SV8kvYSMEx8ggz3MMpOGMYX[39m
[32m[Nest] 67988  - [39m03/08/2026, 4:40:01 pm [32m    LOG[39m [38;5;3m[StreamService] [39m[32mStream user synced: user_3HE0SV8kvYSMEx8ggz3MMpOGMYX[39m
[32m[Nest] 67988  - [39m03/08/2026, 4:40:01 pm [32m    LOG[39m [38;5;3m[StreamService] [39m[32mStream user synced: user_3HE0SV8kvYSMEx8ggz3MMpOGMYX[39m
[32m[Nest] 67988  - [39m03/08/2026, 4:40:11 pm [32m    LOG[39m [38;5;3m[StreamService] [39m[32mStream user synced: user_3HE0SV8kvYSMEx8ggz3MMpOGMYX[39m
[32m[Nest] 67988  - [39m03/08/2026, 4:40:11 pm [32m    LOG[39m [38;5;3m[StreamService] [39m[32mStream user synced: user_3HE0SV8kvYSMEx8ggz3MMpOGMYX[39m
[32m[Nest] 67988  - [39m03/08/2026, 4:40:21 pm [32m    LOG[39m [38;5;3m[StreamService] [39m[32mStream user synced: user_3HE0SV8kvYSMEx8ggz3MMpOGMYX[39m
[32m[Nest] 67988  - [39m03/08/2026, 4:40:21 pm [32m    LOG[39m [38;5;3m[StreamService] [39m[32mStream user synced: user_3HE0SV8kvYSMEx8ggz3MMpOGMYX[39m
[32m[Nest] 67988  - [39m03/08/2026, 4:40:28 pm [32m    LOG[39m [38;5;3m[StreamService] [39m[32mStream user synced: user_3HE0SV8kvYSMEx8ggz3MMpOGMYX[39m
[32m[Nest] 67988  - [39m03/08/2026, 4:40:28 pm [32m    LOG[39m [38;5;3m[StreamService] [39m[32mStream user synced: user_3HE0SV8kvYSMEx8ggz3MMpOGMYX[39m
[32m[Nest] 67988  - [39m03/08/2026, 4:40:28 pm [32m    LOG[39m [38;5;3m[StreamService] [39m[32mStream user synced: user_3HE0SV8kvYSMEx8ggz3MMpOGMYX[39m
[32m[Nest] 67988  - [39m03/08/2026, 4:40:28 pm [32m    LOG[39m [38;5;3m[StreamService] [39m[32mStream user synced: user_3HE0SV8kvYSMEx8ggz3MMpOGMYX[39m
[32m[Nest] 67988  - [39m03/08/2026, 4:40:29 pm [32m    LOG[39m [38;5;3m[StreamService] [39m[32mStream user synced: user_3HE0SV8kvYSMEx8ggz3MMpOGMYX[39m
[32m[Nest] 67988  - [39m03/08/2026, 4:40:30 pm [32m    LOG[39m [38;5;3m[StreamService] [39m[32mStream user synced: user_3HE0SV8kvYSMEx8ggz3MMpOGMYX[39m
[32m[Nest] 67988  - [39m03/08/2026, 4:40:37 pm [32m    LOG[39m [38;5;3m[StreamService] [39m[32mStream user synced: user_3HE0SV8kvYSMEx8ggz3MMpOGMYX[39m
[32m[Nest] 67988  - [39m03/08/2026, 4:40:37 pm [32m    LOG[39m [38;5;3m[StreamService] [39m[32mStream user synced: user_3HE0SV8kvYSMEx8ggz3MMpOGMYX[39m
[32m[Nest] 67988  - [39m03/08/2026, 4:40:47 pm [32m    LOG[39m [38;5;3m[StreamService] [39m[32mStream user synced: user_3HE0SV8kvYSMEx8ggz3MMpOGMYX[39m
[32m[Nest] 67988  - [39m03/08/2026, 4:40:47 pm [32m    LOG[39m [38;5;3m[StreamService] [39m[32mStream user synced: user_3HE0SV8kvYSMEx8ggz3MMpOGMYX[39m
[32m[Nest] 67988  - [39m03/08/2026, 4:40:57 pm [32m    LOG[39m [38;5;3m[StreamService] [39m[32mStream user synced: user_3HE0SV8kvYSMEx8ggz3MMpOGMYX[39m
[32m[Nest] 67988  - [39m03/08/2026, 4:40:57 pm [32m    LOG[39m [38;5;3m[StreamService] [39m[32mStream user synced: user_3HE0SV8kvYSMEx8ggz3MMpOGMYX[39m
[32m[Nest] 67988  - [39m03/08/2026, 4:41:07 pm [32m    LOG[39m [38;5;3m[StreamService] [39m[32mStream user synced: user_3HE0SV8kvYSMEx8ggz3MMpOGMYX[39m
[32m[Nest] 67988  - [39m03/08/2026, 4:41:07 pm [32m    LOG[39m [38;5;3m[StreamService] [39m[32mStream user synced: user_3HE0SV8kvYSMEx8ggz3MMpOGMYX[39m
[32m[Nest] 67988  - [39m03/08/2026, 4:41:17 pm [32m    LOG[39m [38;5;3m[StreamService] [39m[32mStream user synced: user_3HE0SV8kvYSMEx8ggz3MMpOGMYX[39m
[32m[Nest] 67988  - [39m03/08/2026, 4:41:17 pm [32m    LOG[39m [38;5;3m[StreamService] [39m[32mStream user synced: user_3HE0SV8kvYSMEx8ggz3MMpOGMYX[39m
[32m[Nest] 67988  - [39m03/08/2026, 4:41:27 pm [32m    LOG[39m [38;5;3m[StreamService] [39m[32mStream user synced: user_3HE0SV8kvYSMEx8ggz3MMpOGMYX[39m
[32m[Nest] 67988  - [39m03/08/2026, 4:41:27 pm [32m    LOG[39m [38;5;3m[StreamService] [39m[32mStream user synced: user_3HE0SV8kvYSMEx8ggz3MMpOGMYX[39m
[32m[Nest] 67988  - [39m03/08/2026, 4:41:29 pm [32m    LOG[39m [38;5;3m[StreamService] [39m[32mStream user synced: user_3HE0SV8kvYSMEx8ggz3MMpOGMYX[39m
[32m[Nest] 67988  - [39m03/08/2026, 4:41:29 pm [32m    LOG[39m [38;5;3m[StreamService] [39m[32mStream user synced: user_3HE0SV8kvYSMEx8ggz3MMpOGMYX[39m
[32m[Nest] 67988  - [39m03/08/2026, 4:41:30 pm [32m    LOG[39m [38;5;3m[StreamService] [39m[32mStream user synced: user_3HE0SV8kvYSMEx8ggz3MMpOGMYX[39m
[32m[Nest] 67988  - [39m03/08/2026, 4:41:30 pm [32m    LOG[39m [38;5;3m[StreamService] [39m[32mStream user synced: user_3HE0SV8kvYSMEx8ggz3MMpOGMYX[39m
[32m[Nest] 67988  - [39m03/08/2026, 4:41:37 pm [32m    LOG[39m [38;5;3m[StreamService] [39m[32mStream user synced: user_3HE0SV8kvYSMEx8ggz3MMpOGMYX[39m
[32m[Nest] 67988  - [39m03/08/2026, 4:41:37 pm [32m    LOG[39m [38;5;3m[StreamService] [39m[32mStream user synced: user_3HE0SV8kvYSMEx8ggz3MMpOGMYX[39m
[32m[Nest] 67988  - [39m03/08/2026, 4:41:47 pm [32m    LOG[39m [38;5;3m[StreamService] [39m[32mStream user synced: user_3HE0SV8kvYSMEx8ggz3MMpOGMYX[39m
[32m[Nest] 67988  - [39m03/08/2026, 4:41:47 pm [32m    LOG[39m [38;5;3m[StreamService] [39m[32mStream user synced: user_3HE0SV8kvYSMEx8ggz3MMpOGMYX[39m
[32m[Nest] 67988  - [39m03/08/2026, 4:41:54 pm [32m    LOG[39m [38;5;3m[StreamService] [39m[32mStream user synced: user_3HE0SV8kvYSMEx8ggz3MMpOGMYX[39m
[32m[Nest] 67988  - [39m03/08/2026, 4:41:54 pm [32m    LOG[39m [38;5;3m[StreamService] [39m[32mDirect channel ready: !members-0xCPyO6plHm8iUF2Ug6vw3B2P6GzF7LffMhoTwndlS8 (user_3HE0SV8kvYSMEx8ggz3MMpOGMYX <-> user_3HGEzHuQiddwzZypNREJwDzkrMt)[39m
[32m[Nest] 67988  - [39m03/08/2026, 4:41:57 pm [32m    LOG[39m [38;5;3m[StreamService] [39m[32mStream user synced: user_3HE0SV8kvYSMEx8ggz3MMpOGMYX[39m
[32m[Nest] 67988  - [39m03/08/2026, 4:41:57 pm [32m    LOG[39m [38;5;3m[StreamService] [39m[32mStream user synced: user_3HE0SV8kvYSMEx8ggz3MMpOGMYX[39m
[32m[Nest] 67988  - [39m03/08/2026, 4:42:07 pm [32m    LOG[39m [38;5;3m[StreamService] [39m[32mStream user synced: user_3HE0SV8kvYSMEx8ggz3MMpOGMYX[39m
[32m[Nest] 67988  - [39m03/08/2026, 4:42:07 pm [32m    LOG[39m [38;5;3m[StreamService] [39m[32mStream user synced: user_3HE0SV8kvYSMEx8ggz3MMpOGMYX[39m
[32m[Nest] 67988  - [39m03/08/2026, 4:42:11 pm [32m    LOG[39m [38;5;3m[StreamService] [39m[32mStream user synced: user_3HE0SV8kvYSMEx8ggz3MMpOGMYX[39m
[32m[Nest] 67988  - [39m03/08/2026, 4:42:11 pm [32m    LOG[39m [38;5;3m[StreamService] [39m[32mStream user synced: user_3HE0SV8kvYSMEx8ggz3MMpOGMYX[39m
[32m[Nest] 67988  - [39m03/08/2026, 4:42:12 pm [32m    LOG[39m [38;5;3m[StreamService] [39m[32mStream user synced: user_3HE0SV8kvYSMEx8ggz3MMpOGMYX[39m
[32m[Nest] 67988  - [39m03/08/2026, 4:42:12 pm [32m    LOG[39m [38;5;3m[StreamService] [39m[32mStream user synced: user_3HE0SV8kvYSMEx8ggz3MMpOGMYX[39m
[32m[Nest] 67988  - [39m03/08/2026, 4:42:17 pm [32m    LOG[39m [38;5;3m[StreamService] [39m[32mStream user synced: user_3HE0SV8kvYSMEx8ggz3MMpOGMYX[39m
[32m[Nest] 67988  - [39m03/08/2026, 4:42:17 pm [32m    LOG[39m [38;5;3m[StreamService] [39m[32mStream user synced: user_3HE0SV8kvYSMEx8ggz3MMpOGMYX[39m
[32m[Nest] 67988  - [39m03/08/2026, 4:42:19 pm [32m    LOG[39m [38;5;3m[StreamService] [39m[32mStream user synced: user_3HE0SV8kvYSMEx8ggz3MMpOGMYX[39m
[32m[Nest] 67988  - [39m03/08/2026, 4:42:20 pm [32m    LOG[39m [38;5;3m[ChatService] [39m[32mUser user_3HE0SV8kvYSMEx8ggz3MMpOGMYX left group 35bb6b2a-c525-4494-a4a8-d56f3e776677[39m
[32m[Nest] 67988  - [39m03/08/2026, 4:42:27 pm [32m    LOG[39m [38;5;3m[StreamService] [39m[32mStream user synced: user_3HE0SV8kvYSMEx8ggz3MMpOGMYX[39m
[32m[Nest] 67988  - [39m03/08/2026, 4:42:27 pm [32m    LOG[39m [38;5;3m[StreamService] [39m[32mStream user synced: user_3HE0SV8kvYSMEx8ggz3MMpOGMYX[39m
[32m[Nest] 67988  - [39m03/08/2026, 4:42:31 pm [32m    LOG[39m [38;5;3m[StreamService] [39m[32mStream user synced: user_3HE0SV8kvYSMEx8ggz3MMpOGMYX[39m
[32m[Nest] 67988  - [39m03/08/2026, 4:42:31 pm [32m    LOG[39m [38;5;3m[StreamService] [39m[32mStream user synced: user_3HE0SV8kvYSMEx8ggz3MMpOGMYX[39m
[32m[Nest] 67988  - [39m03/08/2026, 4:42:32 pm [32m    LOG[39m [38;5;3m[StreamService] [39m[32mStream user synced: user_3HE0SV8kvYSMEx8ggz3MMpOGMYX[39m
[32m[Nest] 67988  - [39m03/08/2026, 4:42:32 pm [32m    LOG[39m [38;5;3m[StreamService] [39m[32mStream user synced: user_3HE0SV8kvYSMEx8ggz3MMpOGMYX[39m
[32m[Nest] 67988  - [39m03/08/2026, 4:42:37 pm [32m    LOG[39m [38;5;3m[StreamService] [39m[32mStream user synced: user_3HE0SV8kvYSMEx8ggz3MMpOGMYX[39m
[32m[Nest] 67988  - [39m03/08/2026, 4:42:38 pm [32m    LOG[39m [38;5;3m[StreamService] [39m[32mStream user synced: user_3HE0SV8kvYSMEx8ggz3MMpOGMYX[39m
[32m[Nest] 67988  - [39m03/08/2026, 4:42:40 pm [32m    LOG[39m [38;5;3m[StreamService] [39m[32mStream user synced: user_3HE0SV8kvYSMEx8ggz3MMpOGMYX[39m
[32m[Nest] 67988  - [39m03/08/2026, 4:42:41 pm [32m    LOG[39m [38;5;3m[ChatService] [39m[32mUser user_3HE0SV8kvYSMEx8ggz3MMpOGMYX left group 1999ea17-612e-4806-9608-959f29feeb3b[39m
[32m[Nest] 67988  - [39m03/08/2026, 4:42:47 pm [32m    LOG[39m [38;5;3m[StreamService] [39m[32mStream user synced: user_3HE0SV8kvYSMEx8ggz3MMpOGMYX[39m
[32m[Nest] 67988  - [39m03/08/2026, 4:42:47 pm [32m    LOG[39m [38;5;3m[StreamService] [39m[32mStream user synced: user_3HE0SV8kvYSMEx8ggz3MMpOGMYX[39m
[32m[Nest] 67988  - [39m03/08/2026, 4:42:57 pm [32m    LOG[39m [38;5;3m[StreamService] [39m[32mStream user synced: user_3HE0SV8kvYSMEx8ggz3MMpOGMYX[39m
[32m[Nest] 67988  - [39m03/08/2026, 4:42:57 pm [32m    LOG[39m [38;5;3m[StreamService] [39m[32mStream user synced: user_3HE0SV8kvYSMEx8ggz3MMpOGMYX[39m
[32m[Nest] 67988  - [39m03/08/2026, 4:43:07 pm [32m    LOG[39m [38;5;3m[StreamService] [39m[32mStream user synced: user_3HE0SV8kvYSMEx8ggz3MMpOGMYX[39m
[32m[Nest] 67988  - [39m03/08/2026, 4:43:07 pm [32m    LOG[39m [38;5;3m[StreamService] [39m[32mStream user synced: user_3HE0SV8kvYSMEx8ggz3MMpOGMYX[39m
[32m[Nest] 67988  - [39m03/08/2026, 4:43:17 pm [32m    LOG[39m [38;5;3m[StreamService] [39m[32mStream user synced: user_3HE0SV8kvYSMEx8ggz3MMpOGMYX[39m
[32m[Nest] 67988  - [39m03/08/2026, 4:43:17 pm [32m    LOG[39m [38;5;3m[StreamService] [39m[32mStream user synced: user_3HE0SV8kvYSMEx8ggz3MMpOGMYX[39m
[32m[Nest] 67988  - [39m03/08/2026, 4:43:27 pm [32m    LOG[39m [38;5;3m[StreamService] [39m[32mStream user synced: user_3HE0SV8kvYSMEx8ggz3MMpOGMYX[39m
[32m[Nest] 67988  - [39m03/08/2026, 4:43:27 pm [32m    LOG[39m [38;5;3m[StreamService] [39m[32mStream user synced: user_3HE0SV8kvYSMEx8ggz3MMpOGMYX[39m
[32m[Nest] 67988  - [39m03/08/2026, 4:43:37 pm [32m    LOG[39m [38;5;3m[StreamService] [39m[32mStream user synced: user_3HE0SV8kvYSMEx8ggz3MMpOGMYX[39m
[32m[Nest] 67988  - [39m03/08/2026, 4:43:37 pm [32m    LOG[39m [38;5;3m[StreamService] [39m[32mStream user synced: user_3HE0SV8kvYSMEx8ggz3MMpOGMYX[39m
[32m[Nest] 67988  - [39m03/08/2026, 4:43:47 pm [32m    LOG[39m [38;5;3m[StreamService] [39m[32mStream user synced: user_3HE0SV8kvYSMEx8ggz3MMpOGMYX[39m
[32m[Nest] 67988  - [39m03/08/2026, 4:43:47 pm [32m    LOG[39m [38;5;3m[StreamService] [39m[32mStream user synced: user_3HE0SV8kvYSMEx8ggz3MMpOGMYX[39m
[32m[Nest] 67988  - [39m03/08/2026, 4:43:57 pm [32m    LOG[39m [38;5;3m[StreamService] [39m[32mStream user synced: user_3HE0SV8kvYSMEx8ggz3MMpOGMYX[39m
[32m[Nest] 67988  - [39m03/08/2026, 4:43:57 pm [32m    LOG[39m [38;5;3m[StreamService] [39m[32mStream user synced: user_3HE0SV8kvYSMEx8ggz3MMpOGMYX[39m
[32m[Nest] 67988  - [39m03/08/2026, 4:44:07 pm [32m    LOG[39m [38;5;3m[StreamService] [39m[32mStream user synced: user_3HE0SV8kvYSMEx8ggz3MMpOGMYX[39m
[32m[Nest] 67988  - [39m03/08/2026, 4:44:07 pm [32m    LOG[39m [38;5;3m[StreamService] [39m[32mStream user synced: user_3HE0SV8kvYSMEx8ggz3MMpOGMYX[39m
[32m[Nest] 67988  - [39m03/08/2026, 4:44:17 pm [32m    LOG[39m [38;5;3m[StreamService] [39m[32mStream user synced: user_3HE0SV8kvYSMEx8ggz3MMpOGMYX[39m
[32m[Nest] 67988  - [39m03/08/2026, 4:44:17 pm [32m    LOG[39m [38;5;3m[StreamService] [39m[32mStream user synced: user_3HE0SV8kvYSMEx8ggz3MMpOGMYX[39m
[32m[Nest] 67988  - [39m03/08/2026, 4:44:27 pm [32m    LOG[39m [38;5;3m[StreamService] [39m[32mStream user synced: user_3HE0SV8kvYSMEx8ggz3MMpOGMYX[39m
[32m[Nest] 67988  - [39m03/08/2026, 4:44:27 pm [32m    LOG[39m [38;5;3m[StreamService] [39m[32mStream user synced: user_3HE0SV8kvYSMEx8ggz3MMpOGMYX[39m
[32m[Nest] 67988  - [39m03/08/2026, 4:44:37 pm [32m    LOG[39m [38;5;3m[StreamService] [39m[32mStream user synced: user_3HE0SV8kvYSMEx8ggz3MMpOGMYX[39m
[32m[Nest] 67988  - [39m03/08/2026, 4:44:37 pm [32m    LOG[39m [38;5;3m[StreamService] [39m[32mStream user synced: user_3HE0SV8kvYSMEx8ggz3MMpOGMYX[39m
[32m[Nest] 67988  - [39m03/08/2026, 4:44:47 pm [32m    LOG[39m [38;5;3m[StreamService] [39m[32mStream user synced: user_3HE0SV8kvYSMEx8ggz3MMpOGMYX[39m
[32m[Nest] 67988  - [39m03/08/2026, 4:44:47 pm [32m    LOG[39m [38;5;3m[StreamService] [39m[32mStream user synced: user_3HE0SV8kvYSMEx8ggz3MMpOGMYX[39m
[32m[Nest] 67988  - [39m03/08/2026, 4:44:57 pm [32m    LOG[39m [38;5;3m[StreamService] [39m[32mStream user synced: user_3HE0SV8kvYSMEx8ggz3MMpOGMYX[39m
[32m[Nest] 67988  - [39m03/08/2026, 4:44:57 pm [32m    LOG[39m [38;5;3m[StreamService] [39m[32mStream user synced: user_3HE0SV8kvYSMEx8ggz3MMpOGMYX[39m
[32m[Nest] 67988  - [39m03/08/2026, 4:45:07 pm [32m    LOG[39m [38;5;3m[StreamService] [39m[32mStream user synced: user_3HE0SV8kvYSMEx8ggz3MMpOGMYX[39m
[32m[Nest] 67988  - [39m03/08/2026, 4:45:07 pm [32m    LOG[39m [38;5;3m[StreamService] [39m[32mStream user synced: user_3HE0SV8kvYSMEx8ggz3MMpOGMYX[39m
[32m[Nest] 67988  - [39m03/08/2026, 4:45:17 pm [32m    LOG[39m [38;5;3m[StreamService] [39m[32mStream user synced: user_3HE0SV8kvYSMEx8ggz3MMpOGMYX[39m
[32m[Nest] 67988  - [39m03/08/2026, 4:45:17 pm [32m    LOG[39m [38;5;3m[StreamService] [39m[32mStream user synced: user_3HE0SV8kvYSMEx8ggz3MMpOGMYX[39m
[32m[Nest] 67988  - [39m03/08/2026, 4:45:27 pm [32m    LOG[39m [38;5;3m[StreamService] [39m[32mStream user synced: user_3HE0SV8kvYSMEx8ggz3MMpOGMYX[39m
[32m[Nest] 67988  - [39m03/08/2026, 4:45:27 pm [32m    LOG[39m [38;5;3m[StreamService] [39m[32mStream user synced: user_3HE0SV8kvYSMEx8ggz3MMpOGMYX[39m
[32m[Nest] 67988  - [39m03/08/2026, 4:45:37 pm [32m    LOG[39m [38;5;3m[StreamService] [39m[32mStream user synced: user_3HE0SV8kvYSMEx8ggz3MMpOGMYX[39m
[32m[Nest] 67988  - [39m03/08/2026, 4:45:37 pm [32m    LOG[39m [38;5;3m[StreamService] [39m[32mStream user synced: user_3HE0SV8kvYSMEx8ggz3MMpOGMYX[39m
[32m[Nest] 67988  - [39m03/08/2026, 4:45:47 pm [32m    LOG[39m [38;5;3m[StreamService] [39m[32mStream user synced: user_3HE0SV8kvYSMEx8ggz3MMpOGMYX[39m
[32m[Nest] 67988  - [39m03/08/2026, 4:45:47 pm [32m    LOG[39m [38;5;3m[StreamService] [39m[32mStream user synced: user_3HE0SV8kvYSMEx8ggz3MMpOGMYX[39m
[32m[Nest] 67988  - [39m03/08/2026, 4:45:57 pm [32m    LOG[39m [38;5;3m[StreamService] [39m[32mStream user synced: user_3HE0SV8kvYSMEx8ggz3MMpOGMYX[39m
[32m[Nest] 67988  - [39m03/08/2026, 4:45:57 pm [32m    LOG[39m [38;5;3m[StreamService] [39m[32mStream user synced: user_3HE0SV8kvYSMEx8ggz3MMpOGMYX[39m
[32m[Nest] 67988  - [39m03/08/2026, 4:46:07 pm [32m    LOG[39m [38;5;3m[StreamService] [39m[32mStream user synced: user_3HE0SV8kvYSMEx8ggz3MMpOGMYX[39m
[32m[Nest] 67988  - [39m03/08/2026, 4:46:07 pm [32m    LOG[39m [38;5;3m[StreamService] [39m[32mStream user synced: user_3HE0SV8kvYSMEx8ggz3MMpOGMYX[39m
[32m[Nest] 67988  - [39m03/08/2026, 4:46:17 pm [32m    LOG[39m [38;5;3m[StreamService] [39m[32mStream user synced: user_3HE0SV8kvYSMEx8ggz3MMpOGMYX[39m
[32m[Nest] 67988  - [39m03/08/2026, 4:46:17 pm [32m    LOG[39m [38;5;3m[StreamService] [39m[32mStream user synced: user_3HE0SV8kvYSMEx8ggz3MMpOGMYX[39m
[32m[Nest] 67988  - [39m03/08/2026, 4:46:27 pm [32m    LOG[39m [38;5;3m[StreamService] [39m[32mStream user synced: user_3HE0SV8kvYSMEx8ggz3MMpOGMYX[39m
[32m[Nest] 67988  - [39m03/08/2026, 4:46:27 pm [32m    LOG[39m [38;5;3m[StreamService] [39m[32mStream user synced: user_3HE0SV8kvYSMEx8ggz3MMpOGMYX[39m
[32m[Nest] 67988  - [39m03/08/2026, 4:46:37 pm [32m    LOG[39m [38;5;3m[StreamService] [39m[32mStream user synced: user_3HE0SV8kvYSMEx8ggz3MMpOGMYX[39m
[32m[Nest] 67988  - [39m03/08/2026, 4:46:37 pm [32m    LOG[39m [38;5;3m[StreamService] [39m[32mStream user synced: user_3HE0SV8kvYSMEx8ggz3MMpOGMYX[39m
[32m[Nest] 67988  - [39m03/08/2026, 4:46:47 pm [32m    LOG[39m [38;5;3m[StreamService] [39m[32mStream user synced: user_3HE0SV8kvYSMEx8ggz3MMpOGMYX[39m
[32m[Nest] 67988  - [39m03/08/2026, 4:46:47 pm [32m    LOG[39m [38;5;3m[StreamService] [39m[32mStream user synced: user_3HE0SV8kvYSMEx8ggz3MMpOGMYX[39m
[32m[Nest] 67988  - [39m03/08/2026, 4:46:57 pm [32m    LOG[39m [38;5;3m[StreamService] [39m[32mStream user synced: user_3HE0SV8kvYSMEx8ggz3MMpOGMYX[39m
[32m[Nest] 67988  - [39m03/08/2026, 4:46:57 pm [32m    LOG[39m [38;5;3m[StreamService] [39m[32mStream user synced: user_3HE0SV8kvYSMEx8ggz3MMpOGMYX[39m
[32m[Nest] 67988  - [39m03/08/2026, 4:47:07 pm [32m    LOG[39m [38;5;3m[StreamService] [39m[32mStream user synced: user_3HE0SV8kvYSMEx8ggz3MMpOGMYX[39m
[32m[Nest] 67988  - [39m03/08/2026, 4:47:07 pm [32m    LOG[39m [38;5;3m[StreamService] [39m[32mStream user synced: user_3HE0SV8kvYSMEx8ggz3MMpOGMYX[39m
[32m[Nest] 67988  - [39m03/08/2026, 4:47:17 pm [32m    LOG[39m [38;5;3m[StreamService] [39m[32mStream user synced: user_3HE0SV8kvYSMEx8ggz3MMpOGMYX[39m
[32m[Nest] 67988  - [39m03/08/2026, 4:47:17 pm [32m    LOG[39m [38;5;3m[StreamService] [39m[32mStream user synced: user_3HE0SV8kvYSMEx8ggz3MMpOGMYX[39m
[32m[Nest] 67988  - [39m03/08/2026, 4:47:27 pm [32m    LOG[39m [38;5;3m[StreamService] [39m[32mStream user synced: user_3HE0SV8kvYSMEx8ggz3MMpOGMYX[39m
[32m[Nest] 67988  - [39m03/08/2026, 4:47:27 pm [32m    LOG[39m [38;5;3m[StreamService] [39m[32mStream user synced: user_3HE0SV8kvYSMEx8ggz3MMpOGMYX[39m
[32m[Nest] 67988  - [39m03/08/2026, 4:47:37 pm [32m    LOG[39m [38;5;3m[StreamService] [39m[32mStream user synced: user_3HE0SV8kvYSMEx8ggz3MMpOGMYX[39m
[32m[Nest] 67988  - [39m03/08/2026, 4:47:37 pm [32m    LOG[39m [38;5;3m[StreamService] [39m[32mStream user synced: user_3HE0SV8kvYSMEx8ggz3MMpOGMYX[39m
[32m[Nest] 67988  - [39m03/08/2026, 4:47:47 pm [32m    LOG[39m [38;5;3m[StreamService] [39m[32mStream user synced: user_3HE0SV8kvYSMEx8ggz3MMpOGMYX[39m
[32m[Nest] 67988  - [39m03/08/2026, 4:47:47 pm [32m    LOG[39m [38;5;3m[StreamService] [39m[32mStream user synced: user_3HE0SV8kvYSMEx8ggz3MMpOGMYX[39m
[32m[Nest] 67988  - [39m03/08/2026, 4:47:57 pm [32m    LOG[39m [38;5;3m[StreamService] [39m[32mStream user synced: user_3HE0SV8kvYSMEx8ggz3MMpOGMYX[39m
[32m[Nest] 67988  - [39m03/08/2026, 4:47:57 pm [32m    LOG[39m [38;5;3m[StreamService] [39m[32mStream user synced: user_3HE0SV8kvYSMEx8ggz3MMpOGMYX[39m
[32m[Nest] 67988  - [39m03/08/2026, 4:48:07 pm [32m    LOG[39m [38;5;3m[StreamService] [39m[32mStream user synced: user_3HE0SV8kvYSMEx8ggz3MMpOGMYX[39m
[32m[Nest] 67988  - [39m03/08/2026, 4:48:07 pm [32m    LOG[39m [38;5;3m[StreamService] [39m[32mStream user synced: user_3HE0SV8kvYSMEx8ggz3MMpOGMYX[39m
[32m[Nest] 67988  - [39m03/08/2026, 4:48:17 pm [32m    LOG[39m [38;5;3m[StreamService] [39m[32mStream user synced: user_3HE0SV8kvYSMEx8ggz3MMpOGMYX[39m
[32m[Nest] 67988  - [39m03/08/2026, 4:48:17 pm [32m    LOG[39m [38;5;3m[StreamService] [39m[32mStream user synced: user_3HE0SV8kvYSMEx8ggz3MMpOGMYX[39m
[2J[3J[H[[90m4:48:24 pm[0m] File change detected. Starting incremental compilation...

[32m[Nest] 67988  - [39m03/08/2026, 4:48:27 pm [32m    LOG[39m [38;5;3m[StreamService] [39m[32mStream user synced: user_3HE0SV8kvYSMEx8ggz3MMpOGMYX[39m
[32m[Nest] 67988  - [39m03/08/2026, 4:48:27 pm [32m    LOG[39m [38;5;3m[StreamService] [39m[32mStream user synced: user_3HE0SV8kvYSMEx8ggz3MMpOGMYX[39m
[[90m4:48:36 pm[0m] Found 0 errors. Watching for file changes.

[2J[3J[H[[90m4:48:37 pm[0m] File change detected. Starting incremental compilation...

[[90m4:48:39 pm[0m] Found 0 errors. Watching for file changes.

[2J[3J[H[[90m4:48:39 pm[0m] File change detected. Starting incremental compilation...

[[90m4:48:41 pm[0m] Found 0 errors. Watching for file changes.

[2J[3J[H[[90m4:48:45 pm[0m] File change detected. Starting incremental compilation...

[[90m4:48:46 pm[0m] Found 0 errors. Watching for file changes.

[2J[3J[H[[90m4:48:47 pm[0m] File change detected. Starting incremental compilation...

[[90m4:48:49 pm[0m] Found 0 errors. Watching for file changes.

[2J[3J[H[[90m4:48:54 pm[0m] File change detected. Starting incremental compilation...

[[90m4:48:55 pm[0m] Found 0 errors. Watching for file changes.

[2J[3J[H[[90m4:48:56 pm[0m] File change detected. Starting incremental compilation...

[[90m4:48:57 pm[0m] Found 0 errors. Watching for file changes.

[2J[3J[H[[90m4:49:04 pm[0m] File change detected. Starting incremental compilation...

[[90m4:49:06 pm[0m] Found 0 errors. Watching for file changes.

[2J[3J[H[[90m4:49:06 pm[0m] File change detected. Starting incremental compilation...

[[90m4:49:08 pm[0m] Found 0 errors. Watching for file changes.

[2J[3J[H[[90m4:49:16 pm[0m] File change detected. Starting incremental compilation...

[[90m4:49:17 pm[0m] Found 0 errors. Watching for file changes.

[2J[3J[H[[90m4:49:18 pm[0m] File change detected. Starting incremental compilation...

[[90m4:49:19 pm[0m] Found 0 errors. Watching for file changes.

[32m[Nest] 46372  - [39m03/08/2026, 4:49:28 pm [32m    LOG[39m [38;5;3m[NestFactory] [39m[32mStarting Nest application...[39m
[32m[Nest] 46372  - [39m03/08/2026, 4:49:28 pm [32m    LOG[39m [38;5;3m[InstanceLoader] [39m[32mAppModule dependencies initialized[39m[38;5;3m +49ms[39m
[32m[Nest] 46372  - [39m03/08/2026, 4:49:28 pm [32m    LOG[39m [38;5;3m[InstanceLoader] [39m[32mConfigModule dependencies initialized[39m[38;5;3m +0ms[39m
[32m[Nest] 46372  - [39m03/08/2026, 4:49:28 pm [32m    LOG[39m [38;5;3m[InstanceLoader] [39m[32mConfigHostModule dependencies initialized[39m[38;5;3m +1ms[39m
[32m[Nest] 46372  - [39m03/08/2026, 4:49:28 pm [32m    LOG[39m [38;5;3m[InstanceLoader] [39m[32mHealthModule dependencies initialized[39m[38;5;3m +43ms[39m
[32m[Nest] 46372  - [39m03/08/2026, 4:49:28 pm [32m    LOG[39m [38;5;3m[InstanceLoader] [39m[32mConfigModule dependencies initialized[39m[38;5;3m +0ms[39m
[32m[Nest] 46372  - [39m03/08/2026, 4:49:28 pm [32m    LOG[39m [38;5;3m[InstanceLoader] [39m[32mStreamModule dependencies initialized[39m[38;5;3m +1ms[39m
[2J[3J[H[[90m4:49:29 pm[0m] File change detected. Starting incremental compilation...

[32m[Nest] 46372  - [39m03/08/2026, 4:49:29 pm [32m    LOG[39m [38;5;3m[DrizzleProvider] [39m[32mPostgreSQL connection established successfully.[39m
[32m[Nest] 46372  - [39m03/08/2026, 4:49:29 pm [32m    LOG[39m [38;5;3m[InstanceLoader] [39m[32mDatabaseModule dependencies initialized[39m[38;5;3m +2ms[39m
[32m[Nest] 46372  - [39m03/08/2026, 4:49:29 pm [32m    LOG[39m [38;5;3m[InstanceLoader] [39m[32mUsersModule dependencies initialized[39m[38;5;3m +1ms[39m
[32m[Nest] 46372  - [39m03/08/2026, 4:49:29 pm [32m    LOG[39m [38;5;3m[InstanceLoader] [39m[32mNotificationsModule dependencies initialized[39m[38;5;3m +0ms[39m
[32m[Nest] 46372  - [39m03/08/2026, 4:49:29 pm [32m    LOG[39m [38;5;3m[InstanceLoader] [39m[32mDepartmentsModule dependencies initialized[39m[38;5;3m +2ms[39m
[32m[Nest] 46372  - [39m03/08/2026, 4:49:29 pm [32m    LOG[39m [38;5;3m[InstanceLoader] [39m[32mTasksModule dependencies initialized[39m[38;5;3m +0ms[39m
[32m[Nest] 46372  - [39m03/08/2026, 4:49:29 pm [32m    LOG[39m [38;5;3m[InstanceLoader] [39m[32mMeetingsModule dependencies initialized[39m[38;5;3m +0ms[39m
[32m[Nest] 46372  - [39m03/08/2026, 4:49:29 pm [32m    LOG[39m [38;5;3m[InstanceLoader] [39m[32mChannelsModule dependencies initialized[39m[38;5;3m +0ms[39m
[32m[Nest] 46372  - [39m03/08/2026, 4:49:29 pm [32m    LOG[39m [38;5;3m[InstanceLoader] [39m[32mProjectDocumentsModule dependencies initialized[39m[38;5;3m +0ms[39m
[32m[Nest] 46372  - [39m03/08/2026, 4:49:29 pm [32m    LOG[39m [38;5;3m[InstanceLoader] [39m[32mProjectsModule dependencies initialized[39m[38;5;3m +1ms[39m
[32m[Nest] 46372  - [39m03/08/2026, 4:49:29 pm [32m    LOG[39m [38;5;3m[InstanceLoader] [39m[32mProjectAnnouncementsModule dependencies initialized[39m[38;5;3m +0ms[39m
[32m[Nest] 46372  - [39m03/08/2026, 4:49:29 pm [32m    LOG[39m [38;5;3m[InstanceLoader] [39m[32mProjectMilestonesModule dependencies initialized[39m[38;5;3m +0ms[39m
[32m[Nest] 46372  - [39m03/08/2026, 4:49:29 pm [32m    LOG[39m [38;5;3m[InstanceLoader] [39m[32mAiSummaryModule dependencies initialized[39m[38;5;3m +1ms[39m
[32m[Nest] 46372  - [39m03/08/2026, 4:49:29 pm [32m    LOG[39m [38;5;3m[InstanceLoader] [39m[32mClerkModule dependencies initialized[39m[38;5;3m +3ms[39m
[32m[Nest] 46372  - [39m03/08/2026, 4:49:29 pm [32m    LOG[39m [38;5;3m[RoutesResolver] [39m[32mHealthController {/health}:[39m[38;5;3m +11ms[39m
[32m[Nest] 46372  - [39m03/08/2026, 4:49:29 pm [32m    LOG[39m [38;5;3m[RouterExplorer] [39m[32mMapped {/health, GET} route[39m[38;5;3m +5ms[39m
[32m[Nest] 46372  - [39m03/08/2026, 4:49:29 pm [32m    LOG[39m [38;5;3m[RoutesResolver] [39m[32mClerkTestController {/clerk-test}:[39m[38;5;3m +1ms[39m
[32m[Nest] 46372  - [39m03/08/2026, 4:49:29 pm [32m    LOG[39m [38;5;3m[RouterExplorer] [39m[32mMapped {/clerk-test/me, GET} route[39m[38;5;3m +2ms[39m
[32m[Nest] 46372  - [39m03/08/2026, 4:49:29 pm [32m    LOG[39m [38;5;3m[RoutesResolver] [39m[32mStreamController {/stream}:[39m[38;5;3m +0ms[39m
[32m[Nest] 46372  - [39m03/08/2026, 4:49:29 pm [32m    LOG[39m [38;5;3m[RouterExplorer] [39m[32mMapped {/stream/token, GET} route[39m[38;5;3m +1ms[39m
[32m[Nest] 46372  - [39m03/08/2026, 4:49:29 pm [32m    LOG[39m [38;5;3m[RoutesResolver] [39m[32mUsersController {/users}:[39m[38;5;3m +0ms[39m
[32m[Nest] 46372  - [39m03/08/2026, 4:49:29 pm [32m    LOG[39m [38;5;3m[RouterExplorer] [39m[32mMapped {/users/me, GET} route[39m[38;5;3m +1ms[39m
[32m[Nest] 46372  - [39m03/08/2026, 4:49:29 pm [32m    LOG[39m [38;5;3m[RouterExplorer] [39m[32mMapped {/users, GET} route[39m[38;5;3m +0ms[39m
[32m[Nest] 46372  - [39m03/08/2026, 4:49:29 pm [32m    LOG[39m [38;5;3m[RouterExplorer] [39m[32mMapped {/users/:clerkId/role, PATCH} route[39m[38;5;3m +1ms[39m
[32m[Nest] 46372  - [39m03/08/2026, 4:49:29 pm [32m    LOG[39m [38;5;3m[RoutesResolver] [39m[32mChatController {/chat}:[39m[38;5;3m +0ms[39m
[32m[Nest] 46372  - [39m03/08/2026, 4:49:29 pm [32m    LOG[39m [38;5;3m[RouterExplorer] [39m[32mMapped {/chat/token, GET} route[39m[38;5;3m +1ms[39m
[32m[Nest] 46372  - [39m03/08/2026, 4:49:29 pm [32m    LOG[39m [38;5;3m[RouterExplorer] [39m[32mMapped {/chat/direct, POST} route[39m[38;5;3m +1ms[39m
[32m[Nest] 46372  - [39m03/08/2026, 4:49:29 pm [32m    LOG[39m [38;5;3m[RouterExplorer] [39m[32mMapped {/chat/group, POST} route[39m[38;5;3m +0ms[39m
[32m[Nest] 46372  - [39m03/08/2026, 4:49:29 pm [32m    LOG[39m [38;5;3m[RouterExplorer] [39m[32mMapped {/chat/groups/:channelId, GET} route[39m[38;5;3m +1ms[39m
[32m[Nest] 46372  - [39m03/08/2026, 4:49:29 pm [32m    LOG[39m [38;5;3m[RouterExplorer] [39m[32mMapped {/chat/groups/:channelId, PATCH} route[39m[38;5;3m +0ms[39m
[32m[Nest] 46372  - [39m03/08/2026, 4:49:29 pm [32m    LOG[39m [38;5;3m[RouterExplorer] [39m[32mMapped {/chat/groups/:channelId/avatar, PUT} route[39m[38;5;3m +0ms[39m
[32m[Nest] 46372  - [39m03/08/2026, 4:49:29 pm [32m    LOG[39m [38;5;3m[RouterExplorer] [39m[32mMapped {/chat/groups/:channelId/avatar, DELETE} route[39m[38;5;3m +1ms[39m
[32m[Nest] 46372  - [39m03/08/2026, 4:49:29 pm [32m    LOG[39m [38;5;3m[RouterExplorer] [39m[32mMapped {/chat/groups/:channelId/members/:memberId, POST} route[39m[38;5;3m +0ms[39m
[32m[Nest] 46372  - [39m03/08/2026, 4:49:29 pm [32m    LOG[39m [38;5;3m[RouterExplorer] [39m[32mMapped {/chat/groups/:channelId/members/:memberId, DELETE} route[39m[38;5;3m +0ms[39m
[32m[Nest] 46372  - [39m03/08/2026, 4:49:29 pm [32m    LOG[39m [38;5;3m[RouterExplorer] [39m[32mMapped {/chat/groups/:channelId/leave, POST} route[39m[38;5;3m +1ms[39m
[32m[Nest] 46372  - [39m03/08/2026, 4:49:29 pm [32m    LOG[39m [38;5;3m[RouterExplorer] [39m[32mMapped {/chat/groups/:channelId/moderators/:memberId, POST} route[39m[38;5;3m +0ms[39m
[32m[Nest] 46372  - [39m03/08/2026, 4:49:29 pm [32m    LOG[39m [38;5;3m[RouterExplorer] [39m[32mMapped {/chat/groups/:channelId/moderators/:memberId, DELETE} route[39m[38;5;3m +0ms[39m
[32m[Nest] 46372  - [39m03/08/2026, 4:49:29 pm [32m    LOG[39m [38;5;3m[RoutesResolver] [39m[32mTasksController {/tasks}:[39m[38;5;3m +0ms[39m
[32m[Nest] 46372  - [39m03/08/2026, 4:49:29 pm [32m    LOG[39m [38;5;3m[RouterExplorer] [39m[32mMapped {/tasks, POST} route[39m[38;5;3m +1ms[39m
[32m[Nest] 46372  - [39m03/08/2026, 4:49:29 pm [32m    LOG[39m [38;5;3m[RouterExplorer] [39m[32mMapped {/tasks, GET} route[39m[38;5;3m +1ms[39m
[32m[Nest] 46372  - [39m03/08/2026, 4:49:29 pm [32m    LOG[39m [38;5;3m[RouterExplorer] [39m[32mMapped {/tasks/:id, GET} route[39m[38;5;3m +0ms[39m
[32m[Nest] 46372  - [39m03/08/2026, 4:49:29 pm [32m    LOG[39m [38;5;3m[RouterExplorer] [39m[32mMapped {/tasks/:id/channel, POST} route[39m[38;5;3m +0ms[39m
[32m[Nest] 46372  - [39m03/08/2026, 4:49:29 pm [32m    LOG[39m [38;5;3m[RouterExplorer] [39m[32mMapped {/tasks/:id, PATCH} route[39m[38;5;3m +1ms[39m
[32m[Nest] 46372  - [39m03/08/2026, 4:49:29 pm [32m    LOG[39m [38;5;3m[RouterExplorer] [39m[32mMapped {/tasks/:id/status, PATCH} route[39m[38;5;3m +0ms[39m
[32m[Nest] 46372  - [39m03/08/2026, 4:49:29 pm [32m    LOG[39m [38;5;3m[RouterExplorer] [39m[32mMapped {/tasks/:id, DELETE} route[39m[38;5;3m +1ms[39m
[32m[Nest] 46372  - [39m03/08/2026, 4:49:29 pm [32m    LOG[39m [38;5;3m[RoutesResolver] [39m[32mMeetingsController {/meetings}:[39m[38;5;3m +0ms[39m
[32m[Nest] 46372  - [39m03/08/2026, 4:49:29 pm [32m    LOG[39m [38;5;3m[RouterExplorer] [39m[32mMapped {/meetings, POST} route[39m[38;5;3m +0ms[39m
[32m[Nest] 46372  - [39m03/08/2026, 4:49:29 pm [32m    LOG[39m [38;5;3m[RouterExplorer] [39m[32mMapped {/meetings, GET} route[39m[38;5;3m +1ms[39m
[32m[Nest] 46372  - [39m03/08/2026, 4:49:29 pm [32m    LOG[39m [38;5;3m[RouterExplorer] [39m[32mMapped {/meetings/:id, GET} route[39m[38;5;3m +0ms[39m
[32m[Nest] 46372  - [39m03/08/2026, 4:49:29 pm [32m    LOG[39m [38;5;3m[RouterExplorer] [39m[32mMapped {/meetings/:id, PATCH} route[39m[38;5;3m +0ms[39m
[32m[Nest] 46372  - [39m03/08/2026, 4:49:29 pm [32m    LOG[39m [38;5;3m[RouterExplorer] [39m[32mMapped {/meetings/:id, DELETE} route[39m[38;5;3m +1ms[39m
[32m[Nest] 46372  - [39m03/08/2026, 4:49:29 pm [32m    LOG[39m [38;5;3m[RouterExplorer] [39m[32mMapped {/meetings/:id/join, POST} route[39m[38;5;3m +0ms[39m
[32m[Nest] 46372  - [39m03/08/2026, 4:49:29 pm [32m    LOG[39m [38;5;3m[RouterExplorer] [39m[32mMapped {/meetings/:id/leave, POST} route[39m[38;5;3m +0ms[39m
[32m[Nest] 46372  - [39m03/08/2026, 4:49:29 pm [32m    LOG[39m [38;5;3m[RoutesResolver] [39m[32mDepartmentsController {/departments}:[39m[38;5;3m +0ms[39m
[32m[Nest] 46372  - [39m03/08/2026, 4:49:29 pm [32m    LOG[39m [38;5;3m[RouterExplorer] [39m[32mMapped {/departments, POST} route[39m[38;5;3m +1ms[39m
[32m[Nest] 46372  - [39m03/08/2026, 4:49:29 pm [32m    LOG[39m [38;5;3m[RouterExplorer] [39m[32mMapped {/departments/mine, GET} route[39m[38;5;3m +0ms[39m
[32m[Nest] 46372  - [39m03/08/2026, 4:49:29 pm [32m    LOG[39m [38;5;3m[RouterExplorer] [39m[32mMapped {/departments/:id, GET} route[39m[38;5;3m +0ms[39m
[32m[Nest] 46372  - [39m03/08/2026, 4:49:29 pm [32m    LOG[39m [38;5;3m[RouterExplorer] [39m[32mMapped {/departments/:id, PATCH} route[39m[38;5;3m +1ms[39m
[32m[Nest] 46372  - [39m03/08/2026, 4:49:29 pm [32m    LOG[39m [38;5;3m[RouterExplorer] [39m[32mMapped {/departments/:id, DELETE} route[39m[38;5;3m +0ms[39m
[32m[Nest] 46372  - [39m03/08/2026, 4:49:29 pm [32m    LOG[39m [38;5;3m[RouterExplorer] [39m[32mMapped {/departments/:id/members/:memberId, POST} route[39m[38;5;3m +0ms[39m
[32m[Nest] 46372  - [39m03/08/2026, 4:49:29 pm [32m    LOG[39m [38;5;3m[RouterExplorer] [39m[32mMapped {/departments/:id/members/:memberId, DELETE} route[39m[38;5;3m +0ms[39m
[32m[Nest] 46372  - [39m03/08/2026, 4:49:29 pm [32m    LOG[39m [38;5;3m[RoutesResolver] [39m[32mChannelsController {/channels}:[39m[38;5;3m +0ms[39m
[32m[Nest] 46372  - [39m03/08/2026, 4:49:29 pm [32m    LOG[39m [38;5;3m[RouterExplorer] [39m[32mMapped {/channels, POST} route[39m[38;5;3m +1ms[39m
[32m[Nest] 46372  - [39m03/08/2026, 4:49:29 pm [32m    LOG[39m [38;5;3m[RouterExplorer] [39m[32mMapped {/channels, GET} route[39m[38;5;3m +0ms[39m
[32m[Nest] 46372  - [39m03/08/2026, 4:49:29 pm [32m    LOG[39m [38;5;3m[RouterExplorer] [39m[32mMapped {/channels/:id, GET} route[39m[38;5;3m +0ms[39m
[32m[Nest] 46372  - [39m03/08/2026, 4:49:29 pm [32m    LOG[39m [38;5;3m[RouterExplorer] [39m[32mMapped {/channels/:id, PATCH} route[39m[38;5;3m +0ms[39m
[32m[Nest] 46372  - [39m03/08/2026, 4:49:29 pm [32m    LOG[39m [38;5;3m[RouterExplorer] [39m[32mMapped {/channels/:id, DELETE} route[39m[38;5;3m +1ms[39m
[32m[Nest] 46372  - [39m03/08/2026, 4:49:29 pm [32m    LOG[39m [38;5;3m[RouterExplorer] [39m[32mMapped {/channels/:id/join, POST} route[39m[38;5;3m +0ms[39m
[32m[Nest] 46372  - [39m03/08/2026, 4:49:29 pm [32m    LOG[39m [38;5;3m[RouterExplorer] [39m[32mMapped {/channels/:id/leave, POST} route[39m[38;5;3m +0ms[39m
[32m[Nest] 46372  - [39m03/08/2026, 4:49:29 pm [32m    LOG[39m [38;5;3m[RouterExplorer] [39m[32mMapped {/channels/:id/members, GET} route[39m[38;5;3m +0ms[39m
[32m[Nest] 46372  - [39m03/08/2026, 4:49:29 pm [32m    LOG[39m [38;5;3m[RouterExplorer] [39m[32mMapped {/channels/:id/members/:memberId, POST} route[39m[38;5;3m +1ms[39m
[32m[Nest] 46372  - [39m03/08/2026, 4:49:29 pm [32m    LOG[39m [38;5;3m[RouterExplorer] [39m[32mMapped {/channels/:id/members/:memberId, DELETE} route[39m[38;5;3m +0ms[39m
[32m[Nest] 46372  - [39m03/08/2026, 4:49:29 pm [32m    LOG[39m [38;5;3m[RoutesResolver] [39m[32mNotificationsController {/notifications}:[39m[38;5;3m +0ms[39m
[32m[Nest] 46372  - [39m03/08/2026, 4:49:29 pm [32m    LOG[39m [38;5;3m[RouterExplorer] [39m[32mMapped {/notifications, GET} route[39m[38;5;3m +0ms[39m
[32m[Nest] 46372  - [39m03/08/2026, 4:49:29 pm [32m    LOG[39m [38;5;3m[RouterExplorer] [39m[32mMapped {/notifications/unread-count, GET} route[39m[38;5;3m +1ms[39m
[32m[Nest] 46372  - [39m03/08/2026, 4:49:29 pm [32m    LOG[39m [38;5;3m[RouterExplorer] [39m[32mMapped {/notifications/:id/read, PATCH} route[39m[38;5;3m +0ms[39m
[32m[Nest] 46372  - [39m03/08/2026, 4:49:29 pm [32m    LOG[39m [38;5;3m[RouterExplorer] [39m[32mMapped {/notifications/read-all, PATCH} route[39m[38;5;3m +0ms[39m
[32m[Nest] 46372  - [39m03/08/2026, 4:49:29 pm [32m    LOG[39m [38;5;3m[RouterExplorer] [39m[32mMapped {/notifications/self, POST} route[39m[38;5;3m +0ms[39m
[32m[Nest] 46372  - [39m03/08/2026, 4:49:29 pm [32m    LOG[39m [38;5;3m[RoutesResolver] [39m[32mProjectsController {/projects}:[39m[38;5;3m +0ms[39m
[32m[Nest] 46372  - [39m03/08/2026, 4:49:29 pm [32m    LOG[39m [38;5;3m[RouterExplorer] [39m[32mMapped {/projects, POST} route[39m[38;5;3m +1ms[39m
[32m[Nest] 46372  - [39m03/08/2026, 4:49:29 pm [32m    LOG[39m [38;5;3m[RouterExplorer] [39m[32mMapped {/projects, GET} route[39m[38;5;3m +0ms[39m
[32m[Nest] 46372  - [39m03/08/2026, 4:49:29 pm [32m    LOG[39m [38;5;3m[RouterExplorer] [39m[32mMapped {/projects/:id, GET} route[39m[38;5;3m +0ms[39m
[32m[Nest] 46372  - [39m03/08/2026, 4:49:29 pm [32m    LOG[39m [38;5;3m[RouterExplorer] [39m[32mMapped {/projects/:id, PATCH} route[39m[38;5;3m +0ms[39m
[32m[Nest] 46372  - [39m03/08/2026, 4:49:29 pm [32m    LOG[39m [38;5;3m[RouterExplorer] [39m[32mMapped {/projects/:id, DELETE} route[39m[38;5;3m +1ms[39m
[32m[Nest] 46372  - [39m03/08/2026, 4:49:29 pm [32m    LOG[39m [38;5;3m[RouterExplorer] [39m[32mMapped {/projects/:id/members, GET} route[39m[38;5;3m +0ms[39m
[32m[Nest] 46372  - [39m03/08/2026, 4:49:29 pm [32m    LOG[39m [38;5;3m[RouterExplorer] [39m[32mMapped {/projects/:id/members, POST} route[39m[38;5;3m +0ms[39m
[32m[Nest] 46372  - [39m03/08/2026, 4:49:29 pm [32m    LOG[39m [38;5;3m[RouterExplorer] [39m[32mMapped {/projects/:id/members/:memberId, PATCH} route[39m[38;5;3m +0ms[39m
[32m[Nest] 46372  - [39m03/08/2026, 4:49:29 pm [32m    LOG[39m [38;5;3m[RouterExplorer] [39m[32mMapped {/projects/:id/members/:memberId, DELETE} route[39m[38;5;3m +1ms[39m
[32m[Nest] 46372  - [39m03/08/2026, 4:49:29 pm [32m    LOG[39m [38;5;3m[RoutesResolver] [39m[32mProjectAnnouncementsController {/projects/:projectId/announcements}:[39m[38;5;3m +0ms[39m
[32m[Nest] 46372  - [39m03/08/2026, 4:49:29 pm [32m    LOG[39m [38;5;3m[RouterExplorer] [39m[32mMapped {/projects/:projectId/announcements, GET} route[39m[38;5;3m +0ms[39m
[32m[Nest] 46372  - [39m03/08/2026, 4:49:29 pm [32m    LOG[39m [38;5;3m[RouterExplorer] [39m[32mMapped {/projects/:projectId/announcements, POST} route[39m[38;5;3m +0ms[39m
[32m[Nest] 46372  - [39m03/08/2026, 4:49:29 pm [32m    LOG[39m [38;5;3m[RouterExplorer] [39m[32mMapped {/projects/:projectId/announcements/:id, PATCH} route[39m[38;5;3m +1ms[39m
[32m[Nest] 46372  - [39m03/08/2026, 4:49:29 pm [32m    LOG[39m [38;5;3m[RouterExplorer] [39m[32mMapped {/projects/:projectId/announcements/:id/pin, PATCH} route[39m[38;5;3m +0ms[39m
[32m[Nest] 46372  - [39m03/08/2026, 4:49:29 pm [32m    LOG[39m [38;5;3m[RouterExplorer] [39m[32mMapped {/projects/:projectId/announcements/:id, DELETE} route[39m[38;5;3m +1ms[39m
[32m[Nest] 46372  - [39m03/08/2026, 4:49:29 pm [32m    LOG[39m [38;5;3m[RouterExplorer] [39m[32mMapped {/projects/:projectId/announcements/:id/reactions, POST} route[39m[38;5;3m +0ms[39m
[32m[Nest] 46372  - [39m03/08/2026, 4:49:29 pm [32m    LOG[39m [38;5;3m[RouterExplorer] [39m[32mMapped {/projects/:projectId/announcements/:id/reactions/:emoji, DELETE} route[39m[38;5;3m +0ms[39m
[32m[Nest] 46372  - [39m03/08/2026, 4:49:29 pm [32m    LOG[39m [38;5;3m[RoutesResolver] [39m[32mProjectDocumentsController {/projects/:projectId/documents}:[39m[38;5;3m +0ms[39m
[32m[Nest] 46372  - [39m03/08/2026, 4:49:29 pm [32m    LOG[39m [38;5;3m[RouterExplorer] [39m[32mMapped {/projects/:projectId/documents, POST} route[39m[38;5;3m +1ms[39m
[32m[Nest] 46372  - [39m03/08/2026, 4:49:29 pm [32m    LOG[39m [38;5;3m[RouterExplorer] [39m[32mMapped {/projects/:projectId/documents, GET} route[39m[38;5;3m +0ms[39m
[32m[Nest] 46372  - [39m03/08/2026, 4:49:29 pm [32m    LOG[39m [38;5;3m[RouterExplorer] [39m[32mMapped {/projects/:projectId/documents/:id/download, GET} route[39m[38;5;3m +1ms[39m
[32m[Nest] 46372  - [39m03/08/2026, 4:49:29 pm [32m    LOG[39m [38;5;3m[RouterExplorer] [39m[32mMapped {/projects/:projectId/documents/:id/preview, GET} route[39m[38;5;3m +0ms[39m
[32m[Nest] 46372  - [39m03/08/2026, 4:49:29 pm [32m    LOG[39m [38;5;3m[RouterExplorer] [39m[32mMapped {/projects/:projectId/documents/:id, DELETE} route[39m[38;5;3m +0ms[39m
[32m[Nest] 46372  - [39m03/08/2026, 4:49:29 pm [32m    LOG[39m [38;5;3m[RoutesResolver] [39m[32mProjectMilestonesController {/projects/:projectId/milestones}:[39m[38;5;3m +1ms[39m
[32m[Nest] 46372  - [39m03/08/2026, 4:49:29 pm [32m    LOG[39m [38;5;3m[RouterExplorer] [39m[32mMapped {/projects/:projectId/milestones, GET} route[39m[38;5;3m +0ms[39m
[32m[Nest] 46372  - [39m03/08/2026, 4:49:29 pm [32m    LOG[39m [38;5;3m[RouterExplorer] [39m[32mMapped {/projects/:projectId/milestones, POST} route[39m[38;5;3m +0ms[39m
[32m[Nest] 46372  - [39m03/08/2026, 4:49:29 pm [32m    LOG[39m [38;5;3m[RouterExplorer] [39m[32mMapped {/projects/:projectId/milestones/:id, PATCH} route[39m[38;5;3m +1ms[39m
[32m[Nest] 46372  - [39m03/08/2026, 4:49:29 pm [32m    LOG[39m [38;5;3m[RouterExplorer] [39m[32mMapped {/projects/:projectId/milestones/:id/status, PATCH} route[39m[38;5;3m +0ms[39m
[32m[Nest] 46372  - [39m03/08/2026, 4:49:29 pm [32m    LOG[39m [38;5;3m[RouterExplorer] [39m[32mMapped {/projects/:projectId/milestones/:id/progress, PATCH} route[39m[38;5;3m +0ms[39m
[32m[Nest] 46372  - [39m03/08/2026, 4:49:29 pm [32m    LOG[39m [38;5;3m[RouterExplorer] [39m[32mMapped {/projects/:projectId/milestones/:id, DELETE} route[39m[38;5;3m +1ms[39m
[32m[Nest] 46372  - [39m03/08/2026, 4:49:29 pm [32m    LOG[39m [38;5;3m[RoutesResolver] [39m[32mAiSummaryController {/projects/:projectId/ai-summary}:[39m[38;5;3m +0ms[39m
[32m[Nest] 46372  - [39m03/08/2026, 4:49:29 pm [32m    LOG[39m [38;5;3m[RouterExplorer] [39m[32mMapped {/projects/:projectId/ai-summary, GET} route[39m[38;5;3m +0ms[39m
[32m[Nest] 46372  - [39m03/08/2026, 4:49:29 pm [32m    LOG[39m [38;5;3m[StreamService] [39m[32mStream Chat server client initialized.[39m
Attention: Clerk collects telemetry data from its SDKs when connected to development instances.
The data collected is used to inform Clerk's product roadmap.
To learn more, including how to opt-out from the telemetry program, visit: https://clerk.com/docs/telemetry.

[32m[Nest] 46372  - [39m03/08/2026, 4:49:30 pm [32m    LOG[39m [38;5;3m[NestApplication] [39m[32mNest application successfully started[39m[38;5;3m +686ms[39m
🚀 Application is running on: http://localhost:3001
[[90m4:49:30 pm[0m] Found 0 errors. Watching for file changes.

[32m[Nest] 52668  - [39m03/08/2026, 4:49:45 pm [32m    LOG[39m [38;5;3m[NestFactory] [39m[32mStarting Nest application...[39m
[32m[Nest] 52668  - [39m03/08/2026, 4:49:45 pm [32m    LOG[39m [38;5;3m[InstanceLoader] [39m[32mAppModule dependencies initialized[39m[38;5;3m +92ms[39m
[32m[Nest] 52668  - [39m03/08/2026, 4:49:45 pm [32m    LOG[39m [38;5;3m[InstanceLoader] [39m[32mConfigModule dependencies initialized[39m[38;5;3m +0ms[39m
[32m[Nest] 52668  - [39m03/08/2026, 4:49:45 pm [32m    LOG[39m [38;5;3m[InstanceLoader] [39m[32mConfigHostModule dependencies initialized[39m[38;5;3m +1ms[39m
[32m[Nest] 52668  - [39m03/08/2026, 4:49:45 pm [32m    LOG[39m [38;5;3m[InstanceLoader] [39m[32mHealthModule dependencies initialized[39m[38;5;3m +43ms[39m
[32m[Nest] 52668  - [39m03/08/2026, 4:49:45 pm [32m    LOG[39m [38;5;3m[InstanceLoader] [39m[32mConfigModule dependencies initialized[39m[38;5;3m +1ms[39m
[32m[Nest] 52668  - [39m03/08/2026, 4:49:45 pm [32m    LOG[39m [38;5;3m[InstanceLoader] [39m[32mStreamModule dependencies initialized[39m[38;5;3m +0ms[39m
[32m[Nest] 52668  - [39m03/08/2026, 4:49:45 pm [32m    LOG[39m [38;5;3m[DrizzleProvider] [39m[32mPostgreSQL connection established successfully.[39m
[32m[Nest] 52668  - [39m03/08/2026, 4:49:45 pm [32m    LOG[39m [38;5;3m[InstanceLoader] [39m[32mDatabaseModule dependencies initialized[39m[38;5;3m +1ms[39m
[32m[Nest] 52668  - [39m03/08/2026, 4:49:45 pm [32m    LOG[39m [38;5;3m[InstanceLoader] [39m[32mUsersModule dependencies initialized[39m[38;5;3m +1ms[39m
[32m[Nest] 52668  - [39m03/08/2026, 4:49:45 pm [32m    LOG[39m [38;5;3m[InstanceLoader] [39m[32mNotificationsModule dependencies initialized[39m[38;5;3m +0ms[39m
[32m[Nest] 52668  - [39m03/08/2026, 4:49:45 pm [32m    LOG[39m [38;5;3m[InstanceLoader] [39m[32mDepartmentsModule dependencies initialized[39m[38;5;3m +1ms[39m
[32m[Nest] 52668  - [39m03/08/2026, 4:49:45 pm [32m    LOG[39m [38;5;3m[InstanceLoader] [39m[32mTasksModule dependencies initialized[39m[38;5;3m +0ms[39m
[32m[Nest] 52668  - [39m03/08/2026, 4:49:45 pm [32m    LOG[39m [38;5;3m[InstanceLoader] [39m[32mMeetingsModule dependencies initialized[39m[38;5;3m +0ms[39m
[32m[Nest] 52668  - [39m03/08/2026, 4:49:45 pm [32m    LOG[39m [38;5;3m[InstanceLoader] [39m[32mChannelsModule dependencies initialized[39m[38;5;3m +0ms[39m
[32m[Nest] 52668  - [39m03/08/2026, 4:49:45 pm [32m    LOG[39m [38;5;3m[InstanceLoader] [39m[32mProjectDocumentsModule dependencies initialized[39m[38;5;3m +0ms[39m
[32m[Nest] 52668  - [39m03/08/2026, 4:49:45 pm [32m    LOG[39m [38;5;3m[InstanceLoader] [39m[32mProjectsModule dependencies initialized[39m[38;5;3m +0ms[39m
[32m[Nest] 52668  - [39m03/08/2026, 4:49:45 pm [32m    LOG[39m [38;5;3m[InstanceLoader] [39m[32mProjectAnnouncementsModule dependencies initialized[39m[38;5;3m +1ms[39m
[32m[Nest] 52668  - [39m03/08/2026, 4:49:45 pm [32m    LOG[39m [38;5;3m[InstanceLoader] [39m[32mProjectMilestonesModule dependencies initialized[39m[38;5;3m +0ms[39m
[32m[Nest] 52668  - [39m03/08/2026, 4:49:45 pm [32m    LOG[39m [38;5;3m[InstanceLoader] [39m[32mAiSummaryModule dependencies initialized[39m[38;5;3m +1ms[39m
[32m[Nest] 52668  - [39m03/08/2026, 4:49:45 pm [32m    LOG[39m [38;5;3m[InstanceLoader] [39m[32mClerkModule dependencies initialized[39m[38;5;3m +3ms[39m
[32m[Nest] 52668  - [39m03/08/2026, 4:49:45 pm [32m    LOG[39m [38;5;3m[RoutesResolver] [39m[32mHealthController {/health}:[39m[38;5;3m +21ms[39m
[32m[Nest] 52668  - [39m03/08/2026, 4:49:45 pm [32m    LOG[39m [38;5;3m[RouterExplorer] [39m[32mMapped {/health, GET} route[39m[38;5;3m +8ms[39m
[32m[Nest] 52668  - [39m03/08/2026, 4:49:45 pm [32m    LOG[39m [38;5;3m[RoutesResolver] [39m[32mClerkTestController {/clerk-test}:[39m[38;5;3m +1ms[39m
[32m[Nest] 52668  - [39m03/08/2026, 4:49:45 pm [32m    LOG[39m [38;5;3m[RouterExplorer] [39m[32mMapped {/clerk-test/me, GET} route[39m[38;5;3m +1ms[39m
[32m[Nest] 52668  - [39m03/08/2026, 4:49:45 pm [32m    LOG[39m [38;5;3m[RoutesResolver] [39m[32mStreamController {/stream}:[39m[38;5;3m +0ms[39m
[32m[Nest] 52668  - [39m03/08/2026, 4:49:45 pm [32m    LOG[39m [38;5;3m[RouterExplorer] [39m[32mMapped {/stream/token, GET} route[39m[38;5;3m +1ms[39m
[32m[Nest] 52668  - [39m03/08/2026, 4:49:45 pm [32m    LOG[39m [38;5;3m[RoutesResolver] [39m[32mUsersController {/users}:[39m[38;5;3m +0ms[39m
[32m[Nest] 52668  - [39m03/08/2026, 4:49:45 pm [32m    LOG[39m [38;5;3m[RouterExplorer] [39m[32mMapped {/users/me, GET} route[39m[38;5;3m +1ms[39m
[32m[Nest] 52668  - [39m03/08/2026, 4:49:45 pm [32m    LOG[39m [38;5;3m[RouterExplorer] [39m[32mMapped {/users, GET} route[39m[38;5;3m +0ms[39m
[32m[Nest] 52668  - [39m03/08/2026, 4:49:45 pm [32m    LOG[39m [38;5;3m[RouterExplorer] [39m[32mMapped {/users/:clerkId/role, PATCH} route[39m[38;5;3m +2ms[39m
[32m[Nest] 52668  - [39m03/08/2026, 4:49:45 pm [32m    LOG[39m [38;5;3m[RoutesResolver] [39m[32mChatController {/chat}:[39m[38;5;3m +0ms[39m
[32m[Nest] 52668  - [39m03/08/2026, 4:49:45 pm [32m    LOG[39m [38;5;3m[RouterExplorer] [39m[32mMapped {/chat/token, GET} route[39m[38;5;3m +1ms[39m
[32m[Nest] 52668  - [39m03/08/2026, 4:49:45 pm [32m    LOG[39m [38;5;3m[RouterExplorer] [39m[32mMapped {/chat/direct, POST} route[39m[38;5;3m +0ms[39m
[32m[Nest] 52668  - [39m03/08/2026, 4:49:45 pm [32m    LOG[39m [38;5;3m[RouterExplorer] [39m[32mMapped {/chat/group, POST} route[39m[38;5;3m +1ms[39m
[32m[Nest] 52668  - [39m03/08/2026, 4:49:45 pm [32m    LOG[39m [38;5;3m[RouterExplorer] [39m[32mMapped {/chat/groups/:channelId, GET} route[39m[38;5;3m +1ms[39m
[32m[Nest] 52668  - [39m03/08/2026, 4:49:45 pm [32m    LOG[39m [38;5;3m[RouterExplorer] [39m[32mMapped {/chat/groups/:channelId, PATCH} route[39m[38;5;3m +0ms[39m
[32m[Nest] 52668  - [39m03/08/2026, 4:49:45 pm [32m    LOG[39m [38;5;3m[RouterExplorer] [39m[32mMapped {/chat/groups/:channelId/avatar, PUT} route[39m[38;5;3m +1ms[39m
[32m[Nest] 52668  - [39m03/08/2026, 4:49:45 pm [32m    LOG[39m [38;5;3m[RouterExplorer] [39m[32mMapped {/chat/groups/:channelId/avatar, DELETE} route[39m[38;5;3m +0ms[39m
[32m[Nest] 52668  - [39m03/08/2026, 4:49:45 pm [32m    LOG[39m [38;5;3m[RouterExplorer] [39m[32mMapped {/chat/groups/:channelId/members/:memberId, POST} route[39m[38;5;3m +0ms[39m
[32m[Nest] 52668  - [39m03/08/2026, 4:49:45 pm [32m    LOG[39m [38;5;3m[RouterExplorer] [39m[32mMapped {/chat/groups/:channelId/members/:memberId, DELETE} route[39m[38;5;3m +1ms[39m
[32m[Nest] 52668  - [39m03/08/2026, 4:49:45 pm [32m    LOG[39m [38;5;3m[RouterExplorer] [39m[32mMapped {/chat/groups/:channelId/leave, POST} route[39m[38;5;3m +1ms[39m
[32m[Nest] 52668  - [39m03/08/2026, 4:49:45 pm [32m    LOG[39m [38;5;3m[RouterExplorer] [39m[32mMapped {/chat/groups/:channelId/moderators/:memberId, POST} route[39m[38;5;3m +1ms[39m
[32m[Nest] 52668  - [39m03/08/2026, 4:49:45 pm [32m    LOG[39m [38;5;3m[RouterExplorer] [39m[32mMapped {/chat/groups/:channelId/moderators/:memberId, DELETE} route[39m[38;5;3m +1ms[39m
[32m[Nest] 52668  - [39m03/08/2026, 4:49:45 pm [32m    LOG[39m [38;5;3m[RoutesResolver] [39m[32mTasksController {/tasks}:[39m[38;5;3m +0ms[39m
[32m[Nest] 52668  - [39m03/08/2026, 4:49:45 pm [32m    LOG[39m [38;5;3m[RouterExplorer] [39m[32mMapped {/tasks, POST} route[39m[38;5;3m +1ms[39m
[32m[Nest] 52668  - [39m03/08/2026, 4:49:45 pm [32m    LOG[39m [38;5;3m[RouterExplorer] [39m[32mMapped {/tasks, GET} route[39m[38;5;3m +0ms[39m
[32m[Nest] 52668  - [39m03/08/2026, 4:49:45 pm [32m    LOG[39m [38;5;3m[RouterExplorer] [39m[32mMapped {/tasks/:id, GET} route[39m[38;5;3m +1ms[39m
[32m[Nest] 52668  - [39m03/08/2026, 4:49:45 pm [32m    LOG[39m [38;5;3m[RouterExplorer] [39m[32mMapped {/tasks/:id/channel, POST} route[39m[38;5;3m +0ms[39m
[32m[Nest] 52668  - [39m03/08/2026, 4:49:45 pm [32m    LOG[39m [38;5;3m[RouterExplorer] [39m[32mMapped {/tasks/:id, PATCH} route[39m[38;5;3m +1ms[39m
[32m[Nest] 52668  - [39m03/08/2026, 4:49:45 pm [32m    LOG[39m [38;5;3m[RouterExplorer] [39m[32mMapped {/tasks/:id/status, PATCH} route[39m[38;5;3m +0ms[39m
[32m[Nest] 52668  - [39m03/08/2026, 4:49:45 pm [32m    LOG[39m [38;5;3m[RouterExplorer] [39m[32mMapped {/tasks/:id, DELETE} route[39m[38;5;3m +1ms[39m
[32m[Nest] 52668  - [39m03/08/2026, 4:49:45 pm [32m    LOG[39m [38;5;3m[RoutesResolver] [39m[32mMeetingsController {/meetings}:[39m[38;5;3m +0ms[39m
[32m[Nest] 52668  - [39m03/08/2026, 4:49:45 pm [32m    LOG[39m [38;5;3m[RouterExplorer] [39m[32mMapped {/meetings, POST} route[39m[38;5;3m +0ms[39m
[32m[Nest] 52668  - [39m03/08/2026, 4:49:45 pm [32m    LOG[39m [38;5;3m[RouterExplorer] [39m[32mMapped {/meetings, GET} route[39m[38;5;3m +1ms[39m
[32m[Nest] 52668  - [39m03/08/2026, 4:49:45 pm [32m    LOG[39m [38;5;3m[RouterExplorer] [39m[32mMapped {/meetings/:id, GET} route[39m[38;5;3m +1ms[39m
[32m[Nest] 52668  - [39m03/08/2026, 4:49:45 pm [32m    LOG[39m [38;5;3m[RouterExplorer] [39m[32mMapped {/meetings/:id, PATCH} route[39m[38;5;3m +0ms[39m
[32m[Nest] 52668  - [39m03/08/2026, 4:49:45 pm [32m    LOG[39m [38;5;3m[RouterExplorer] [39m[32mMapped {/meetings/:id, DELETE} route[39m[38;5;3m +1ms[39m
[32m[Nest] 52668  - [39m03/08/2026, 4:49:45 pm [32m    LOG[39m [38;5;3m[RouterExplorer] [39m[32mMapped {/meetings/:id/join, POST} route[39m[38;5;3m +0ms[39m
[32m[Nest] 52668  - [39m03/08/2026, 4:49:45 pm [32m    LOG[39m [38;5;3m[RouterExplorer] [39m[32mMapped {/meetings/:id/leave, POST} route[39m[38;5;3m +0ms[39m
[32m[Nest] 52668  - [39m03/08/2026, 4:49:45 pm [32m    LOG[39m [38;5;3m[RoutesResolver] [39m[32mDepartmentsController {/departments}:[39m[38;5;3m +1ms[39m
[32m[Nest] 52668  - [39m03/08/2026, 4:49:45 pm [32m    LOG[39m [38;5;3m[RouterExplorer] [39m[32mMapped {/departments, POST} route[39m[38;5;3m +0ms[39m
[32m[Nest] 52668  - [39m03/08/2026, 4:49:45 pm [32m    LOG[39m [38;5;3m[RouterExplorer] [39m[32mMapped {/departments/mine, GET} route[39m[38;5;3m +1ms[39m
[32m[Nest] 52668  - [39m03/08/2026, 4:49:45 pm [32m    LOG[39m [38;5;3m[RouterExplorer] [39m[32mMapped {/departments/:id, GET} route[39m[38;5;3m +0ms[39m
[32m[Nest] 52668  - [39m03/08/2026, 4:49:45 pm [32m    LOG[39m [38;5;3m[RouterExplorer] [39m[32mMapped {/departments/:id, PATCH} route[39m[38;5;3m +0ms[39m
[32m[Nest] 52668  - [39m03/08/2026, 4:49:45 pm [32m    LOG[39m [38;5;3m[RouterExplorer] [39m[32mMapped {/departments/:id, DELETE} route[39m[38;5;3m +1ms[39m
[32m[Nest] 52668  - [39m03/08/2026, 4:49:45 pm [32m    LOG[39m [38;5;3m[RouterExplorer] [39m[32mMapped {/departments/:id/members/:memberId, POST} route[39m[38;5;3m +0ms[39m
[32m[Nest] 52668  - [39m03/08/2026, 4:49:45 pm [32m    LOG[39m [38;5;3m[RouterExplorer] [39m[32mMapped {/departments/:id/members/:memberId, DELETE} route[39m[38;5;3m +1ms[39m
[32m[Nest] 52668  - [39m03/08/2026, 4:49:45 pm [32m    LOG[39m [38;5;3m[RoutesResolver] [39m[32mChannelsController {/channels}:[39m[38;5;3m +0ms[39m
[32m[Nest] 52668  - [39m03/08/2026, 4:49:45 pm [32m    LOG[39m [38;5;3m[RouterExplorer] [39m[32mMapped {/channels, POST} route[39m[38;5;3m +1ms[39m
[32m[Nest] 52668  - [39m03/08/2026, 4:49:45 pm [32m    LOG[39m [38;5;3m[RouterExplorer] [39m[32mMapped {/channels, GET} route[39m[38;5;3m +0ms[39m
[32m[Nest] 52668  - [39m03/08/2026, 4:49:45 pm [32m    LOG[39m [38;5;3m[RouterExplorer] [39m[32mMapped {/channels/:id, GET} route[39m[38;5;3m +0ms[39m
[32m[Nest] 52668  - [39m03/08/2026, 4:49:45 pm [32m    LOG[39m [38;5;3m[RouterExplorer] [39m[32mMapped {/channels/:id, PATCH} route[39m[38;5;3m +1ms[39m
[32m[Nest] 52668  - [39m03/08/2026, 4:49:45 pm [32m    LOG[39m [38;5;3m[RouterExplorer] [39m[32mMapped {/channels/:id, DELETE} route[39m[38;5;3m +1ms[39m
[32m[Nest] 52668  - [39m03/08/2026, 4:49:45 pm [32m    LOG[39m [38;5;3m[RouterExplorer] [39m[32mMapped {/channels/:id/join, POST} route[39m[38;5;3m +0ms[39m
[32m[Nest] 52668  - [39m03/08/2026, 4:49:45 pm [32m    LOG[39m [38;5;3m[RouterExplorer] [39m[32mMapped {/channels/:id/leave, POST} route[39m[38;5;3m +1ms[39m
[32m[Nest] 52668  - [39m03/08/2026, 4:49:45 pm [32m    LOG[39m [38;5;3m[RouterExplorer] [39m[32mMapped {/channels/:id/members, GET} route[39m[38;5;3m +1ms[39m
[32m[Nest] 52668  - [39m03/08/2026, 4:49:45 pm [32m    LOG[39m [38;5;3m[RouterExplorer] [39m[32mMapped {/channels/:id/members/:memberId, POST} route[39m[38;5;3m +0ms[39m
[32m[Nest] 52668  - [39m03/08/2026, 4:49:45 pm [32m    LOG[39m [38;5;3m[RouterExplorer] [39m[32mMapped {/channels/:id/members/:memberId, DELETE} route[39m[38;5;3m +0ms[39m
[32m[Nest] 52668  - [39m03/08/2026, 4:49:45 pm [32m    LOG[39m [38;5;3m[RoutesResolver] [39m[32mNotificationsController {/notifications}:[39m[38;5;3m +0ms[39m
[32m[Nest] 52668  - [39m03/08/2026, 4:49:45 pm [32m    LOG[39m [38;5;3m[RouterExplorer] [39m[32mMapped {/notifications, GET} route[39m[38;5;3m +1ms[39m
[32m[Nest] 52668  - [39m03/08/2026, 4:49:45 pm [32m    LOG[39m [38;5;3m[RouterExplorer] [39m[32mMapped {/notifications/unread-count, GET} route[39m[38;5;3m +0ms[39m
[32m[Nest] 52668  - [39m03/08/2026, 4:49:45 pm [32m    LOG[39m [38;5;3m[RouterExplorer] [39m[32mMapped {/notifications/:id/read, PATCH} route[39m[38;5;3m +0ms[39m
[32m[Nest] 52668  - [39m03/08/2026, 4:49:45 pm [32m    LOG[39m [38;5;3m[RouterExplorer] [39m[32mMapped {/notifications/read-all, PATCH} route[39m[38;5;3m +0ms[39m
[32m[Nest] 52668  - [39m03/08/2026, 4:49:45 pm [32m    LOG[39m [38;5;3m[RouterExplorer] [39m[32mMapped {/notifications/self, POST} route[39m[38;5;3m +1ms[39m
[32m[Nest] 52668  - [39m03/08/2026, 4:49:45 pm [32m    LOG[39m [38;5;3m[RoutesResolver] [39m[32mProjectsController {/projects}:[39m[38;5;3m +0ms[39m
[32m[Nest] 52668  - [39m03/08/2026, 4:49:45 pm [32m    LOG[39m [38;5;3m[RouterExplorer] [39m[32mMapped {/projects, POST} route[39m[38;5;3m +0ms[39m
[32m[Nest] 52668  - [39m03/08/2026, 4:49:45 pm [32m    LOG[39m [38;5;3m[RouterExplorer] [39m[32mMapped {/projects, GET} route[39m[38;5;3m +0ms[39m
[32m[Nest] 52668  - [39m03/08/2026, 4:49:45 pm [32m    LOG[39m [38;5;3m[RouterExplorer] [39m[32mMapped {/projects/:id, GET} route[39m[38;5;3m +0ms[39m
[32m[Nest] 52668  - [39m03/08/2026, 4:49:45 pm [32m    LOG[39m [38;5;3m[RouterExplorer] [39m[32mMapped {/projects/:id, PATCH} route[39m[38;5;3m +1ms[39m
[32m[Nest] 52668  - [39m03/08/2026, 4:49:45 pm [32m    LOG[39m [38;5;3m[RouterExplorer] [39m[32mMapped {/projects/:id, DELETE} route[39m[38;5;3m +0ms[39m
[32m[Nest] 52668  - [39m03/08/2026, 4:49:45 pm [32m    LOG[39m [38;5;3m[RouterExplorer] [39m[32mMapped {/projects/:id/members, GET} route[39m[38;5;3m +0ms[39m
[32m[Nest] 52668  - [39m03/08/2026, 4:49:45 pm [32m    LOG[39m [38;5;3m[RouterExplorer] [39m[32mMapped {/projects/:id/members, POST} route[39m[38;5;3m +1ms[39m
[32m[Nest] 52668  - [39m03/08/2026, 4:49:45 pm [32m    LOG[39m [38;5;3m[RouterExplorer] [39m[32mMapped {/projects/:id/members/:memberId, PATCH} route[39m[38;5;3m +0ms[39m
[32m[Nest] 52668  - [39m03/08/2026, 4:49:45 pm [32m    LOG[39m [38;5;3m[RouterExplorer] [39m[32mMapped {/projects/:id/members/:memberId, DELETE} route[39m[38;5;3m +1ms[39m
[32m[Nest] 52668  - [39m03/08/2026, 4:49:45 pm [32m    LOG[39m [38;5;3m[RoutesResolver] [39m[32mProjectAnnouncementsController {/projects/:projectId/announcements}:[39m[38;5;3m +0ms[39m
[32m[Nest] 52668  - [39m03/08/2026, 4:49:45 pm [32m    LOG[39m [38;5;3m[RouterExplorer] [39m[32mMapped {/projects/:projectId/announcements, GET} route[39m[38;5;3m +1ms[39m
[32m[Nest] 52668  - [39m03/08/2026, 4:49:45 pm [32m    LOG[39m [38;5;3m[RouterExplorer] [39m[32mMapped {/projects/:projectId/announcements, POST} route[39m[38;5;3m +0ms[39m
[32m[Nest] 52668  - [39m03/08/2026, 4:49:45 pm [32m    LOG[39m [38;5;3m[RouterExplorer] [39m[32mMapped {/projects/:projectId/announcements/:id, PATCH} route[39m[38;5;3m +0ms[39m
[32m[Nest] 52668  - [39m03/08/2026, 4:49:45 pm [32m    LOG[39m [38;5;3m[RouterExplorer] [39m[32mMapped {/projects/:projectId/announcements/:id/pin, PATCH} route[39m[38;5;3m +1ms[39m
[32m[Nest] 52668  - [39m03/08/2026, 4:49:45 pm [32m    LOG[39m [38;5;3m[RouterExplorer] [39m[32mMapped {/projects/:projectId/announcements/:id, DELETE} route[39m[38;5;3m +0ms[39m
[32m[Nest] 52668  - [39m03/08/2026, 4:49:45 pm [32m    LOG[39m [38;5;3m[RouterExplorer] [39m[32mMapped {/projects/:projectId/announcements/:id/reactions, POST} route[39m[38;5;3m +0ms[39m
[32m[Nest] 52668  - [39m03/08/2026, 4:49:45 pm [32m    LOG[39m [38;5;3m[RouterExplorer] [39m[32mMapped {/projects/:projectId/announcements/:id/reactions/:emoji, DELETE} route[39m[38;5;3m +0ms[39m
[32m[Nest] 52668  - [39m03/08/2026, 4:49:45 pm [32m    LOG[39m [38;5;3m[RoutesResolver] [39m[32mProjectDocumentsController {/projects/:projectId/documents}:[39m[38;5;3m +0ms[39m
[32m[Nest] 52668  - [39m03/08/2026, 4:49:45 pm [32m    LOG[39m [38;5;3m[RouterExplorer] [39m[32mMapped {/projects/:projectId/documents, POST} route[39m[38;5;3m +1ms[39m
[32m[Nest] 52668  - [39m03/08/2026, 4:49:45 pm [32m    LOG[39m [38;5;3m[RouterExplorer] [39m[32mMapped {/projects/:projectId/documents, GET} route[39m[38;5;3m +1ms[39m
[32m[Nest] 52668  - [39m03/08/2026, 4:49:45 pm [32m    LOG[39m [38;5;3m[RouterExplorer] [39m[32mMapped {/projects/:projectId/documents/:id/download, GET} route[39m[38;5;3m +0ms[39m
[32m[Nest] 52668  - [39m03/08/2026, 4:49:45 pm [32m    LOG[39m [38;5;3m[RouterExplorer] [39m[32mMapped {/projects/:projectId/documents/:id/preview, GET} route[39m[38;5;3m +1ms[39m
[32m[Nest] 52668  - [39m03/08/2026, 4:49:45 pm [32m    LOG[39m [38;5;3m[RouterExplorer] [39m[32mMapped {/projects/:projectId/documents/:id, DELETE} route[39m[38;5;3m +0ms[39m
[32m[Nest] 52668  - [39m03/08/2026, 4:49:45 pm [32m    LOG[39m [38;5;3m[RoutesResolver] [39m[32mProjectMilestonesController {/projects/:projectId/milestones}:[39m[38;5;3m +1ms[39m
[32m[Nest] 52668  - [39m03/08/2026, 4:49:45 pm [32m    LOG[39m [38;5;3m[RouterExplorer] [39m[32mMapped {/projects/:projectId/milestones, GET} route[39m[38;5;3m +0ms[39m
[32m[Nest] 52668  - [39m03/08/2026, 4:49:45 pm [32m    LOG[39m [38;5;3m[RouterExplorer] [39m[32mMapped {/projects/:projectId/milestones, POST} route[39m[38;5;3m +1ms[39m
[32m[Nest] 52668  - [39m03/08/2026, 4:49:45 pm [32m    LOG[39m [38;5;3m[RouterExplorer] [39m[32mMapped {/projects/:projectId/milestones/:id, PATCH} route[39m[38;5;3m +0ms[39m
[32m[Nest] 52668  - [39m03/08/2026, 4:49:45 pm [32m    LOG[39m [38;5;3m[RouterExplorer] [39m[32mMapped {/projects/:projectId/milestones/:id/status, PATCH} route[39m[38;5;3m +1ms[39m
[32m[Nest] 52668  - [39m03/08/2026, 4:49:45 pm [32m    LOG[39m [38;5;3m[RouterExplorer] [39m[32mMapped {/projects/:projectId/milestones/:id/progress, PATCH} route[39m[38;5;3m +0ms[39m
[32m[Nest] 52668  - [39m03/08/2026, 4:49:45 pm [32m    LOG[39m [38;5;3m[RouterExplorer] [39m[32mMapped {/projects/:projectId/milestones/:id, DELETE} route[39m[38;5;3m +1ms[39m
[32m[Nest] 52668  - [39m03/08/2026, 4:49:45 pm [32m    LOG[39m [38;5;3m[RoutesResolver] [39m[32mAiSummaryController {/projects/:projectId/ai-summary}:[39m[38;5;3m +0ms[39m
[32m[Nest] 52668  - [39m03/08/2026, 4:49:45 pm [32m    LOG[39m [38;5;3m[RouterExplorer] [39m[32mMapped {/projects/:projectId/ai-summary, GET} route[39m[38;5;3m +1ms[39m
[32m[Nest] 52668  - [39m03/08/2026, 4:49:45 pm [32m    LOG[39m [38;5;3m[StreamService] [39m[32mStream Chat server client initialized.[39m
Attention: Clerk collects telemetry data from its SDKs when connected to development instances.
The data collected is used to inform Clerk's product roadmap.
To learn more, including how to opt-out from the telemetry program, visit: https://clerk.com/docs/telemetry.

[32m[Nest] 52668  - [39m03/08/2026, 4:49:46 pm [32m    LOG[39m [38;5;3m[NestApplication] [39m[32mNest application successfully started[39m[38;5;3m +756ms[39m
🚀 Application is running on: http://localhost:3001
[32m[Nest] 52668  - [39m03/08/2026, 4:49:49 pm [32m    LOG[39m [38;5;3m[StreamService] [39m[32mStream user synced: user_3HE0SV8kvYSMEx8ggz3MMpOGMYX[39m
[32m[Nest] 52668  - [39m03/08/2026, 4:49:49 pm [32m    LOG[39m [38;5;3m[StreamService] [39m[32mStream user synced: user_3HE0SV8kvYSMEx8ggz3MMpOGMYX[39m
[32m[Nest] 52668  - [39m03/08/2026, 4:49:49 pm [32m    LOG[39m [38;5;3m[StreamService] [39m[32mStream user synced: user_3HE0SV8kvYSMEx8ggz3MMpOGMYX[39m
[32m[Nest] 52668  - [39m03/08/2026, 4:49:49 pm [32m    LOG[39m [38;5;3m[StreamService] [39m[32mStream user synced: user_3HE0SV8kvYSMEx8ggz3MMpOGMYX[39m
[32m[Nest] 52668  - [39m03/08/2026, 4:49:50 pm [32m    LOG[39m [38;5;3m[StreamService] [39m[32mStream user synced: user_3HE0SV8kvYSMEx8ggz3MMpOGMYX[39m
[32m[Nest] 52668  - [39m03/08/2026, 4:49:51 pm [32m    LOG[39m [38;5;3m[StreamService] [39m[32mStream user synced: user_3HE0SV8kvYSMEx8ggz3MMpOGMYX[39m
[32m[Nest] 52668  - [39m03/08/2026, 4:49:52 pm [32m    LOG[39m [38;5;3m[StreamService] [39m[32mStream user synced: user_3HE0SV8kvYSMEx8ggz3MMpOGMYX[39m
[32m[Nest] 52668  - [39m03/08/2026, 4:49:53 pm [32m    LOG[39m [38;5;3m[StreamService] [39m[32mStream user synced: user_3HE0SV8kvYSMEx8ggz3MMpOGMYX[39m
[32m[Nest] 52668  - [39m03/08/2026, 4:49:53 pm [32m    LOG[39m [38;5;3m[StreamService] [39m[32mStream user synced: user_3HE0SV8kvYSMEx8ggz3MMpOGMYX[39m
[32m[Nest] 52668  - [39m03/08/2026, 4:49:53 pm [32m    LOG[39m [38;5;3m[StreamService] [39m[32mStream user synced: user_3HE0SV8kvYSMEx8ggz3MMpOGMYX[39m
[32m[Nest] 52668  - [39m03/08/2026, 4:49:58 pm [32m    LOG[39m [38;5;3m[StreamService] [39m[32mStream user synced: user_3HE0SV8kvYSMEx8ggz3MMpOGMYX[39m
[32m[Nest] 52668  - [39m03/08/2026, 4:49:58 pm [32m    LOG[39m [38;5;3m[StreamService] [39m[32mStream user synced: user_3HE0SV8kvYSMEx8ggz3MMpOGMYX[39m
[32m[Nest] 52668  - [39m03/08/2026, 4:50:02 pm [32m    LOG[39m [38;5;3m[StreamService] [39m[32mStream user synced: user_3HE0SV8kvYSMEx8ggz3MMpOGMYX[39m
[32m[Nest] 52668  - [39m03/08/2026, 4:50:03 pm [32m    LOG[39m [38;5;3m[ChatService] [39m[32mModerator assigned: user_3HE0SV8kvYSMEx8ggz3MMpOGMYX in fbc5ccd6-2241-4ecf-80ba-43f623e94b98[39m
[32m[Nest] 52668  - [39m03/08/2026, 4:50:08 pm [32m    LOG[39m [38;5;3m[StreamService] [39m[32mStream user synced: user_3HE0SV8kvYSMEx8ggz3MMpOGMYX[39m
[32m[Nest] 52668  - [39m03/08/2026, 4:50:08 pm [32m    LOG[39m [38;5;3m[StreamService] [39m[32mStream user synced: user_3HE0SV8kvYSMEx8ggz3MMpOGMYX[39m
[32m[Nest] 52668  - [39m03/08/2026, 4:50:13 pm [32m    LOG[39m [38;5;3m[StreamService] [39m[32mStream user synced: user_3HE0SV8kvYSMEx8ggz3MMpOGMYX[39m
[32m[Nest] 52668  - [39m03/08/2026, 4:50:18 pm [32m    LOG[39m [38;5;3m[StreamService] [39m[32mStream user synced: user_3HE0SV8kvYSMEx8ggz3MMpOGMYX[39m
[32m[Nest] 52668  - [39m03/08/2026, 4:50:18 pm [32m    LOG[39m [38;5;3m[StreamService] [39m[32mStream user synced: user_3HE0SV8kvYSMEx8ggz3MMpOGMYX[39m
[32m[Nest] 52668  - [39m03/08/2026, 4:50:24 pm [32m    LOG[39m [38;5;3m[StreamService] [39m[32mStream user synced: user_3HE0SV8kvYSMEx8ggz3MMpOGMYX[39m
[32m[Nest] 52668  - [39m03/08/2026, 4:50:25 pm [32m    LOG[39m [38;5;3m[StreamService] [39m[32mStream user synced: user_3HE0SV8kvYSMEx8ggz3MMpOGMYX[39m
[32m[Nest] 52668  - [39m03/08/2026, 4:50:25 pm [32m    LOG[39m [38;5;3m[StreamService] [39m[32mStream user synced: user_3HE0SV8kvYSMEx8ggz3MMpOGMYX[39m
[32m[Nest] 52668  - [39m03/08/2026, 4:50:27 pm [32m    LOG[39m [38;5;3m[StreamService] [39m[32mStream user synced: user_3HE0SV8kvYSMEx8ggz3MMpOGMYX[39m
[32m[Nest] 52668  - [39m03/08/2026, 4:50:28 pm [32m    LOG[39m [38;5;3m[StreamService] [39m[32mStream user synced: user_3HE0SV8kvYSMEx8ggz3MMpOGMYX[39m
[32m[Nest] 52668  - [39m03/08/2026, 4:50:28 pm [32m    LOG[39m [38;5;3m[StreamService] [39m[32mStream user synced: user_3HE0SV8kvYSMEx8ggz3MMpOGMYX[39m
[32m[Nest] 52668  - [39m03/08/2026, 4:50:28 pm [32m    LOG[39m [38;5;3m[StreamService] [39m[32mStream user synced: user_3HE0SV8kvYSMEx8ggz3MMpOGMYX[39m
[32m[Nest] 52668  - [39m03/08/2026, 4:50:29 pm [32m    LOG[39m [38;5;3m[StreamService] [39m[32mStream user synced: user_3HE0SV8kvYSMEx8ggz3MMpOGMYX[39m
[32m[Nest] 52668  - [39m03/08/2026, 4:50:30 pm [32m    LOG[39m [38;5;3m[StreamService] [39m[32mStream user synced: user_3HE0SV8kvYSMEx8ggz3MMpOGMYX[39m
[32m[Nest] 52668  - [39m03/08/2026, 4:50:40 pm [32m    LOG[39m [38;5;3m[StreamService] [39m[32mStream user synced: user_3HE0SV8kvYSMEx8ggz3MMpOGMYX[39m
[32m[Nest] 52668  - [39m03/08/2026, 4:50:40 pm [32m    LOG[39m [38;5;3m[StreamService] [39m[32mStream user synced: user_3HE0SV8kvYSMEx8ggz3MMpOGMYX[39m
[32m[Nest] 52668  - [39m03/08/2026, 4:50:49 pm [32m    LOG[39m [38;5;3m[StreamService] [39m[32mStream user synced: user_3HE0SV8kvYSMEx8ggz3MMpOGMYX[39m
[32m[Nest] 52668  - [39m03/08/2026, 4:50:49 pm [32m    LOG[39m [38;5;3m[StreamService] [39m[32mStream user synced: user_3HE0SV8kvYSMEx8ggz3MMpOGMYX[39m
[32m[Nest] 52668  - [39m03/08/2026, 4:50:58 pm [32m    LOG[39m [38;5;3m[StreamService] [39m[32mStream user synced: user_3HE0SV8kvYSMEx8ggz3MMpOGMYX[39m
[32m[Nest] 52668  - [39m03/08/2026, 4:50:59 pm [32m    LOG[39m [38;5;3m[StreamService] [39m[32mStream user synced: user_3HE0SV8kvYSMEx8ggz3MMpOGMYX[39m
[32m[Nest] 52668  - [39m03/08/2026, 4:51:09 pm [32m    LOG[39m [38;5;3m[StreamService] [39m[32mStream user synced: user_3HE0SV8kvYSMEx8ggz3MMpOGMYX[39m
[32m[Nest] 52668  - [39m03/08/2026, 4:51:09 pm [32m    LOG[39m [38;5;3m[StreamService] [39m[32mStream user synced: user_3HE0SV8kvYSMEx8ggz3MMpOGMYX[39m
[32m[Nest] 52668  - [39m03/08/2026, 4:51:18 pm [32m    LOG[39m [38;5;3m[StreamService] [39m[32mStream user synced: user_3HE0SV8kvYSMEx8ggz3MMpOGMYX[39m
[32m[Nest] 52668  - [39m03/08/2026, 4:51:18 pm [32m    LOG[39m [38;5;3m[StreamService] [39m[32mStream user synced: user_3HE0SV8kvYSMEx8ggz3MMpOGMYX[39m
[32m[Nest] 52668  - [39m03/08/2026, 4:51:31 pm [32m    LOG[39m [38;5;3m[StreamService] [39m[32mStream user synced: user_3HE0SV8kvYSMEx8ggz3MMpOGMYX[39m
[32m[Nest] 52668  - [39m03/08/2026, 4:51:31 pm [32m    LOG[39m [38;5;3m[StreamService] [39m[32mStream user synced: user_3HE0SV8kvYSMEx8ggz3MMpOGMYX[39m
[32m[Nest] 52668  - [39m03/08/2026, 4:51:52 pm [32m    LOG[39m [38;5;3m[StreamService] [39m[32mStream user synced: user_3HE0SV8kvYSMEx8ggz3MMpOGMYX[39m
[32m[Nest] 52668  - [39m03/08/2026, 4:51:52 pm [32m    LOG[39m [38;5;3m[StreamService] [39m[32mStream user synced: user_3HE0SV8kvYSMEx8ggz3MMpOGMYX[39m
[32m[Nest] 52668  - [39m03/08/2026, 4:52:52 pm [32m    LOG[39m [38;5;3m[StreamService] [39m[32mStream user synced: user_3HE0SV8kvYSMEx8ggz3MMpOGMYX[39m
[32m[Nest] 52668  - [39m03/08/2026, 4:52:52 pm [32m    LOG[39m [38;5;3m[StreamService] [39m[32mStream user synced: user_3HE0SV8kvYSMEx8ggz3MMpOGMYX[39m
[32m[Nest] 52668  - [39m03/08/2026, 4:53:51 pm [32m    LOG[39m [38;5;3m[StreamService] [39m[32mStream user synced: user_3HE0SV8kvYSMEx8ggz3MMpOGMYX[39m
[32m[Nest] 52668  - [39m03/08/2026, 4:53:52 pm [32m    LOG[39m [38;5;3m[StreamService] [39m[32mStream user synced: user_3HE0SV8kvYSMEx8ggz3MMpOGMYX[39m
[32m[Nest] 52668  - [39m03/08/2026, 4:54:52 pm [32m    LOG[39m [38;5;3m[StreamService] [39m[32mStream user synced: user_3HE0SV8kvYSMEx8ggz3MMpOGMYX[39m
[32m[Nest] 52668  - [39m03/08/2026, 4:54:52 pm [32m    LOG[39m [38;5;3m[StreamService] [39m[32mStream user synced: user_3HE0SV8kvYSMEx8ggz3MMpOGMYX[39m
[32m[Nest] 52668  - [39m03/08/2026, 4:55:51 pm [32m    LOG[39m [38;5;3m[StreamService] [39m[32mStream user synced: user_3HE0SV8kvYSMEx8ggz3MMpOGMYX[39m
[32m[Nest] 52668  - [39m03/08/2026, 4:55:51 pm [32m    LOG[39m [38;5;3m[StreamService] [39m[32mStream user synced: user_3HE0SV8kvYSMEx8ggz3MMpOGMYX[39m
[32m[Nest] 52668  - [39m03/08/2026, 4:56:52 pm [32m    LOG[39m [38;5;3m[StreamService] [39m[32mStream user synced: user_3HE0SV8kvYSMEx8ggz3MMpOGMYX[39m
[32m[Nest] 52668  - [39m03/08/2026, 4:56:52 pm [32m    LOG[39m [38;5;3m[StreamService] [39m[32mStream user synced: user_3HE0SV8kvYSMEx8ggz3MMpOGMYX[39m
[32m[Nest] 52668  - [39m03/08/2026, 4:57:52 pm [32m    LOG[39m [38;5;3m[StreamService] [39m[32mStream user synced: user_3HE0SV8kvYSMEx8ggz3MMpOGMYX[39m
[32m[Nest] 52668  - [39m03/08/2026, 4:57:52 pm [32m    LOG[39m [38;5;3m[StreamService] [39m[32mStream user synced: user_3HE0SV8kvYSMEx8ggz3MMpOGMYX[39m
[32m[Nest] 52668  - [39m03/08/2026, 4:58:52 pm [32m    LOG[39m [38;5;3m[StreamService] [39m[32mStream user synced: user_3HE0SV8kvYSMEx8ggz3MMpOGMYX[39m
[32m[Nest] 52668  - [39m03/08/2026, 4:58:52 pm [32m    LOG[39m [38;5;3m[StreamService] [39m[32mStream user synced: user_3HE0SV8kvYSMEx8ggz3MMpOGMYX[39m
[32m[Nest] 52668  - [39m03/08/2026, 4:59:51 pm [32m    LOG[39m [38;5;3m[StreamService] [39m[32mStream user synced: user_3HE0SV8kvYSMEx8ggz3MMpOGMYX[39m
[32m[Nest] 52668  - [39m03/08/2026, 4:59:51 pm [32m    LOG[39m [38;5;3m[StreamService] [39m[32mStream user synced: user_3HE0SV8kvYSMEx8ggz3MMpOGMYX[39m
[32m[Nest] 52668  - [39m03/08/2026, 5:00:52 pm [32m    LOG[39m [38;5;3m[StreamService] [39m[32mStream user synced: user_3HE0SV8kvYSMEx8ggz3MMpOGMYX[39m
[32m[Nest] 52668  - [39m03/08/2026, 5:00:53 pm [32m    LOG[39m [38;5;3m[StreamService] [39m[32mStream user synced: user_3HE0SV8kvYSMEx8ggz3MMpOGMYX[39m
[32m[Nest] 52668  - [39m03/08/2026, 5:01:52 pm [32m    LOG[39m [38;5;3m[StreamService] [39m[32mStream user synced: user_3HE0SV8kvYSMEx8ggz3MMpOGMYX[39m
[32m[Nest] 52668  - [39m03/08/2026, 5:01:54 pm [32m    LOG[39m [38;5;3m[StreamService] [39m[32mStream user synced: user_3HE0SV8kvYSMEx8ggz3MMpOGMYX[39m
[32m[Nest] 52668  - [39m03/08/2026, 5:02:53 pm [32m    LOG[39m [38;5;3m[StreamService] [39m[32mStream user synced: user_3HE0SV8kvYSMEx8ggz3MMpOGMYX[39m
[32m[Nest] 52668  - [39m03/08/2026, 5:02:53 pm [32m    LOG[39m [38;5;3m[StreamService] [39m[32mStream user synced: user_3HE0SV8kvYSMEx8ggz3MMpOGMYX[39m
[32m[Nest] 52668  - [39m03/08/2026, 5:03:19 pm [32m    LOG[39m [38;5;3m[StreamService] [39m[32mStream user synced: user_3HE0SV8kvYSMEx8ggz3MMpOGMYX[39m
[32m[Nest] 52668  - [39m03/08/2026, 5:03:19 pm [32m    LOG[39m [38;5;3m[StreamService] [39m[32mStream user synced: user_3HE0SV8kvYSMEx8ggz3MMpOGMYX[39m
[32m[Nest] 52668  - [39m03/08/2026, 5:03:28 pm [32m    LOG[39m [38;5;3m[StreamService] [39m[32mStream user synced: user_3HE0SV8kvYSMEx8ggz3MMpOGMYX[39m
[32m[Nest] 52668  - [39m03/08/2026, 5:03:28 pm [32m    LOG[39m [38;5;3m[StreamService] [39m[32mStream user synced: user_3HE0SV8kvYSMEx8ggz3MMpOGMYX[39m
[32m[Nest] 52668  - [39m03/08/2026, 5:03:38 pm [32m    LOG[39m [38;5;3m[StreamService] [39m[32mStream user synced: user_3HE0SV8kvYSMEx8ggz3MMpOGMYX[39m
[32m[Nest] 52668  - [39m03/08/2026, 5:03:38 pm [32m    LOG[39m [38;5;3m[StreamService] [39m[32mStream user synced: user_3HE0SV8kvYSMEx8ggz3MMpOGMYX[39m
[32m[Nest] 52668  - [39m03/08/2026, 5:03:48 pm [32m    LOG[39m [38;5;3m[StreamService] [39m[32mStream user synced: user_3HE0SV8kvYSMEx8ggz3MMpOGMYX[39m
[32m[Nest] 52668  - [39m03/08/2026, 5:03:48 pm [32m    LOG[39m [38;5;3m[StreamService] [39m[32mStream user synced: user_3HE0SV8kvYSMEx8ggz3MMpOGMYX[39m
[32m[Nest] 52668  - [39m03/08/2026, 5:03:58 pm [32m    LOG[39m [38;5;3m[StreamService] [39m[32mStream user synced: user_3HE0SV8kvYSMEx8ggz3MMpOGMYX[39m
[32m[Nest] 52668  - [39m03/08/2026, 5:03:58 pm [32m    LOG[39m [38;5;3m[StreamService] [39m[32mStream user synced: user_3HE0SV8kvYSMEx8ggz3MMpOGMYX[39m
[32m[Nest] 52668  - [39m03/08/2026, 5:04:08 pm [32m    LOG[39m [38;5;3m[StreamService] [39m[32mStream user synced: user_3HE0SV8kvYSMEx8ggz3MMpOGMYX[39m
[32m[Nest] 52668  - [39m03/08/2026, 5:04:08 pm [32m    LOG[39m [38;5;3m[StreamService] [39m[32mStream user synced: user_3HE0SV8kvYSMEx8ggz3MMpOGMYX[39m
[32m[Nest] 52668  - [39m03/08/2026, 5:04:18 pm [32m    LOG[39m [38;5;3m[StreamService] [39m[32mStream user synced: user_3HE0SV8kvYSMEx8ggz3MMpOGMYX[39m
[32m[Nest] 52668  - [39m03/08/2026, 5:04:18 pm [32m    LOG[39m [38;5;3m[StreamService] [39m[32mStream user synced: user_3HE0SV8kvYSMEx8ggz3MMpOGMYX[39m
[32m[Nest] 52668  - [39m03/08/2026, 5:04:28 pm [32m    LOG[39m [38;5;3m[StreamService] [39m[32mStream user synced: user_3HE0SV8kvYSMEx8ggz3MMpOGMYX[39m
[32m[Nest] 52668  - [39m03/08/2026, 5:04:28 pm [32m    LOG[39m [38;5;3m[StreamService] [39m[32mStream user synced: user_3HE0SV8kvYSMEx8ggz3MMpOGMYX[39m
[32m[Nest] 52668  - [39m03/08/2026, 5:04:38 pm [32m    LOG[39m [38;5;3m[StreamService] [39m[32mStream user synced: user_3HE0SV8kvYSMEx8ggz3MMpOGMYX[39m
[32m[Nest] 52668  - [39m03/08/2026, 5:04:38 pm [32m    LOG[39m [38;5;3m[StreamService] [39m[32mStream user synced: user_3HE0SV8kvYSMEx8ggz3MMpOGMYX[39m
[32m[Nest] 52668  - [39m03/08/2026, 5:04:48 pm [32m    LOG[39m [38;5;3m[StreamService] [39m[32mStream user synced: user_3HE0SV8kvYSMEx8ggz3MMpOGMYX[39m
[32m[Nest] 52668  - [39m03/08/2026, 5:04:48 pm [32m    LOG[39m [38;5;3m[StreamService] [39m[32mStream user synced: user_3HE0SV8kvYSMEx8ggz3MMpOGMYX[39m
[32m[Nest] 52668  - [39m03/08/2026, 5:04:58 pm [32m    LOG[39m [38;5;3m[StreamService] [39m[32mStream user synced: user_3HE0SV8kvYSMEx8ggz3MMpOGMYX[39m
[32m[Nest] 52668  - [39m03/08/2026, 5:04:58 pm [32m    LOG[39m [38;5;3m[StreamService] [39m[32mStream user synced: user_3HE0SV8kvYSMEx8ggz3MMpOGMYX[39m
[32m[Nest] 52668  - [39m03/08/2026, 5:05:08 pm [32m    LOG[39m [38;5;3m[StreamService] [39m[32mStream user synced: user_3HE0SV8kvYSMEx8ggz3MMpOGMYX[39m
[32m[Nest] 52668  - [39m03/08/2026, 5:05:08 pm [32m    LOG[39m [38;5;3m[StreamService] [39m[32mStream user synced: user_3HE0SV8kvYSMEx8ggz3MMpOGMYX[39m
[32m[Nest] 52668  - [39m03/08/2026, 5:05:18 pm [32m    LOG[39m [38;5;3m[StreamService] [39m[32mStream user synced: user_3HE0SV8kvYSMEx8ggz3MMpOGMYX[39m
[32m[Nest] 52668  - [39m03/08/2026, 5:05:18 pm [32m    LOG[39m [38;5;3m[StreamService] [39m[32mStream user synced: user_3HE0SV8kvYSMEx8ggz3MMpOGMYX[39m
[32m[Nest] 52668  - [39m03/08/2026, 5:05:28 pm [32m    LOG[39m [38;5;3m[StreamService] [39m[32mStream user synced: user_3HE0SV8kvYSMEx8ggz3MMpOGMYX[39m
[32m[Nest] 52668  - [39m03/08/2026, 5:05:28 pm [32m    LOG[39m [38;5;3m[StreamService] [39m[32mStream user synced: user_3HE0SV8kvYSMEx8ggz3MMpOGMYX[39m
[32m[Nest] 52668  - [39m03/08/2026, 5:05:38 pm [32m    LOG[39m [38;5;3m[StreamService] [39m[32mStream user synced: user_3HE0SV8kvYSMEx8ggz3MMpOGMYX[39m
[32m[Nest] 52668  - [39m03/08/2026, 5:05:38 pm [32m    LOG[39m [38;5;3m[StreamService] [39m[32mStream user synced: user_3HE0SV8kvYSMEx8ggz3MMpOGMYX[39m
[32m[Nest] 52668  - [39m03/08/2026, 5:05:48 pm [32m    LOG[39m [38;5;3m[StreamService] [39m[32mStream user synced: user_3HE0SV8kvYSMEx8ggz3MMpOGMYX[39m
[32m[Nest] 52668  - [39m03/08/2026, 5:05:48 pm [32m    LOG[39m [38;5;3m[StreamService] [39m[32mStream user synced: user_3HE0SV8kvYSMEx8ggz3MMpOGMYX[39m
[32m[Nest] 52668  - [39m03/08/2026, 5:05:59 pm [32m    LOG[39m [38;5;3m[StreamService] [39m[32mStream user synced: user_3HE0SV8kvYSMEx8ggz3MMpOGMYX[39m
[32m[Nest] 52668  - [39m03/08/2026, 5:05:59 pm [32m    LOG[39m [38;5;3m[StreamService] [39m[32mStream user synced: user_3HE0SV8kvYSMEx8ggz3MMpOGMYX[39m
[32m[Nest] 52668  - [39m03/08/2026, 5:06:08 pm [32m    LOG[39m [38;5;3m[StreamService] [39m[32mStream user synced: user_3HE0SV8kvYSMEx8ggz3MMpOGMYX[39m
[32m[Nest] 52668  - [39m03/08/2026, 5:06:08 pm [32m    LOG[39m [38;5;3m[StreamService] [39m[32mStream user synced: user_3HE0SV8kvYSMEx8ggz3MMpOGMYX[39m
[32m[Nest] 52668  - [39m03/08/2026, 5:06:18 pm [32m    LOG[39m [38;5;3m[StreamService] [39m[32mStream user synced: user_3HE0SV8kvYSMEx8ggz3MMpOGMYX[39m
[32m[Nest] 52668  - [39m03/08/2026, 5:06:18 pm [32m    LOG[39m [38;5;3m[StreamService] [39m[32mStream user synced: user_3HE0SV8kvYSMEx8ggz3MMpOGMYX[39m
[32m[Nest] 52668  - [39m03/08/2026, 5:06:28 pm [32m    LOG[39m [38;5;3m[StreamService] [39m[32mStream user synced: user_3HE0SV8kvYSMEx8ggz3MMpOGMYX[39m
[32m[Nest] 52668  - [39m03/08/2026, 5:06:29 pm [32m    LOG[39m [38;5;3m[StreamService] [39m[32mStream user synced: user_3HE0SV8kvYSMEx8ggz3MMpOGMYX[39m
[32m[Nest] 52668  - [39m03/08/2026, 5:06:39 pm [32m    LOG[39m [38;5;3m[StreamService] [39m[32mStream user synced: user_3HE0SV8kvYSMEx8ggz3MMpOGMYX[39m
[32m[Nest] 52668  - [39m03/08/2026, 5:06:39 pm [32m    LOG[39m [38;5;3m[StreamService] [39m[32mStream user synced: user_3HE0SV8kvYSMEx8ggz3MMpOGMYX[39m
[32m[Nest] 52668  - [39m03/08/2026, 5:06:52 pm [32m    LOG[39m [38;5;3m[StreamService] [39m[32mStream user synced: user_3HE0SV8kvYSMEx8ggz3MMpOGMYX[39m
[32m[Nest] 52668  - [39m03/08/2026, 5:06:52 pm [32m    LOG[39m [38;5;3m[StreamService] [39m[32mStream user synced: user_3HE0SV8kvYSMEx8ggz3MMpOGMYX[39m
[32m[Nest] 52668  - [39m03/08/2026, 5:07:52 pm [32m    LOG[39m [38;5;3m[StreamService] [39m[32mStream user synced: user_3HE0SV8kvYSMEx8ggz3MMpOGMYX[39m
[32m[Nest] 52668  - [39m03/08/2026, 5:07:52 pm [32m    LOG[39m [38;5;3m[StreamService] [39m[32mStream user synced: user_3HE0SV8kvYSMEx8ggz3MMpOGMYX[39m
[32m[Nest] 52668  - [39m03/08/2026, 5:08:52 pm [32m    LOG[39m [38;5;3m[StreamService] [39m[32mStream user synced: user_3HE0SV8kvYSMEx8ggz3MMpOGMYX[39m
[32m[Nest] 52668  - [39m03/08/2026, 5:09:04 pm [32m    LOG[39m [38;5;3m[StreamService] [39m[32mStream user synced: user_3HE0SV8kvYSMEx8ggz3MMpOGMYX[39m
[32m[Nest] 52668  - [39m03/08/2026, 5:09:51 pm [32m    LOG[39m [38;5;3m[StreamService] [39m[32mStream user synced: user_3HE0SV8kvYSMEx8ggz3MMpOGMYX[39m
[32m[Nest] 52668  - [39m03/08/2026, 5:09:51 pm [32m    LOG[39m [38;5;3m[StreamService] [39m[32mStream user synced: user_3HE0SV8kvYSMEx8ggz3MMpOGMYX[39m
[32m[Nest] 52668  - [39m03/08/2026, 5:10:52 pm [32m    LOG[39m [38;5;3m[StreamService] [39m[32mStream user synced: user_3HE0SV8kvYSMEx8ggz3MMpOGMYX[39m
[32m[Nest] 52668  - [39m03/08/2026, 5:10:52 pm [32m    LOG[39m [38;5;3m[StreamService] [39m[32mStream user synced: user_3HE0SV8kvYSMEx8ggz3MMpOGMYX[39m
[32m[Nest] 52668  - [39m03/08/2026, 5:11:52 pm [32m    LOG[39m [38;5;3m[StreamService] [39m[32mStream user synced: user_3HE0SV8kvYSMEx8ggz3MMpOGMYX[39m
[32m[Nest] 52668  - [39m03/08/2026, 5:11:52 pm [32m    LOG[39m [38;5;3m[StreamService] [39m[32mStream user synced: user_3HE0SV8kvYSMEx8ggz3MMpOGMYX[39m
[32m[Nest] 52668  - [39m03/08/2026, 5:12:52 pm [32m    LOG[39m [38;5;3m[StreamService] [39m[32mStream user synced: user_3HE0SV8kvYSMEx8ggz3MMpOGMYX[39m
[32m[Nest] 52668  - [39m03/08/2026, 5:12:52 pm [32m    LOG[39m [38;5;3m[StreamService] [39m[32mStream user synced: user_3HE0SV8kvYSMEx8ggz3MMpOGMYX[39m
[32m[Nest] 52668  - [39m03/08/2026, 5:13:52 pm [32m    LOG[39m [38;5;3m[StreamService] [39m[32mStream user synced: user_3HE0SV8kvYSMEx8ggz3MMpOGMYX[39m
[32m[Nest] 52668  - [39m03/08/2026, 5:13:52 pm [32m    LOG[39m [38;5;3m[StreamService] [39m[32mStream user synced: user_3HE0SV8kvYSMEx8ggz3MMpOGMYX[39m
[32m[Nest] 52668  - [39m03/08/2026, 5:15:00 pm [32m    LOG[39m [38;5;3m[StreamService] [39m[32mStream user synced: user_3HE0SV8kvYSMEx8ggz3MMpOGMYX[39m
[31m[Nest] 52668  - [39m03/08/2026, 5:15:02 pm [31m  ERROR[39m [38;5;3m[ExceptionsHandler] [39mClerkAPIResponseError
    at UserAPI.request [90m(C:\Users\Chirag Gupta\Desktop\enterprise-productivity\enterprise-productivity-backend\[39mnode_modules\[4m@clerk\backend[24m\src\api\request.ts:285:21[90m)[39m
[90m    at process.processTicksAndRejections (node:internal/process/task_queues:104:5)[39m
    at async ClerkAuthGuard.canActivate [90m(C:\Users\Chirag Gupta\Desktop\enterprise-productivity\enterprise-productivity-backend\[39msrc\clerk\clerk-auth.guard.ts:45:23[90m)[39m
    at async GuardsConsumer.tryActivate [90m(C:\Users\Chirag Gupta\Desktop\enterprise-productivity\enterprise-productivity-backend\[39mnode_modules\[4m@nestjs\core[24m\guards\guards-consumer.js:22:17[90m)[39m
    at async canActivateFn [90m(C:\Users\Chirag Gupta\Desktop\enterprise-productivity\enterprise-productivity-backend\[39mnode_modules\[4m@nestjs\core[24m\router\router-execution-context.js:138:33[90m)[39m
    at async [90mC:\Users\Chirag Gupta\Desktop\enterprise-productivity\enterprise-productivity-backend\[39mnode_modules\[4m@nestjs\core[24m\router\router-execution-context.js:42:31
    at async [90mC:\Users\Chirag Gupta\Desktop\enterprise-productivity\enterprise-productivity-backend\[39mnode_modules\[4m@nestjs\core[24m\router\router-proxy.js:9:17 {
  cause: [90mundefined[39m,
  clerkError: [33mtrue[39m,
  code: [32m'api_response_error'[39m,
  longMessage: [90mundefined[39m,
  docsUrl: [90mundefined[39m,
  status: [90mundefined[39m,
  clerkTraceId: [32m''[39m,
  retryAfter: [90mundefined[39m,
  errors: [
    {
      code: [32m'unexpected_error'[39m,
      message: [32m'fetch failed'[39m
    }
  ]
}
[32m[Nest] 52668  - [39m03/08/2026, 5:15:52 pm [32m    LOG[39m [38;5;3m[StreamService] [39m[32mStream user synced: user_3HE0SV8kvYSMEx8ggz3MMpOGMYX[39m
[32m[Nest] 52668  - [39m03/08/2026, 5:15:52 pm [32m    LOG[39m [38;5;3m[StreamService] [39m[32mStream user synced: user_3HE0SV8kvYSMEx8ggz3MMpOGMYX[39m
[32m[Nest] 52668  - [39m03/08/2026, 5:16:52 pm [32m    LOG[39m [38;5;3m[StreamService] [39m[32mStream user synced: user_3HE0SV8kvYSMEx8ggz3MMpOGMYX[39m
[32m[Nest] 52668  - [39m03/08/2026, 5:16:52 pm [32m    LOG[39m [38;5;3m[StreamService] [39m[32mStream user synced: user_3HE0SV8kvYSMEx8ggz3MMpOGMYX[39m
[32m[Nest] 52668  - [39m03/08/2026, 5:17:52 pm [32m    LOG[39m [38;5;3m[StreamService] [39m[32mStream user synced: user_3HE0SV8kvYSMEx8ggz3MMpOGMYX[39m
[32m[Nest] 52668  - [39m03/08/2026, 5:17:52 pm [32m    LOG[39m [38;5;3m[StreamService] [39m[32mStream user synced: user_3HE0SV8kvYSMEx8ggz3MMpOGMYX[39m
[32m[Nest] 52668  - [39m03/08/2026, 5:18:52 pm [32m    LOG[39m [38;5;3m[StreamService] [39m[32mStream user synced: user_3HE0SV8kvYSMEx8ggz3MMpOGMYX[39m
[32m[Nest] 52668  - [39m03/08/2026, 5:18:52 pm [32m    LOG[39m [38;5;3m[StreamService] [39m[32mStream user synced: user_3HE0SV8kvYSMEx8ggz3MMpOGMYX[39m
[32m[Nest] 52668  - [39m03/08/2026, 5:19:54 pm [32m    LOG[39m [38;5;3m[StreamService] [39m[32mStream user synced: user_3HE0SV8kvYSMEx8ggz3MMpOGMYX[39m
[32m[Nest] 52668  - [39m03/08/2026, 5:19:54 pm [32m    LOG[39m [38;5;3m[StreamService] [39m[32mStream user synced: user_3HE0SV8kvYSMEx8ggz3MMpOGMYX[39m
[32m[Nest] 52668  - [39m03/08/2026, 5:20:51 pm [32m    LOG[39m [38;5;3m[StreamService] [39m[32mStream user synced: user_3HE0SV8kvYSMEx8ggz3MMpOGMYX[39m
[32m[Nest] 52668  - [39m03/08/2026, 5:20:52 pm [32m    LOG[39m [38;5;3m[StreamService] [39m[32mStream user synced: user_3HE0SV8kvYSMEx8ggz3MMpOGMYX[39m
[32m[Nest] 52668  - [39m03/08/2026, 5:21:52 pm [32m    LOG[39m [38;5;3m[StreamService] [39m[32mStream user synced: user_3HE0SV8kvYSMEx8ggz3MMpOGMYX[39m
[32m[Nest] 52668  - [39m03/08/2026, 5:21:52 pm [32m    LOG[39m [38;5;3m[StreamService] [39m[32mStream user synced: user_3HE0SV8kvYSMEx8ggz3MMpOGMYX[39m
[32m[Nest] 52668  - [39m03/08/2026, 5:22:52 pm [32m    LOG[39m [38;5;3m[StreamService] [39m[32mStream user synced: user_3HE0SV8kvYSMEx8ggz3MMpOGMYX[39m
[32m[Nest] 52668  - [39m03/08/2026, 5:22:52 pm [32m    LOG[39m [38;5;3m[StreamService] [39m[32mStream user synced: user_3HE0SV8kvYSMEx8ggz3MMpOGMYX[39m
[32m[Nest] 52668  - [39m03/08/2026, 5:23:52 pm [32m    LOG[39m [38;5;3m[StreamService] [39m[32mStream user synced: user_3HE0SV8kvYSMEx8ggz3MMpOGMYX[39m
[32m[Nest] 52668  - [39m03/08/2026, 5:23:52 pm [32m    LOG[39m [38;5;3m[StreamService] [39m[32mStream user synced: user_3HE0SV8kvYSMEx8ggz3MMpOGMYX[39m
[32m[Nest] 52668  - [39m03/08/2026, 5:24:52 pm [32m    LOG[39m [38;5;3m[StreamService] [39m[32mStream user synced: user_3HE0SV8kvYSMEx8ggz3MMpOGMYX[39m
[32m[Nest] 52668  - [39m03/08/2026, 5:24:52 pm [32m    LOG[39m [38;5;3m[StreamService] [39m[32mStream user synced: user_3HE0SV8kvYSMEx8ggz3MMpOGMYX[39m
[32m[Nest] 52668  - [39m03/08/2026, 5:25:52 pm [32m    LOG[39m [38;5;3m[StreamService] [39m[32mStream user synced: user_3HE0SV8kvYSMEx8ggz3MMpOGMYX[39m
[32m[Nest] 52668  - [39m03/08/2026, 5:25:52 pm [32m    LOG[39m [38;5;3m[StreamService] [39m[32mStream user synced: user_3HE0SV8kvYSMEx8ggz3MMpOGMYX[39m
[32m[Nest] 52668  - [39m03/08/2026, 5:26:52 pm [32m    LOG[39m [38;5;3m[StreamService] [39m[32mStream user synced: user_3HE0SV8kvYSMEx8ggz3MMpOGMYX[39m
[32m[Nest] 52668  - [39m03/08/2026, 5:26:52 pm [32m    LOG[39m [38;5;3m[StreamService] [39m[32mStream user synced: user_3HE0SV8kvYSMEx8ggz3MMpOGMYX[39m
[32m[Nest] 52668  - [39m03/08/2026, 5:27:51 pm [32m    LOG[39m [38;5;3m[StreamService] [39m[32mStream user synced: user_3HE0SV8kvYSMEx8ggz3MMpOGMYX[39m
[32m[Nest] 52668  - [39m03/08/2026, 5:27:52 pm [32m    LOG[39m [38;5;3m[StreamService] [39m[32mStream user synced: user_3HE0SV8kvYSMEx8ggz3MMpOGMYX[39m
[32m[Nest] 52668  - [39m03/08/2026, 5:28:52 pm [32m    LOG[39m [38;5;3m[StreamService] [39m[32mStream user synced: user_3HE0SV8kvYSMEx8ggz3MMpOGMYX[39m
[32m[Nest] 52668  - [39m03/08/2026, 5:28:52 pm [32m    LOG[39m [38;5;3m[StreamService] [39m[32mStream user synced: user_3HE0SV8kvYSMEx8ggz3MMpOGMYX[39m
[32m[Nest] 52668  - [39m03/08/2026, 5:29:52 pm [32m    LOG[39m [38;5;3m[StreamService] [39m[32mStream user synced: user_3HE0SV8kvYSMEx8ggz3MMpOGMYX[39m
[32m[Nest] 52668  - [39m03/08/2026, 5:29:52 pm [32m    LOG[39m [38;5;3m[StreamService] [39m[32mStream user synced: user_3HE0SV8kvYSMEx8ggz3MMpOGMYX[39m
[32m[Nest] 52668  - [39m03/08/2026, 5:30:43 pm [32m    LOG[39m [38;5;3m[StreamService] [39m[32mStream user synced: user_3HE0SV8kvYSMEx8ggz3MMpOGMYX[39m
[32m[Nest] 52668  - [39m03/08/2026, 5:30:43 pm [32m    LOG[39m [38;5;3m[StreamService] [39m[32mStream user synced: user_3HE0SV8kvYSMEx8ggz3MMpOGMYX[39m
[32m[Nest] 52668  - [39m03/08/2026, 5:30:48 pm [32m    LOG[39m [38;5;3m[StreamService] [39m[32mStream user synced: user_3HE0SV8kvYSMEx8ggz3MMpOGMYX[39m
[32m[Nest] 52668  - [39m03/08/2026, 5:30:48 pm [32m    LOG[39m [38;5;3m[StreamService] [39m[32mStream user synced: user_3HE0SV8kvYSMEx8ggz3MMpOGMYX[39m
[32m[Nest] 52668  - [39m03/08/2026, 5:30:58 pm [32m    LOG[39m [38;5;3m[StreamService] [39m[32mStream user synced: user_3HE0SV8kvYSMEx8ggz3MMpOGMYX[39m
[32m[Nest] 52668  - [39m03/08/2026, 5:30:58 pm [32m    LOG[39m [38;5;3m[StreamService] [39m[32mStream user synced: user_3HE0SV8kvYSMEx8ggz3MMpOGMYX[39m
[32m[Nest] 52668  - [39m03/08/2026, 5:31:08 pm [32m    LOG[39m [38;5;3m[StreamService] [39m[32mStream user synced: user_3HE0SV8kvYSMEx8ggz3MMpOGMYX[39m
[32m[Nest] 52668  - [39m03/08/2026, 5:31:08 pm [32m    LOG[39m [38;5;3m[StreamService] [39m[32mStream user synced: user_3HE0SV8kvYSMEx8ggz3MMpOGMYX[39m
[32m[Nest] 52668  - [39m03/08/2026, 5:31:18 pm [32m    LOG[39m [38;5;3m[StreamService] [39m[32mStream user synced: user_3HE0SV8kvYSMEx8ggz3MMpOGMYX[39m
[32m[Nest] 52668  - [39m03/08/2026, 5:31:18 pm [32m    LOG[39m [38;5;3m[StreamService] [39m[32mStream user synced: user_3HE0SV8kvYSMEx8ggz3MMpOGMYX[39m
[32m[Nest] 52668  - [39m03/08/2026, 5:31:28 pm [32m    LOG[39m [38;5;3m[StreamService] [39m[32mStream user synced: user_3HE0SV8kvYSMEx8ggz3MMpOGMYX[39m
[32m[Nest] 52668  - [39m03/08/2026, 5:31:28 pm [32m    LOG[39m [38;5;3m[StreamService] [39m[32mStream user synced: user_3HE0SV8kvYSMEx8ggz3MMpOGMYX[39m
[32m[Nest] 52668  - [39m03/08/2026, 5:31:38 pm [32m    LOG[39m [38;5;3m[StreamService] [39m[32mStream user synced: user_3HE0SV8kvYSMEx8ggz3MMpOGMYX[39m
[32m[Nest] 52668  - [39m03/08/2026, 5:31:38 pm [32m    LOG[39m [38;5;3m[StreamService] [39m[32mStream user synced: user_3HE0SV8kvYSMEx8ggz3MMpOGMYX[39m
[32m[Nest] 52668  - [39m03/08/2026, 5:31:48 pm [32m    LOG[39m [38;5;3m[StreamService] [39m[32mStream user synced: user_3HE0SV8kvYSMEx8ggz3MMpOGMYX[39m
[32m[Nest] 52668  - [39m03/08/2026, 5:31:48 pm [32m    LOG[39m [38;5;3m[StreamService] [39m[32mStream user synced: user_3HE0SV8kvYSMEx8ggz3MMpOGMYX[39m
[32m[Nest] 52668  - [39m03/08/2026, 5:31:58 pm [32m    LOG[39m [38;5;3m[StreamService] [39m[32mStream user synced: user_3HE0SV8kvYSMEx8ggz3MMpOGMYX[39m
[32m[Nest] 52668  - [39m03/08/2026, 5:31:58 pm [32m    LOG[39m [38;5;3m[StreamService] [39m[32mStream user synced: user_3HE0SV8kvYSMEx8ggz3MMpOGMYX[39m
[32m[Nest] 52668  - [39m03/08/2026, 5:32:08 pm [32m    LOG[39m [38;5;3m[StreamService] [39m[32mStream user synced: user_3HE0SV8kvYSMEx8ggz3MMpOGMYX[39m
[32m[Nest] 52668  - [39m03/08/2026, 5:32:08 pm [32m    LOG[39m [38;5;3m[StreamService] [39m[32mStream user synced: user_3HE0SV8kvYSMEx8ggz3MMpOGMYX[39m
[32m[Nest] 52668  - [39m03/08/2026, 5:32:12 pm [32m    LOG[39m [38;5;3m[StreamService] [39m[32mStream user synced: user_3HE0SV8kvYSMEx8ggz3MMpOGMYX[39m
[32m[Nest] 52668  - [39m03/08/2026, 5:32:12 pm [32m    LOG[39m [38;5;3m[StreamService] [39m[32mStream user synced: user_3HE0SV8kvYSMEx8ggz3MMpOGMYX[39m
[32m[Nest] 52668  - [39m03/08/2026, 5:32:12 pm [32m    LOG[39m [38;5;3m[StreamService] [39m[32mStream user synced: user_3HE0SV8kvYSMEx8ggz3MMpOGMYX[39m
[32m[Nest] 52668  - [39m03/08/2026, 5:32:12 pm [32m    LOG[39m [38;5;3m[StreamService] [39m[32mStream user synced: user_3HE0SV8kvYSMEx8ggz3MMpOGMYX[39m
[32m[Nest] 52668  - [39m03/08/2026, 5:32:13 pm [32m    LOG[39m [38;5;3m[StreamService] [39m[32mStream user synced: user_3HE0SV8kvYSMEx8ggz3MMpOGMYX[39m
[32m[Nest] 52668  - [39m03/08/2026, 5:32:14 pm [32m    LOG[39m [38;5;3m[StreamService] [39m[32mStream user synced: user_3HE0SV8kvYSMEx8ggz3MMpOGMYX[39m
[32m[Nest] 52668  - [39m03/08/2026, 5:32:21 pm [32m    LOG[39m [38;5;3m[StreamService] [39m[32mStream user synced: user_3HE0SV8kvYSMEx8ggz3MMpOGMYX[39m
[32m[Nest] 52668  - [39m03/08/2026, 5:32:21 pm [32m    LOG[39m [38;5;3m[StreamService] [39m[32mStream user synced: user_3HE0SV8kvYSMEx8ggz3MMpOGMYX[39m
[32m[Nest] 52668  - [39m03/08/2026, 5:32:31 pm [32m    LOG[39m [38;5;3m[StreamService] [39m[32mStream user synced: user_3HE0SV8kvYSMEx8ggz3MMpOGMYX[39m
[32m[Nest] 52668  - [39m03/08/2026, 5:32:31 pm [32m    LOG[39m [38;5;3m[StreamService] [39m[32mStream user synced: user_3HE0SV8kvYSMEx8ggz3MMpOGMYX[39m
[32m[Nest] 52668  - [39m03/08/2026, 5:32:41 pm [32m    LOG[39m [38;5;3m[StreamService] [39m[32mStream user synced: user_3HE0SV8kvYSMEx8ggz3MMpOGMYX[39m
[32m[Nest] 52668  - [39m03/08/2026, 5:32:41 pm [32m    LOG[39m [38;5;3m[StreamService] [39m[32mStream user synced: user_3HE0SV8kvYSMEx8ggz3MMpOGMYX[39m
[32m[Nest] 52668  - [39m03/08/2026, 5:32:51 pm [32m    LOG[39m [38;5;3m[StreamService] [39m[32mStream user synced: user_3HE0SV8kvYSMEx8ggz3MMpOGMYX[39m
[32m[Nest] 52668  - [39m03/08/2026, 5:32:51 pm [32m    LOG[39m [38;5;3m[StreamService] [39m[32mStream user synced: user_3HE0SV8kvYSMEx8ggz3MMpOGMYX[39m
[32m[Nest] 52668  - [39m03/08/2026, 5:33:01 pm [32m    LOG[39m [38;5;3m[StreamService] [39m[32mStream user synced: user_3HE0SV8kvYSMEx8ggz3MMpOGMYX[39m
[32m[Nest] 52668  - [39m03/08/2026, 5:33:01 pm [32m    LOG[39m [38;5;3m[StreamService] [39m[32mStream user synced: user_3HE0SV8kvYSMEx8ggz3MMpOGMYX[39m
[32m[Nest] 52668  - [39m03/08/2026, 5:33:11 pm [32m    LOG[39m [38;5;3m[StreamService] [39m[32mStream user synced: user_3HE0SV8kvYSMEx8ggz3MMpOGMYX[39m
[32m[Nest] 52668  - [39m03/08/2026, 5:33:12 pm [32m    LOG[39m [38;5;3m[StreamService] [39m[32mStream user synced: user_3HE0SV8kvYSMEx8ggz3MMpOGMYX[39m
[32m[Nest] 52668  - [39m03/08/2026, 5:33:21 pm [32m    LOG[39m [38;5;3m[StreamService] [39m[32mStream user synced: user_3HE0SV8kvYSMEx8ggz3MMpOGMYX[39m
[32m[Nest] 52668  - [39m03/08/2026, 5:33:21 pm [32m    LOG[39m [38;5;3m[StreamService] [39m[32mStream user synced: user_3HE0SV8kvYSMEx8ggz3MMpOGMYX[39m
[32m[Nest] 52668  - [39m03/08/2026, 5:33:31 pm [32m    LOG[39m [38;5;3m[StreamService] [39m[32mStream user synced: user_3HE0SV8kvYSMEx8ggz3MMpOGMYX[39m
[32m[Nest] 52668  - [39m03/08/2026, 5:33:31 pm [32m    LOG[39m [38;5;3m[StreamService] [39m[32mStream user synced: user_3HE0SV8kvYSMEx8ggz3MMpOGMYX[39m
[32m[Nest] 52668  - [39m03/08/2026, 5:33:41 pm [32m    LOG[39m [38;5;3m[StreamService] [39m[32mStream user synced: user_3HE0SV8kvYSMEx8ggz3MMpOGMYX[39m
[32m[Nest] 52668  - [39m03/08/2026, 5:33:41 pm [32m    LOG[39m [38;5;3m[StreamService] [39m[32mStream user synced: user_3HE0SV8kvYSMEx8ggz3MMpOGMYX[39m
[32m[Nest] 52668  - [39m03/08/2026, 5:33:53 pm [32m    LOG[39m [38;5;3m[StreamService] [39m[32mStream user synced: user_3HE0SV8kvYSMEx8ggz3MMpOGMYX[39m
[32m[Nest] 52668  - [39m03/08/2026, 5:33:53 pm [32m    LOG[39m [38;5;3m[StreamService] [39m[32mStream user synced: user_3HE0SV8kvYSMEx8ggz3MMpOGMYX[39m
[32m[Nest] 52668  - [39m03/08/2026, 5:34:00 pm [32m    LOG[39m [38;5;3m[StreamService] [39m[32mStream user synced: user_3HE0SV8kvYSMEx8ggz3MMpOGMYX[39m
[32m[Nest] 52668  - [39m03/08/2026, 5:34:00 pm [32m    LOG[39m [38;5;3m[StreamService] [39m[32mStream user synced: user_3HE0SV8kvYSMEx8ggz3MMpOGMYX[39m
[32m[Nest] 52668  - [39m03/08/2026, 5:34:00 pm [32m    LOG[39m [38;5;3m[StreamService] [39m[32mStream user synced: user_3HE0SV8kvYSMEx8ggz3MMpOGMYX[39m
[32m[Nest] 52668  - [39m03/08/2026, 5:34:00 pm [32m    LOG[39m [38;5;3m[StreamService] [39m[32mStream user synced: user_3HE0SV8kvYSMEx8ggz3MMpOGMYX[39m
[32m[Nest] 52668  - [39m03/08/2026, 5:34:01 pm [32m    LOG[39m [38;5;3m[StreamService] [39m[32mStream user synced: user_3HE0SV8kvYSMEx8ggz3MMpOGMYX[39m
[32m[Nest] 52668  - [39m03/08/2026, 5:34:02 pm [32m    LOG[39m [38;5;3m[StreamService] [39m[32mStream user synced: user_3HE0SV8kvYSMEx8ggz3MMpOGMYX[39m
[32m[Nest] 52668  - [39m03/08/2026, 5:34:11 pm [32m    LOG[39m [38;5;3m[StreamService] [39m[32mStream user synced: user_3HE0SV8kvYSMEx8ggz3MMpOGMYX[39m
[32m[Nest] 52668  - [39m03/08/2026, 5:34:11 pm [32m    LOG[39m [38;5;3m[StreamService] [39m[32mStream user synced: user_3HE0SV8kvYSMEx8ggz3MMpOGMYX[39m
[32m[Nest] 52668  - [39m03/08/2026, 5:34:19 pm [32m    LOG[39m [38;5;3m[StreamService] [39m[32mStream user synced: user_3HE0SV8kvYSMEx8ggz3MMpOGMYX[39m
[32m[Nest] 52668  - [39m03/08/2026, 5:34:19 pm [32m    LOG[39m [38;5;3m[StreamService] [39m[32mStream user synced: user_3HE0SV8kvYSMEx8ggz3MMpOGMYX[39m
[32m[Nest] 52668  - [39m03/08/2026, 5:34:29 pm [32m    LOG[39m [38;5;3m[StreamService] [39m[32mStream user synced: user_3HE0SV8kvYSMEx8ggz3MMpOGMYX[39m
[32m[Nest] 52668  - [39m03/08/2026, 5:34:29 pm [32m    LOG[39m [38;5;3m[StreamService] [39m[32mStream user synced: user_3HE0SV8kvYSMEx8ggz3MMpOGMYX[39m
[32m[Nest] 52668  - [39m03/08/2026, 5:34:39 pm [32m    LOG[39m [38;5;3m[StreamService] [39m[32mStream user synced: user_3HE0SV8kvYSMEx8ggz3MMpOGMYX[39m
[32m[Nest] 52668  - [39m03/08/2026, 5:34:40 pm [32m    LOG[39m [38;5;3m[StreamService] [39m[32mStream user synced: user_3HE0SV8kvYSMEx8ggz3MMpOGMYX[39m
[32m[Nest] 52668  - [39m03/08/2026, 5:34:49 pm [32m    LOG[39m [38;5;3m[StreamService] [39m[32mStream user synced: user_3HE0SV8kvYSMEx8ggz3MMpOGMYX[39m
[32m[Nest] 52668  - [39m03/08/2026, 5:34:49 pm [32m    LOG[39m [38;5;3m[StreamService] [39m[32mStream user synced: user_3HE0SV8kvYSMEx8ggz3MMpOGMYX[39m
[32m[Nest] 52668  - [39m03/08/2026, 5:34:59 pm [32m    LOG[39m [38;5;3m[StreamService] [39m[32mStream user synced: user_3HE0SV8kvYSMEx8ggz3MMpOGMYX[39m
[32m[Nest] 52668  - [39m03/08/2026, 5:34:59 pm [32m    LOG[39m [38;5;3m[StreamService] [39m[32mStream user synced: user_3HE0SV8kvYSMEx8ggz3MMpOGMYX[39m
[32m[Nest] 52668  - [39m03/08/2026, 5:35:10 pm [32m    LOG[39m [38;5;3m[StreamService] [39m[32mStream user synced: user_3HE0SV8kvYSMEx8ggz3MMpOGMYX[39m
[32m[Nest] 52668  - [39m03/08/2026, 5:35:10 pm [32m    LOG[39m [38;5;3m[StreamService] [39m[32mStream user synced: user_3HE0SV8kvYSMEx8ggz3MMpOGMYX[39m
[32m[Nest] 52668  - [39m03/08/2026, 5:35:19 pm [32m    LOG[39m [38;5;3m[StreamService] [39m[32mStream user synced: user_3HE0SV8kvYSMEx8ggz3MMpOGMYX[39m
[32m[Nest] 52668  - [39m03/08/2026, 5:35:20 pm [32m    LOG[39m [38;5;3m[StreamService] [39m[32mStream user synced: user_3HE0SV8kvYSMEx8ggz3MMpOGMYX[39m
[32m[Nest] 52668  - [39m03/08/2026, 5:35:21 pm [32m    LOG[39m [38;5;3m[StreamService] [39m[32mStream user synced: user_3HE0SV8kvYSMEx8ggz3MMpOGMYX[39m
[32m[Nest] 52668  - [39m03/08/2026, 5:35:21 pm [32m    LOG[39m [38;5;3m[StreamService] [39m[32mStream user synced: user_3HE0SV8kvYSMEx8ggz3MMpOGMYX[39m
[32m[Nest] 52668  - [39m03/08/2026, 5:35:21 pm [32m    LOG[39m [38;5;3m[StreamService] [39m[32mStream user synced: user_3HE0SV8kvYSMEx8ggz3MMpOGMYX[39m
[32m[Nest] 52668  - [39m03/08/2026, 5:35:21 pm [32m    LOG[39m [38;5;3m[StreamService] [39m[32mStream user synced: user_3HE0SV8kvYSMEx8ggz3MMpOGMYX[39m
[32m[Nest] 52668  - [39m03/08/2026, 5:35:22 pm [32m    LOG[39m [38;5;3m[StreamService] [39m[32mStream user synced: user_3HE0SV8kvYSMEx8ggz3MMpOGMYX[39m
[32m[Nest] 52668  - [39m03/08/2026, 5:35:23 pm [32m    LOG[39m [38;5;3m[StreamService] [39m[32mStream user synced: user_3HE0SV8kvYSMEx8ggz3MMpOGMYX[39m
[32m[Nest] 52668  - [39m03/08/2026, 5:35:31 pm [32m    LOG[39m [38;5;3m[StreamService] [39m[32mStream user synced: user_3HE0SV8kvYSMEx8ggz3MMpOGMYX[39m
[32m[Nest] 52668  - [39m03/08/2026, 5:35:31 pm [32m    LOG[39m [38;5;3m[StreamService] [39m[32mStream user synced: user_3HE0SV8kvYSMEx8ggz3MMpOGMYX[39m
[32m[Nest] 52668  - [39m03/08/2026, 5:35:41 pm [32m    LOG[39m [38;5;3m[StreamService] [39m[32mStream user synced: user_3HE0SV8kvYSMEx8ggz3MMpOGMYX[39m
[32m[Nest] 52668  - [39m03/08/2026, 5:35:41 pm [32m    LOG[39m [38;5;3m[StreamService] [39m[32mStream user synced: user_3HE0SV8kvYSMEx8ggz3MMpOGMYX[39m
[32m[Nest] 52668  - [39m03/08/2026, 5:35:46 pm [32m    LOG[39m [38;5;3m[StreamService] [39m[32mStream user synced: user_3HE0SV8kvYSMEx8ggz3MMpOGMYX[39m
[32m[Nest] 52668  - [39m03/08/2026, 5:35:46 pm [32m    LOG[39m [38;5;3m[StreamService] [39m[32mStream user synced: user_3HE0SV8kvYSMEx8ggz3MMpOGMYX[39m
[32m[Nest] 52668  - [39m03/08/2026, 5:35:46 pm [32m    LOG[39m [38;5;3m[StreamService] [39m[32mStream user synced: user_3HE0SV8kvYSMEx8ggz3MMpOGMYX[39m
[32m[Nest] 52668  - [39m03/08/2026, 5:35:46 pm [32m    LOG[39m [38;5;3m[StreamService] [39m[32mStream user synced: user_3HE0SV8kvYSMEx8ggz3MMpOGMYX[39m
[32m[Nest] 52668  - [39m03/08/2026, 5:35:47 pm [32m    LOG[39m [38;5;3m[StreamService] [39m[32mStream user synced: user_3HE0SV8kvYSMEx8ggz3MMpOGMYX[39m
[32m[Nest] 52668  - [39m03/08/2026, 5:35:47 pm [32m    LOG[39m [38;5;3m[StreamService] [39m[32mStream user synced: user_3HE0SV8kvYSMEx8ggz3MMpOGMYX[39m
[32m[Nest] 52668  - [39m03/08/2026, 5:35:55 pm [32m    LOG[39m [38;5;3m[StreamService] [39m[32mStream user synced: user_3HE0SV8kvYSMEx8ggz3MMpOGMYX[39m
[32m[Nest] 52668  - [39m03/08/2026, 5:35:55 pm [32m    LOG[39m [38;5;3m[StreamService] [39m[32mStream user synced: user_3HE0SV8kvYSMEx8ggz3MMpOGMYX[39m
[32m[Nest] 52668  - [39m03/08/2026, 5:36:05 pm [32m    LOG[39m [38;5;3m[StreamService] [39m[32mStream user synced: user_3HE0SV8kvYSMEx8ggz3MMpOGMYX[39m
[32m[Nest] 52668  - [39m03/08/2026, 5:36:05 pm [32m    LOG[39m [38;5;3m[StreamService] [39m[32mStream user synced: user_3HE0SV8kvYSMEx8ggz3MMpOGMYX[39m
[32m[Nest] 52668  - [39m03/08/2026, 5:36:15 pm [32m    LOG[39m [38;5;3m[StreamService] [39m[32mStream user synced: user_3HE0SV8kvYSMEx8ggz3MMpOGMYX[39m
[32m[Nest] 52668  - [39m03/08/2026, 5:36:15 pm [32m    LOG[39m [38;5;3m[StreamService] [39m[32mStream user synced: user_3HE0SV8kvYSMEx8ggz3MMpOGMYX[39m
[32m[Nest] 52668  - [39m03/08/2026, 5:36:25 pm [32m    LOG[39m [38;5;3m[StreamService] [39m[32mStream user synced: user_3HE0SV8kvYSMEx8ggz3MMpOGMYX[39m
[32m[Nest] 52668  - [39m03/08/2026, 5:36:25 pm [32m    LOG[39m [38;5;3m[StreamService] [39m[32mStream user synced: user_3HE0SV8kvYSMEx8ggz3MMpOGMYX[39m
[32m[Nest] 52668  - [39m03/08/2026, 5:36:35 pm [32m    LOG[39m [38;5;3m[StreamService] [39m[32mStream user synced: user_3HE0SV8kvYSMEx8ggz3MMpOGMYX[39m
[32m[Nest] 52668  - [39m03/08/2026, 5:36:35 pm [32m    LOG[39m [38;5;3m[StreamService] [39m[32mStream user synced: user_3HE0SV8kvYSMEx8ggz3MMpOGMYX[39m
[32m[Nest] 52668  - [39m03/08/2026, 5:36:45 pm [32m    LOG[39m [38;5;3m[StreamService] [39m[32mStream user synced: user_3HE0SV8kvYSMEx8ggz3MMpOGMYX[39m
[32m[Nest] 52668  - [39m03/08/2026, 5:36:45 pm [32m    LOG[39m [38;5;3m[StreamService] [39m[32mStream user synced: user_3HE0SV8kvYSMEx8ggz3MMpOGMYX[39m
[32m[Nest] 52668  - [39m03/08/2026, 5:36:55 pm [32m    LOG[39m [38;5;3m[StreamService] [39m[32mStream user synced: user_3HE0SV8kvYSMEx8ggz3MMpOGMYX[39m
[32m[Nest] 52668  - [39m03/08/2026, 5:36:55 pm [32m    LOG[39m [38;5;3m[StreamService] [39m[32mStream user synced: user_3HE0SV8kvYSMEx8ggz3MMpOGMYX[39m
[32m[Nest] 52668  - [39m03/08/2026, 5:37:05 pm [32m    LOG[39m [38;5;3m[StreamService] [39m[32mStream user synced: user_3HE0SV8kvYSMEx8ggz3MMpOGMYX[39m
[32m[Nest] 52668  - [39m03/08/2026, 5:37:05 pm [32m    LOG[39m [38;5;3m[StreamService] [39m[32mStream user synced: user_3HE0SV8kvYSMEx8ggz3MMpOGMYX[39m
[32m[Nest] 52668  - [39m03/08/2026, 5:37:15 pm [32m    LOG[39m [38;5;3m[StreamService] [39m[32mStream user synced: user_3HE0SV8kvYSMEx8ggz3MMpOGMYX[39m
[32m[Nest] 52668  - [39m03/08/2026, 5:37:15 pm [32m    LOG[39m [38;5;3m[StreamService] [39m[32mStream user synced: user_3HE0SV8kvYSMEx8ggz3MMpOGMYX[39m
[32m[Nest] 52668  - [39m03/08/2026, 5:37:15 pm [32m    LOG[39m [38;5;3m[StreamService] [39m[32mStream user synced: user_3HE0SV8kvYSMEx8ggz3MMpOGMYX[39m
[32m[Nest] 52668  - [39m03/08/2026, 5:37:16 pm [32m    LOG[39m [38;5;3m[StreamService] [39m[32mStream user synced: user_3HE0SV8kvYSMEx8ggz3MMpOGMYX[39m
[32m[Nest] 52668  - [39m03/08/2026, 5:37:17 pm [32m    LOG[39m [38;5;3m[StreamService] [39m[32mStream user synced: user_3HE0SV8kvYSMEx8ggz3MMpOGMYX[39m
[32m[Nest] 52668  - [39m03/08/2026, 5:37:18 pm [32m    LOG[39m [38;5;3m[StreamService] [39m[32mStream user synced: user_3HE0SV8kvYSMEx8ggz3MMpOGMYX[39m
[32m[Nest] 52668  - [39m03/08/2026, 5:37:27 pm [32m    LOG[39m [38;5;3m[StreamService] [39m[32mStream user synced: user_3HE0SV8kvYSMEx8ggz3MMpOGMYX[39m
[32m[Nest] 52668  - [39m03/08/2026, 5:37:27 pm [32m    LOG[39m [38;5;3m[StreamService] [39m[32mStream user synced: user_3HE0SV8kvYSMEx8ggz3MMpOGMYX[39m
[32m[Nest] 52668  - [39m03/08/2026, 5:37:36 pm [32m    LOG[39m [38;5;3m[StreamService] [39m[32mStream user synced: user_3HE0SV8kvYSMEx8ggz3MMpOGMYX[39m
[32m[Nest] 52668  - [39m03/08/2026, 5:37:41 pm [32m    LOG[39m [38;5;3m[StreamService] [39m[32mStream user synced: user_3HE0SV8kvYSMEx8ggz3MMpOGMYX[39m
[32m[Nest] 52668  - [39m03/08/2026, 5:37:45 pm [32m    LOG[39m [38;5;3m[StreamService] [39m[32mStream user synced: user_3HE0SV8kvYSMEx8ggz3MMpOGMYX[39m
[32m[Nest] 52668  - [39m03/08/2026, 5:37:49 pm [32m    LOG[39m [38;5;3m[StreamService] [39m[32mStream user synced: user_3HE0SV8kvYSMEx8ggz3MMpOGMYX[39m
[32m[Nest] 52668  - [39m03/08/2026, 5:37:56 pm [32m    LOG[39m [38;5;3m[StreamService] [39m[32mStream user synced: user_3HE0SV8kvYSMEx8ggz3MMpOGMYX[39m
[31m[Nest] 52668  - [39m03/08/2026, 5:38:05 pm [31m  ERROR[39m [38;5;3m[ExceptionsHandler] [39mClerkAPIResponseError
    at UserAPI.request [90m(C:\Users\Chirag Gupta\Desktop\enterprise-productivity\enterprise-productivity-backend\[39mnode_modules\[4m@clerk\backend[24m\src\api\request.ts:285:21[90m)[39m
[90m    at process.processTicksAndRejections (node:internal/process/task_queues:104:5)[39m
    at async ClerkAuthGuard.canActivate [90m(C:\Users\Chirag Gupta\Desktop\enterprise-productivity\enterprise-productivity-backend\[39msrc\clerk\clerk-auth.guard.ts:45:23[90m)[39m
    at async GuardsConsumer.tryActivate [90m(C:\Users\Chirag Gupta\Desktop\enterprise-productivity\enterprise-productivity-backend\[39mnode_modules\[4m@nestjs\core[24m\guards\guards-consumer.js:22:17[90m)[39m
    at async canActivateFn [90m(C:\Users\Chirag Gupta\Desktop\enterprise-productivity\enterprise-productivity-backend\[39mnode_modules\[4m@nestjs\core[24m\router\router-execution-context.js:138:33[90m)[39m
    at async [90mC:\Users\Chirag Gupta\Desktop\enterprise-productivity\enterprise-productivity-backend\[39mnode_modules\[4m@nestjs\core[24m\router\router-execution-context.js:42:31
    at async [90mC:\Users\Chirag Gupta\Desktop\enterprise-productivity\enterprise-productivity-backend\[39mnode_modules\[4m@nestjs\core[24m\router\router-proxy.js:9:17 {
  cause: [90mundefined[39m,
  clerkError: [33mtrue[39m,
  code: [32m'api_response_error'[39m,
  longMessage: [90mundefined[39m,
  docsUrl: [90mundefined[39m,
  status: [90mundefined[39m,
  clerkTraceId: [32m''[39m,
  retryAfter: [90mundefined[39m,
  errors: [
    {
      code: [32m'unexpected_error'[39m,
      message: [32m'fetch failed'[39m
    }
  ]
}
[32m[Nest] 52668  - [39m03/08/2026, 5:38:06 pm [32m    LOG[39m [38;5;3m[StreamService] [39m[32mStream user synced: user_3HE0SV8kvYSMEx8ggz3MMpOGMYX[39m
[32m[Nest] 52668  - [39m03/08/2026, 5:38:08 pm [32m    LOG[39m [38;5;3m[StreamService] [39m[32mStream user synced: user_3HE0SV8kvYSMEx8ggz3MMpOGMYX[39m
[32m[Nest] 52668  - [39m03/08/2026, 5:38:15 pm [32m    LOG[39m [38;5;3m[StreamService] [39m[32mStream user synced: user_3HE0SV8kvYSMEx8ggz3MMpOGMYX[39m
[32m[Nest] 52668  - [39m03/08/2026, 5:38:15 pm [32m    LOG[39m [38;5;3m[StreamService] [39m[32mStream user synced: user_3HE0SV8kvYSMEx8ggz3MMpOGMYX[39m
[32m[Nest] 52668  - [39m03/08/2026, 5:38:25 pm [32m    LOG[39m [38;5;3m[StreamService] [39m[32mStream user synced: user_3HE0SV8kvYSMEx8ggz3MMpOGMYX[39m
[32m[Nest] 52668  - [39m03/08/2026, 5:38:25 pm [32m    LOG[39m [38;5;3m[StreamService] [39m[32mStream user synced: user_3HE0SV8kvYSMEx8ggz3MMpOGMYX[39m
[32m[Nest] 52668  - [39m03/08/2026, 5:38:35 pm [32m    LOG[39m [38;5;3m[StreamService] [39m[32mStream user synced: user_3HE0SV8kvYSMEx8ggz3MMpOGMYX[39m
[32m[Nest] 52668  - [39m03/08/2026, 5:38:35 pm [32m    LOG[39m [38;5;3m[StreamService] [39m[32mStream user synced: user_3HE0SV8kvYSMEx8ggz3MMpOGMYX[39m
[32m[Nest] 52668  - [39m03/08/2026, 5:38:45 pm [32m    LOG[39m [38;5;3m[StreamService] [39m[32mStream user synced: user_3HE0SV8kvYSMEx8ggz3MMpOGMYX[39m
[32m[Nest] 52668  - [39m03/08/2026, 5:38:45 pm [32m    LOG[39m [38;5;3m[StreamService] [39m[32mStream user synced: user_3HE0SV8kvYSMEx8ggz3MMpOGMYX[39m
[32m[Nest] 52668  - [39m03/08/2026, 5:38:55 pm [32m    LOG[39m [38;5;3m[StreamService] [39m[32mStream user synced: user_3HE0SV8kvYSMEx8ggz3MMpOGMYX[39m
[32m[Nest] 52668  - [39m03/08/2026, 5:38:55 pm [32m    LOG[39m [38;5;3m[StreamService] [39m[32mStream user synced: user_3HE0SV8kvYSMEx8ggz3MMpOGMYX[39m
[32m[Nest] 52668  - [39m03/08/2026, 5:39:05 pm [32m    LOG[39m [38;5;3m[StreamService] [39m[32mStream user synced: user_3HE0SV8kvYSMEx8ggz3MMpOGMYX[39m
[32m[Nest] 52668  - [39m03/08/2026, 5:39:05 pm [32m    LOG[39m [38;5;3m[StreamService] [39m[32mStream user synced: user_3HE0SV8kvYSMEx8ggz3MMpOGMYX[39m
[32m[Nest] 52668  - [39m03/08/2026, 5:39:15 pm [32m    LOG[39m [38;5;3m[StreamService] [39m[32mStream user synced: user_3HE0SV8kvYSMEx8ggz3MMpOGMYX[39m
[32m[Nest] 52668  - [39m03/08/2026, 5:39:15 pm [32m    LOG[39m [38;5;3m[StreamService] [39m[32mStream user synced: user_3HE0SV8kvYSMEx8ggz3MMpOGMYX[39m
[32m[Nest] 52668  - [39m03/08/2026, 5:39:25 pm [32m    LOG[39m [38;5;3m[StreamService] [39m[32mStream user synced: user_3HE0SV8kvYSMEx8ggz3MMpOGMYX[39m
[32m[Nest] 52668  - [39m03/08/2026, 5:39:25 pm [32m    LOG[39m [38;5;3m[StreamService] [39m[32mStream user synced: user_3HE0SV8kvYSMEx8ggz3MMpOGMYX[39m
[32m[Nest] 52668  - [39m03/08/2026, 5:39:36 pm [32m    LOG[39m [38;5;3m[StreamService] [39m[32mStream user synced: user_3HE0SV8kvYSMEx8ggz3MMpOGMYX[39m
[32m[Nest] 52668  - [39m03/08/2026, 5:39:39 pm [32m    LOG[39m [38;5;3m[StreamService] [39m[32mStream user synced: user_3HE0SV8kvYSMEx8ggz3MMpOGMYX[39m
[32m[Nest] 52668  - [39m03/08/2026, 5:39:45 pm [32m    LOG[39m [38;5;3m[StreamService] [39m[32mStream user synced: user_3HE0SV8kvYSMEx8ggz3MMpOGMYX[39m
[32m[Nest] 52668  - [39m03/08/2026, 5:39:48 pm [32m    LOG[39m [38;5;3m[StreamService] [39m[32mStream user synced: user_3HE0SV8kvYSMEx8ggz3MMpOGMYX[39m
[32m[Nest] 52668  - [39m03/08/2026, 5:39:55 pm [32m    LOG[39m [38;5;3m[StreamService] [39m[32mStream user synced: user_3HE0SV8kvYSMEx8ggz3MMpOGMYX[39m
[32m[Nest] 52668  - [39m03/08/2026, 5:39:56 pm [32m    LOG[39m [38;5;3m[StreamService] [39m[32mStream user synced: user_3HE0SV8kvYSMEx8ggz3MMpOGMYX[39m
[32m[Nest] 52668  - [39m03/08/2026, 5:40:06 pm [32m    LOG[39m [38;5;3m[StreamService] [39m[32mStream user synced: user_3HE0SV8kvYSMEx8ggz3MMpOGMYX[39m
[32m[Nest] 52668  - [39m03/08/2026, 5:40:06 pm [32m    LOG[39m [38;5;3m[StreamService] [39m[32mStream user synced: user_3HE0SV8kvYSMEx8ggz3MMpOGMYX[39m
[32m[Nest] 52668  - [39m03/08/2026, 5:40:18 pm [32m    LOG[39m [38;5;3m[StreamService] [39m[32mStream user synced: user_3HE0SV8kvYSMEx8ggz3MMpOGMYX[39m
[32m[Nest] 52668  - [39m03/08/2026, 5:40:18 pm [32m    LOG[39m [38;5;3m[StreamService] [39m[32mStream user synced: user_3HE0SV8kvYSMEx8ggz3MMpOGMYX[39m
[32m[Nest] 52668  - [39m03/08/2026, 5:40:26 pm [32m    LOG[39m [38;5;3m[StreamService] [39m[32mStream user synced: user_3HE0SV8kvYSMEx8ggz3MMpOGMYX[39m
[32m[Nest] 52668  - [39m03/08/2026, 5:40:29 pm [32m    LOG[39m [38;5;3m[StreamService] [39m[32mStream user synced: user_3HE0SV8kvYSMEx8ggz3MMpOGMYX[39m
[32m[Nest] 52668  - [39m03/08/2026, 5:40:35 pm [32m    LOG[39m [38;5;3m[StreamService] [39m[32mStream user synced: user_3HE0SV8kvYSMEx8ggz3MMpOGMYX[39m
[32m[Nest] 52668  - [39m03/08/2026, 5:40:36 pm [32m    LOG[39m [38;5;3m[StreamService] [39m[32mStream user synced: user_3HE0SV8kvYSMEx8ggz3MMpOGMYX[39m
[32m[Nest] 52668  - [39m03/08/2026, 5:40:45 pm [32m    LOG[39m [38;5;3m[StreamService] [39m[32mStream user synced: user_3HE0SV8kvYSMEx8ggz3MMpOGMYX[39m
[32m[Nest] 52668  - [39m03/08/2026, 5:40:47 pm [32m    LOG[39m [38;5;3m[StreamService] [39m[32mStream user synced: user_3HE0SV8kvYSMEx8ggz3MMpOGMYX[39m
[32m[Nest] 52668  - [39m03/08/2026, 5:40:55 pm [32m    LOG[39m [38;5;3m[StreamService] [39m[32mStream user synced: user_3HE0SV8kvYSMEx8ggz3MMpOGMYX[39m
[32m[Nest] 52668  - [39m03/08/2026, 5:40:56 pm [32m    LOG[39m [38;5;3m[StreamService] [39m[32mStream user synced: user_3HE0SV8kvYSMEx8ggz3MMpOGMYX[39m
[32m[Nest] 52668  - [39m03/08/2026, 5:41:09 pm [32m    LOG[39m [38;5;3m[StreamService] [39m[32mStream user synced: user_3HE0SV8kvYSMEx8ggz3MMpOGMYX[39m
[32m[Nest] 52668  - [39m03/08/2026, 5:41:10 pm [32m    LOG[39m [38;5;3m[StreamService] [39m[32mStream user synced: user_3HE0SV8kvYSMEx8ggz3MMpOGMYX[39m
[32m[Nest] 52668  - [39m03/08/2026, 5:41:51 pm [32m    LOG[39m [38;5;3m[StreamService] [39m[32mStream user synced: user_3HE0SV8kvYSMEx8ggz3MMpOGMYX[39m
[32m[Nest] 52668  - [39m03/08/2026, 5:41:51 pm [32m    LOG[39m [38;5;3m[StreamService] [39m[32mStream user synced: user_3HE0SV8kvYSMEx8ggz3MMpOGMYX[39m
[32m[Nest] 52668  - [39m03/08/2026, 5:42:04 pm [32m    LOG[39m [38;5;3m[StreamService] [39m[32mStream user synced: user_3HE0SV8kvYSMEx8ggz3MMpOGMYX[39m
[32m[Nest] 52668  - [39m03/08/2026, 5:42:04 pm [32m    LOG[39m [38;5;3m[StreamService] [39m[32mStream user synced: user_3HE0SV8kvYSMEx8ggz3MMpOGMYX[39m
[32m[Nest] 52668  - [39m03/08/2026, 5:42:05 pm [32m    LOG[39m [38;5;3m[StreamService] [39m[32mStream user synced: user_3HE0SV8kvYSMEx8ggz3MMpOGMYX[39m
[32m[Nest] 52668  - [39m03/08/2026, 5:42:05 pm [32m    LOG[39m [38;5;3m[StreamService] [39m[32mStream user synced: user_3HE0SV8kvYSMEx8ggz3MMpOGMYX[39m
[32m[Nest] 52668  - [39m03/08/2026, 5:42:15 pm [32m    LOG[39m [38;5;3m[StreamService] [39m[32mStream user synced: user_3HE0SV8kvYSMEx8ggz3MMpOGMYX[39m
[32m[Nest] 52668  - [39m03/08/2026, 5:42:15 pm [32m    LOG[39m [38;5;3m[StreamService] [39m[32mStream user synced: user_3HE0SV8kvYSMEx8ggz3MMpOGMYX[39m
[32m[Nest] 52668  - [39m03/08/2026, 5:42:25 pm [32m    LOG[39m [38;5;3m[StreamService] [39m[32mStream user synced: user_3HE0SV8kvYSMEx8ggz3MMpOGMYX[39m
[32m[Nest] 52668  - [39m03/08/2026, 5:42:25 pm [32m    LOG[39m [38;5;3m[StreamService] [39m[32mStream user synced: user_3HE0SV8kvYSMEx8ggz3MMpOGMYX[39m
[32m[Nest] 52668  - [39m03/08/2026, 5:42:35 pm [32m    LOG[39m [38;5;3m[StreamService] [39m[32mStream user synced: user_3HE0SV8kvYSMEx8ggz3MMpOGMYX[39m
[32m[Nest] 52668  - [39m03/08/2026, 5:42:35 pm [32m    LOG[39m [38;5;3m[StreamService] [39m[32mStream user synced: user_3HE0SV8kvYSMEx8ggz3MMpOGMYX[39m
[32m[Nest] 52668  - [39m03/08/2026, 5:42:45 pm [32m    LOG[39m [38;5;3m[StreamService] [39m[32mStream user synced: user_3HE0SV8kvYSMEx8ggz3MMpOGMYX[39m
[32m[Nest] 52668  - [39m03/08/2026, 5:42:45 pm [32m    LOG[39m [38;5;3m[StreamService] [39m[32mStream user synced: user_3HE0SV8kvYSMEx8ggz3MMpOGMYX[39m
[32m[Nest] 52668  - [39m03/08/2026, 5:42:55 pm [32m    LOG[39m [38;5;3m[StreamService] [39m[32mStream user synced: user_3HE0SV8kvYSMEx8ggz3MMpOGMYX[39m
[32m[Nest] 52668  - [39m03/08/2026, 5:42:55 pm [32m    LOG[39m [38;5;3m[StreamService] [39m[32mStream user synced: user_3HE0SV8kvYSMEx8ggz3MMpOGMYX[39m
[32m[Nest] 52668  - [39m03/08/2026, 5:43:05 pm [32m    LOG[39m [38;5;3m[StreamService] [39m[32mStream user synced: user_3HE0SV8kvYSMEx8ggz3MMpOGMYX[39m
[32m[Nest] 52668  - [39m03/08/2026, 5:43:05 pm [32m    LOG[39m [38;5;3m[StreamService] [39m[32mStream user synced: user_3HE0SV8kvYSMEx8ggz3MMpOGMYX[39m
[32m[Nest] 52668  - [39m03/08/2026, 5:43:15 pm [32m    LOG[39m [38;5;3m[StreamService] [39m[32mStream user synced: user_3HE0SV8kvYSMEx8ggz3MMpOGMYX[39m
[32m[Nest] 52668  - [39m03/08/2026, 5:43:15 pm [32m    LOG[39m [38;5;3m[StreamService] [39m[32mStream user synced: user_3HE0SV8kvYSMEx8ggz3MMpOGMYX[39m
[32m[Nest] 52668  - [39m03/08/2026, 5:43:16 pm [32m    LOG[39m [38;5;3m[StreamService] [39m[32mStream user synced: user_3HE0SV8kvYSMEx8ggz3MMpOGMYX[39m
[32m[Nest] 52668  - [39m03/08/2026, 5:43:16 pm [32m    LOG[39m [38;5;3m[StreamService] [39m[32mStream user synced: user_3HE0SV8kvYSMEx8ggz3MMpOGMYX[39m
[32m[Nest] 52668  - [39m03/08/2026, 5:43:17 pm [32m    LOG[39m [38;5;3m[StreamService] [39m[32mStream user synced: user_3HE0SV8kvYSMEx8ggz3MMpOGMYX[39m
[32m[Nest] 52668  - [39m03/08/2026, 5:43:17 pm [32m    LOG[39m [38;5;3m[StreamService] [39m[32mStream user synced: user_3HE0SV8kvYSMEx8ggz3MMpOGMYX[39m
[32m[Nest] 52668  - [39m03/08/2026, 5:43:25 pm [32m    LOG[39m [38;5;3m[StreamService] [39m[32mStream user synced: user_3HE0SV8kvYSMEx8ggz3MMpOGMYX[39m
[32m[Nest] 52668  - [39m03/08/2026, 5:43:25 pm [32m    LOG[39m [38;5;3m[StreamService] [39m[32mStream user synced: user_3HE0SV8kvYSMEx8ggz3MMpOGMYX[39m
[32m[Nest] 52668  - [39m03/08/2026, 5:43:35 pm [32m    LOG[39m [38;5;3m[StreamService] [39m[32mStream user synced: user_3HE0SV8kvYSMEx8ggz3MMpOGMYX[39m
[32m[Nest] 52668  - [39m03/08/2026, 5:43:35 pm [32m    LOG[39m [38;5;3m[StreamService] [39m[32mStream user synced: user_3HE0SV8kvYSMEx8ggz3MMpOGMYX[39m
[32m[Nest] 52668  - [39m03/08/2026, 5:43:45 pm [32m    LOG[39m [38;5;3m[StreamService] [39m[32mStream user synced: user_3HE0SV8kvYSMEx8ggz3MMpOGMYX[39m
[32m[Nest] 52668  - [39m03/08/2026, 5:43:45 pm [32m    LOG[39m [38;5;3m[StreamService] [39m[32mStream user synced: user_3HE0SV8kvYSMEx8ggz3MMpOGMYX[39m
[32m[Nest] 52668  - [39m03/08/2026, 5:43:55 pm [32m    LOG[39m [38;5;3m[StreamService] [39m[32mStream user synced: user_3HE0SV8kvYSMEx8ggz3MMpOGMYX[39m
[32m[Nest] 52668  - [39m03/08/2026, 5:43:55 pm [32m    LOG[39m [38;5;3m[StreamService] [39m[32mStream user synced: user_3HE0SV8kvYSMEx8ggz3MMpOGMYX[39m
[32m[Nest] 52668  - [39m03/08/2026, 5:44:05 pm [32m    LOG[39m [38;5;3m[StreamService] [39m[32mStream user synced: user_3HE0SV8kvYSMEx8ggz3MMpOGMYX[39m
[32m[Nest] 52668  - [39m03/08/2026, 5:44:05 pm [32m    LOG[39m [38;5;3m[StreamService] [39m[32mStream user synced: user_3HE0SV8kvYSMEx8ggz3MMpOGMYX[39m
[32m[Nest] 52668  - [39m03/08/2026, 5:44:15 pm [32m    LOG[39m [38;5;3m[StreamService] [39m[32mStream user synced: user_3HE0SV8kvYSMEx8ggz3MMpOGMYX[39m
[32m[Nest] 52668  - [39m03/08/2026, 5:44:15 pm [32m    LOG[39m [38;5;3m[StreamService] [39m[32mStream user synced: user_3HE0SV8kvYSMEx8ggz3MMpOGMYX[39m
[32m[Nest] 52668  - [39m03/08/2026, 5:44:25 pm [32m    LOG[39m [38;5;3m[StreamService] [39m[32mStream user synced: user_3HE0SV8kvYSMEx8ggz3MMpOGMYX[39m
[32m[Nest] 52668  - [39m03/08/2026, 5:44:25 pm [32m    LOG[39m [38;5;3m[StreamService] [39m[32mStream user synced: user_3HE0SV8kvYSMEx8ggz3MMpOGMYX[39m
[32m[Nest] 52668  - [39m03/08/2026, 5:44:35 pm [32m    LOG[39m [38;5;3m[StreamService] [39m[32mStream user synced: user_3HE0SV8kvYSMEx8ggz3MMpOGMYX[39m
[32m[Nest] 52668  - [39m03/08/2026, 5:44:35 pm [32m    LOG[39m [38;5;3m[StreamService] [39m[32mStream user synced: user_3HE0SV8kvYSMEx8ggz3MMpOGMYX[39m
[32m[Nest] 52668  - [39m03/08/2026, 5:44:45 pm [32m    LOG[39m [38;5;3m[StreamService] [39m[32mStream user synced: user_3HE0SV8kvYSMEx8ggz3MMpOGMYX[39m
[32m[Nest] 52668  - [39m03/08/2026, 5:44:45 pm [32m    LOG[39m [38;5;3m[StreamService] [39m[32mStream user synced: user_3HE0SV8kvYSMEx8ggz3MMpOGMYX[39m
[32m[Nest] 52668  - [39m03/08/2026, 5:44:56 pm [32m    LOG[39m [38;5;3m[StreamService] [39m[32mStream user synced: user_3HE0SV8kvYSMEx8ggz3MMpOGMYX[39m
[32m[Nest] 52668  - [39m03/08/2026, 5:44:56 pm [32m    LOG[39m [38;5;3m[StreamService] [39m[32mStream user synced: user_3HE0SV8kvYSMEx8ggz3MMpOGMYX[39m
[32m[Nest] 52668  - [39m03/08/2026, 5:45:05 pm [32m    LOG[39m [38;5;3m[StreamService] [39m[32mStream user synced: user_3HE0SV8kvYSMEx8ggz3MMpOGMYX[39m
[32m[Nest] 52668  - [39m03/08/2026, 5:45:05 pm [32m    LOG[39m [38;5;3m[StreamService] [39m[32mStream user synced: user_3HE0SV8kvYSMEx8ggz3MMpOGMYX[39m
[32m[Nest] 52668  - [39m03/08/2026, 5:45:15 pm [32m    LOG[39m [38;5;3m[StreamService] [39m[32mStream user synced: user_3HE0SV8kvYSMEx8ggz3MMpOGMYX[39m
[32m[Nest] 52668  - [39m03/08/2026, 5:45:15 pm [32m    LOG[39m [38;5;3m[StreamService] [39m[32mStream user synced: user_3HE0SV8kvYSMEx8ggz3MMpOGMYX[39m
[32m[Nest] 52668  - [39m03/08/2026, 5:45:51 pm [32m    LOG[39m [38;5;3m[StreamService] [39m[32mStream user synced: user_3HE0SV8kvYSMEx8ggz3MMpOGMYX[39m
[32m[Nest] 52668  - [39m03/08/2026, 5:45:51 pm [32m    LOG[39m [38;5;3m[StreamService] [39m[32mStream user synced: user_3HE0SV8kvYSMEx8ggz3MMpOGMYX[39m
[32m[Nest] 52668  - [39m03/08/2026, 5:46:10 pm [32m    LOG[39m [38;5;3m[StreamService] [39m[32mStream user synced: user_3HE0SV8kvYSMEx8ggz3MMpOGMYX[39m
[32m[Nest] 52668  - [39m03/08/2026, 5:46:10 pm [32m    LOG[39m [38;5;3m[StreamService] [39m[32mStream user synced: user_3HE0SV8kvYSMEx8ggz3MMpOGMYX[39m
[32m[Nest] 52668  - [39m03/08/2026, 5:46:15 pm [32m    LOG[39m [38;5;3m[StreamService] [39m[32mStream user synced: user_3HE0SV8kvYSMEx8ggz3MMpOGMYX[39m
[32m[Nest] 52668  - [39m03/08/2026, 5:46:15 pm [32m    LOG[39m [38;5;3m[StreamService] [39m[32mStream user synced: user_3HE0SV8kvYSMEx8ggz3MMpOGMYX[39m
[32m[Nest] 52668  - [39m03/08/2026, 5:46:26 pm [32m    LOG[39m [38;5;3m[StreamService] [39m[32mStream user synced: user_3HE0SV8kvYSMEx8ggz3MMpOGMYX[39m
[32m[Nest] 52668  - [39m03/08/2026, 5:46:26 pm [32m    LOG[39m [38;5;3m[StreamService] [39m[32mStream user synced: user_3HE0SV8kvYSMEx8ggz3MMpOGMYX[39m
[32m[Nest] 52668  - [39m03/08/2026, 5:46:35 pm [32m    LOG[39m [38;5;3m[StreamService] [39m[32mStream user synced: user_3HE0SV8kvYSMEx8ggz3MMpOGMYX[39m
[32m[Nest] 52668  - [39m03/08/2026, 5:46:35 pm [32m    LOG[39m [38;5;3m[StreamService] [39m[32mStream user synced: user_3HE0SV8kvYSMEx8ggz3MMpOGMYX[39m
[32m[Nest] 52668  - [39m03/08/2026, 5:46:47 pm [32m    LOG[39m [38;5;3m[StreamService] [39m[32mStream user synced: user_3HE0SV8kvYSMEx8ggz3MMpOGMYX[39m
[32m[Nest] 52668  - [39m03/08/2026, 5:46:47 pm [32m    LOG[39m [38;5;3m[StreamService] [39m[32mStream user synced: user_3HE0SV8kvYSMEx8ggz3MMpOGMYX[39m
[32m[Nest] 52668  - [39m03/08/2026, 5:46:56 pm [32m    LOG[39m [38;5;3m[StreamService] [39m[32mStream user synced: user_3HE0SV8kvYSMEx8ggz3MMpOGMYX[39m
[32m[Nest] 52668  - [39m03/08/2026, 5:46:56 pm [32m    LOG[39m [38;5;3m[StreamService] [39m[32mStream user synced: user_3HE0SV8kvYSMEx8ggz3MMpOGMYX[39m
[32m[Nest] 52668  - [39m03/08/2026, 5:47:05 pm [32m    LOG[39m [38;5;3m[StreamService] [39m[32mStream user synced: user_3HE0SV8kvYSMEx8ggz3MMpOGMYX[39m
[32m[Nest] 52668  - [39m03/08/2026, 5:47:06 pm [32m    LOG[39m [38;5;3m[StreamService] [39m[32mStream user synced: user_3HE0SV8kvYSMEx8ggz3MMpOGMYX[39m
[32m[Nest] 52668  - [39m03/08/2026, 5:47:53 pm [32m    LOG[39m [38;5;3m[StreamService] [39m[32mStream user synced: user_3HE0SV8kvYSMEx8ggz3MMpOGMYX[39m
[32m[Nest] 52668  - [39m03/08/2026, 5:47:59 pm [32m    LOG[39m [38;5;3m[StreamService] [39m[32mStream user synced: user_3HE0SV8kvYSMEx8ggz3MMpOGMYX[39m
[32m[Nest] 52668  - [39m03/08/2026, 5:48:53 pm [32m    LOG[39m [38;5;3m[StreamService] [39m[32mStream user synced: user_3HE0SV8kvYSMEx8ggz3MMpOGMYX[39m
[32m[Nest] 52668  - [39m03/08/2026, 5:48:55 pm [32m    LOG[39m [38;5;3m[StreamService] [39m[32mStream user synced: user_3HE0SV8kvYSMEx8ggz3MMpOGMYX[39m
[32m[Nest] 52668  - [39m03/08/2026, 5:49:52 pm [32m    LOG[39m [38;5;3m[StreamService] [39m[32mStream user synced: user_3HE0SV8kvYSMEx8ggz3MMpOGMYX[39m
[32m[Nest] 52668  - [39m03/08/2026, 5:49:52 pm [32m    LOG[39m [38;5;3m[StreamService] [39m[32mStream user synced: user_3HE0SV8kvYSMEx8ggz3MMpOGMYX[39m
[32m[Nest] 52668  - [39m03/08/2026, 5:50:52 pm [32m    LOG[39m [38;5;3m[StreamService] [39m[32mStream user synced: user_3HE0SV8kvYSMEx8ggz3MMpOGMYX[39m
[32m[Nest] 52668  - [39m03/08/2026, 5:50:52 pm [32m    LOG[39m [38;5;3m[StreamService] [39m[32mStream user synced: user_3HE0SV8kvYSMEx8ggz3MMpOGMYX[39m
[32m[Nest] 52668  - [39m03/08/2026, 5:51:52 pm [32m    LOG[39m [38;5;3m[StreamService] [39m[32mStream user synced: user_3HE0SV8kvYSMEx8ggz3MMpOGMYX[39m
[32m[Nest] 52668  - [39m03/08/2026, 5:51:53 pm [32m    LOG[39m [38;5;3m[StreamService] [39m[32mStream user synced: user_3HE0SV8kvYSMEx8ggz3MMpOGMYX[39m
[32m[Nest] 52668  - [39m03/08/2026, 5:52:52 pm [32m    LOG[39m [38;5;3m[StreamService] [39m[32mStream user synced: user_3HE0SV8kvYSMEx8ggz3MMpOGMYX[39m
[31m[Nest] 52668  - [39m03/08/2026, 5:53:01 pm [31m  ERROR[39m [38;5;3m[ExceptionsHandler] [39mClerkAPIResponseError
    at UserAPI.request [90m(C:\Users\Chirag Gupta\Desktop\enterprise-productivity\enterprise-productivity-backend\[39mnode_modules\[4m@clerk\backend[24m\src\api\request.ts:285:21[90m)[39m
[90m    at process.processTicksAndRejections (node:internal/process/task_queues:104:5)[39m
    at async ClerkAuthGuard.canActivate [90m(C:\Users\Chirag Gupta\Desktop\enterprise-productivity\enterprise-productivity-backend\[39msrc\clerk\clerk-auth.guard.ts:45:23[90m)[39m
    at async GuardsConsumer.tryActivate [90m(C:\Users\Chirag Gupta\Desktop\enterprise-productivity\enterprise-productivity-backend\[39mnode_modules\[4m@nestjs\core[24m\guards\guards-consumer.js:22:17[90m)[39m
    at async canActivateFn [90m(C:\Users\Chirag Gupta\Desktop\enterprise-productivity\enterprise-productivity-backend\[39mnode_modules\[4m@nestjs\core[24m\router\router-execution-context.js:138:33[90m)[39m
    at async [90mC:\Users\Chirag Gupta\Desktop\enterprise-productivity\enterprise-productivity-backend\[39mnode_modules\[4m@nestjs\core[24m\router\router-execution-context.js:42:31
    at async [90mC:\Users\Chirag Gupta\Desktop\enterprise-productivity\enterprise-productivity-backend\[39mnode_modules\[4m@nestjs\core[24m\router\router-proxy.js:9:17 {
  cause: [90mundefined[39m,
  clerkError: [33mtrue[39m,
  code: [32m'api_response_error'[39m,
  longMessage: [90mundefined[39m,
  docsUrl: [90mundefined[39m,
  status: [90mundefined[39m,
  clerkTraceId: [32m''[39m,
  retryAfter: [90mundefined[39m,
  errors: [
    {
      code: [32m'unexpected_error'[39m,
      message: [32m'fetch failed'[39m
    }
  ]
}
[32m[Nest] 52668  - [39m03/08/2026, 5:53:52 pm [32m    LOG[39m [38;5;3m[StreamService] [39m[32mStream user synced: user_3HE0SV8kvYSMEx8ggz3MMpOGMYX[39m
[32m[Nest] 52668  - [39m03/08/2026, 5:53:52 pm [32m    LOG[39m [38;5;3m[StreamService] [39m[32mStream user synced: user_3HE0SV8kvYSMEx8ggz3MMpOGMYX[39m
[32m[Nest] 52668  - [39m03/08/2026, 5:54:52 pm [32m    LOG[39m [38;5;3m[StreamService] [39m[32mStream user synced: user_3HE0SV8kvYSMEx8ggz3MMpOGMYX[39m
[32m[Nest] 52668  - [39m03/08/2026, 5:54:52 pm [32m    LOG[39m [38;5;3m[StreamService] [39m[32mStream user synced: user_3HE0SV8kvYSMEx8ggz3MMpOGMYX[39m
[32m[Nest] 52668  - [39m03/08/2026, 5:55:52 pm [32m    LOG[39m [38;5;3m[StreamService] [39m[32mStream user synced: user_3HE0SV8kvYSMEx8ggz3MMpOGMYX[39m
[32m[Nest] 52668  - [39m03/08/2026, 5:55:52 pm [32m    LOG[39m [38;5;3m[StreamService] [39m[32mStream user synced: user_3HE0SV8kvYSMEx8ggz3MMpOGMYX[39m
[32m[Nest] 52668  - [39m03/08/2026, 5:56:52 pm [32m    LOG[39m [38;5;3m[StreamService] [39m[32mStream user synced: user_3HE0SV8kvYSMEx8ggz3MMpOGMYX[39m
[32m[Nest] 52668  - [39m03/08/2026, 5:56:52 pm [32m    LOG[39m [38;5;3m[StreamService] [39m[32mStream user synced: user_3HE0SV8kvYSMEx8ggz3MMpOGMYX[39m
[32m[Nest] 52668  - [39m03/08/2026, 5:57:52 pm [32m    LOG[39m [38;5;3m[StreamService] [39m[32mStream user synced: user_3HE0SV8kvYSMEx8ggz3MMpOGMYX[39m
[32m[Nest] 52668  - [39m03/08/2026, 5:57:52 pm [32m    LOG[39m [38;5;3m[StreamService] [39m[32mStream user synced: user_3HE0SV8kvYSMEx8ggz3MMpOGMYX[39m
[32m[Nest] 52668  - [39m03/08/2026, 8:59:38 pm [32m    LOG[39m [38;5;3m[StreamService] [39m[32mStream user synced: user_3HE0SV8kvYSMEx8ggz3MMpOGMYX[39m
[32m[Nest] 52668  - [39m03/08/2026, 8:59:38 pm [32m    LOG[39m [38;5;3m[StreamService] [39m[32mStream user synced: user_3HE0SV8kvYSMEx8ggz3MMpOGMYX[39m
[32m[Nest] 52668  - [39m03/08/2026, 9:00:07 pm [32m    LOG[39m [38;5;3m[StreamService] [39m[32mStream user synced: user_3HE0SV8kvYSMEx8ggz3MMpOGMYX[39m
[32m[Nest] 52668  - [39m03/08/2026, 9:00:07 pm [32m    LOG[39m [38;5;3m[StreamService] [39m[32mStream user synced: user_3HE0SV8kvYSMEx8ggz3MMpOGMYX[39m
[32m[Nest] 52668  - [39m03/08/2026, 9:00:10 pm [32m    LOG[39m [38;5;3m[StreamService] [39m[32mStream user synced: user_3HE0SV8kvYSMEx8ggz3MMpOGMYX[39m
[32m[Nest] 52668  - [39m03/08/2026, 9:00:10 pm [32m    LOG[39m [38;5;3m[StreamService] [39m[32mStream user synced: user_3HE0SV8kvYSMEx8ggz3MMpOGMYX[39m
[32m[Nest] 52668  - [39m03/08/2026, 9:01:42 pm [32m    LOG[39m [38;5;3m[StreamService] [39m[32mStream user synced: user_3HE0SV8kvYSMEx8ggz3MMpOGMYX[39m
[32m[Nest] 52668  - [39m03/08/2026, 9:01:42 pm [32m    LOG[39m [38;5;3m[StreamService] [39m[32mStream user synced: user_3HE0SV8kvYSMEx8ggz3MMpOGMYX[39m
[32m[Nest] 52668  - [39m03/08/2026, 9:01:49 pm [32m    LOG[39m [38;5;3m[StreamService] [39m[32mStream user synced: user_3HE0SV8kvYSMEx8ggz3MMpOGMYX[39m
[32m[Nest] 52668  - [39m03/08/2026, 9:01:49 pm [32m    LOG[39m [38;5;3m[StreamService] [39m[32mStream user synced: user_3HE0SV8kvYSMEx8ggz3MMpOGMYX[39m
[2J[3J[H[[90m9:05:44 pm[0m] File change detected. Starting incremental compilation...

[[90m9:05:53 pm[0m] Found 0 errors. Watching for file changes.

[2J[3J[H[[90m9:05:54 pm[0m] File change detected. Starting incremental compilation...

[[90m9:05:57 pm[0m] Found 0 errors. Watching for file changes.

[2J[3J[H[[90m9:05:58 pm[0m] File change detected. Starting incremental compilation...

[[90m9:06:00 pm[0m] Found 0 errors. Watching for file changes.

[2J[3J[H[[90m9:06:01 pm[0m] File change detected. Starting incremental compilation...

[[90m9:06:03 pm[0m] Found 0 errors. Watching for file changes.

[2J[3J[H[[90m9:06:03 pm[0m] File change detected. Starting incremental compilation...

[[90m9:06:05 pm[0m] Found 0 errors. Watching for file changes.

[2J[3J[H[[90m9:06:05 pm[0m] File change detected. Starting incremental compilation...

[[90m9:06:06 pm[0m] Found 0 errors. Watching for file changes.

[2J[3J[H[[90m9:06:13 pm[0m] File change detected. Starting incremental compilation...

[[90m9:06:15 pm[0m] Found 0 errors. Watching for file changes.

[2J[3J[H[[90m9:06:15 pm[0m] File change detected. Starting incremental compilation...

[[90m9:06:17 pm[0m] Found 0 errors. Watching for file changes.

[2J[3J[H[[90m9:06:26 pm[0m] File change detected. Starting incremental compilation...

[[90m9:06:28 pm[0m] Found 0 errors. Watching for file changes.

[2J[3J[H[[90m9:06:39 pm[0m] File change detected. Starting incremental compilation...

[[90m9:06:40 pm[0m] Found 0 errors. Watching for file changes.

[2J[3J[H[[90m9:06:41 pm[0m] File change detected. Starting incremental compilation...

[[90m9:06:43 pm[0m] Found 0 errors. Watching for file changes.

[2J[3J[H[[90m9:06:55 pm[0m] File change detected. Starting incremental compilation...

[[90m9:06:58 pm[0m] Found 0 errors. Watching for file changes.

[2J[3J[H[[90m9:06:59 pm[0m] File change detected. Starting incremental compilation...

[[90m9:07:01 pm[0m] Found 0 errors. Watching for file changes.

[2J[3J[H[[90m9:07:23 pm[0m] File change detected. Starting incremental compilation...

[32m[Nest] 89420  - [39m03/08/2026, 9:07:26 pm [32m    LOG[39m [38;5;3m[NestFactory] [39m[32mStarting Nest application...[39m
[32m[Nest] 89420  - [39m03/08/2026, 9:07:26 pm [32m    LOG[39m [38;5;3m[InstanceLoader] [39m[32mAppModule dependencies initialized[39m[38;5;3m +63ms[39m
[32m[Nest] 89420  - [39m03/08/2026, 9:07:26 pm [32m    LOG[39m [38;5;3m[InstanceLoader] [39m[32mConfigModule dependencies initialized[39m[38;5;3m +0ms[39m
[32m[Nest] 89420  - [39m03/08/2026, 9:07:26 pm [32m    LOG[39m [38;5;3m[InstanceLoader] [39m[32mConfigHostModule dependencies initialized[39m[38;5;3m +1ms[39m
[32m[Nest] 89420  - [39m03/08/2026, 9:07:26 pm [32m    LOG[39m [38;5;3m[InstanceLoader] [39m[32mHealthModule dependencies initialized[39m[38;5;3m +90ms[39m
[32m[Nest] 89420  - [39m03/08/2026, 9:07:26 pm [32m    LOG[39m [38;5;3m[InstanceLoader] [39m[32mConfigModule dependencies initialized[39m[38;5;3m +0ms[39m
[32m[Nest] 89420  - [39m03/08/2026, 9:07:26 pm [32m    LOG[39m [38;5;3m[InstanceLoader] [39m[32mStreamModule dependencies initialized[39m[38;5;3m +0ms[39m
[32m[Nest] 89420  - [39m03/08/2026, 9:07:26 pm [32m    LOG[39m [38;5;3m[DrizzleProvider] [39m[32mPostgreSQL connection established successfully.[39m
[32m[Nest] 89420  - [39m03/08/2026, 9:07:26 pm [32m    LOG[39m [38;5;3m[InstanceLoader] [39m[32mDatabaseModule dependencies initialized[39m[38;5;3m +3ms[39m
[32m[Nest] 89420  - [39m03/08/2026, 9:07:26 pm [32m    LOG[39m [38;5;3m[InstanceLoader] [39m[32mUsersModule dependencies initialized[39m[38;5;3m +0ms[39m
[32m[Nest] 89420  - [39m03/08/2026, 9:07:26 pm [32m    LOG[39m [38;5;3m[InstanceLoader] [39m[32mNotificationsModule dependencies initialized[39m[38;5;3m +0ms[39m
[32m[Nest] 89420  - [39m03/08/2026, 9:07:26 pm [32m    LOG[39m [38;5;3m[InstanceLoader] [39m[32mDepartmentsModule dependencies initialized[39m[38;5;3m +1ms[39m
[32m[Nest] 89420  - [39m03/08/2026, 9:07:26 pm [32m    LOG[39m [38;5;3m[InstanceLoader] [39m[32mTasksModule dependencies initialized[39m[38;5;3m +0ms[39m
[32m[Nest] 89420  - [39m03/08/2026, 9:07:26 pm [32m    LOG[39m [38;5;3m[InstanceLoader] [39m[32mMeetingsModule dependencies initialized[39m[38;5;3m +0ms[39m
[32m[Nest] 89420  - [39m03/08/2026, 9:07:26 pm [32m    LOG[39m [38;5;3m[InstanceLoader] [39m[32mChannelsModule dependencies initialized[39m[38;5;3m +1ms[39m
[32m[Nest] 89420  - [39m03/08/2026, 9:07:26 pm [32m    LOG[39m [38;5;3m[InstanceLoader] [39m[32mProjectDocumentsModule dependencies initialized[39m[38;5;3m +0ms[39m
[32m[Nest] 89420  - [39m03/08/2026, 9:07:26 pm [32m    LOG[39m [38;5;3m[InstanceLoader] [39m[32mProjectsModule dependencies initialized[39m[38;5;3m +0ms[39m
[32m[Nest] 89420  - [39m03/08/2026, 9:07:26 pm [32m    LOG[39m [38;5;3m[InstanceLoader] [39m[32mProjectAnnouncementsModule dependencies initialized[39m[38;5;3m +0ms[39m
[32m[Nest] 89420  - [39m03/08/2026, 9:07:26 pm [32m    LOG[39m [38;5;3m[InstanceLoader] [39m[32mProjectMilestonesModule dependencies initialized[39m[38;5;3m +0ms[39m
[32m[Nest] 89420  - [39m03/08/2026, 9:07:26 pm [32m    LOG[39m [38;5;3m[InstanceLoader] [39m[32mAiSummaryModule dependencies initialized[39m[38;5;3m +2ms[39m
[32m[Nest] 89420  - [39m03/08/2026, 9:07:26 pm [32m    LOG[39m [38;5;3m[InstanceLoader] [39m[32mClerkModule dependencies initialized[39m[38;5;3m +3ms[39m
[32m[Nest] 89420  - [39m03/08/2026, 9:07:26 pm [32m    LOG[39m [38;5;3m[RoutesResolver] [39m[32mHealthController {/health}:[39m[38;5;3m +13ms[39m
[32m[Nest] 89420  - [39m03/08/2026, 9:07:26 pm [32m    LOG[39m [38;5;3m[RouterExplorer] [39m[32mMapped {/health, GET} route[39m[38;5;3m +5ms[39m
[32m[Nest] 89420  - [39m03/08/2026, 9:07:26 pm [32m    LOG[39m [38;5;3m[RoutesResolver] [39m[32mClerkTestController {/clerk-test}:[39m[38;5;3m +0ms[39m
[32m[Nest] 89420  - [39m03/08/2026, 9:07:26 pm [32m    LOG[39m [38;5;3m[RouterExplorer] [39m[32mMapped {/clerk-test/me, GET} route[39m[38;5;3m +2ms[39m
[32m[Nest] 89420  - [39m03/08/2026, 9:07:26 pm [32m    LOG[39m [38;5;3m[RoutesResolver] [39m[32mStreamController {/stream}:[39m[38;5;3m +0ms[39m
[32m[Nest] 89420  - [39m03/08/2026, 9:07:26 pm [32m    LOG[39m [38;5;3m[RouterExplorer] [39m[32mMapped {/stream/token, GET} route[39m[38;5;3m +1ms[39m
[32m[Nest] 89420  - [39m03/08/2026, 9:07:26 pm [32m    LOG[39m [38;5;3m[RoutesResolver] [39m[32mUsersController {/users}:[39m[38;5;3m +0ms[39m
[32m[Nest] 89420  - [39m03/08/2026, 9:07:26 pm [32m    LOG[39m [38;5;3m[RouterExplorer] [39m[32mMapped {/users/me, GET} route[39m[38;5;3m +1ms[39m
[32m[Nest] 89420  - [39m03/08/2026, 9:07:26 pm [32m    LOG[39m [38;5;3m[RouterExplorer] [39m[32mMapped {/users, GET} route[39m[38;5;3m +1ms[39m
[32m[Nest] 89420  - [39m03/08/2026, 9:07:26 pm [32m    LOG[39m [38;5;3m[RouterExplorer] [39m[32mMapped {/users/:clerkId/role, PATCH} route[39m[38;5;3m +1ms[39m
[32m[Nest] 89420  - [39m03/08/2026, 9:07:26 pm [32m    LOG[39m [38;5;3m[RoutesResolver] [39m[32mChatController {/chat}:[39m[38;5;3m +0ms[39m
[32m[Nest] 89420  - [39m03/08/2026, 9:07:26 pm [32m    LOG[39m [38;5;3m[RouterExplorer] [39m[32mMapped {/chat/token, GET} route[39m[38;5;3m +2ms[39m
[32m[Nest] 89420  - [39m03/08/2026, 9:07:26 pm [32m    LOG[39m [38;5;3m[RouterExplorer] [39m[32mMapped {/chat/direct, POST} route[39m[38;5;3m +1ms[39m
[32m[Nest] 89420  - [39m03/08/2026, 9:07:26 pm [32m    LOG[39m [38;5;3m[RouterExplorer] [39m[32mMapped {/chat/group, POST} route[39m[38;5;3m +1ms[39m
[32m[Nest] 89420  - [39m03/08/2026, 9:07:26 pm [32m    LOG[39m [38;5;3m[RouterExplorer] [39m[32mMapped {/chat/groups/:channelId, GET} route[39m[38;5;3m +0ms[39m
[32m[Nest] 89420  - [39m03/08/2026, 9:07:26 pm [32m    LOG[39m [38;5;3m[RouterExplorer] [39m[32mMapped {/chat/groups/:channelId, PATCH} route[39m[38;5;3m +1ms[39m
[32m[Nest] 89420  - [39m03/08/2026, 9:07:26 pm [32m    LOG[39m [38;5;3m[RouterExplorer] [39m[32mMapped {/chat/groups/:channelId/avatar, PUT} route[39m[38;5;3m +0ms[39m
[32m[Nest] 89420  - [39m03/08/2026, 9:07:26 pm [32m    LOG[39m [38;5;3m[RouterExplorer] [39m[32mMapped {/chat/groups/:channelId/avatar, DELETE} route[39m[38;5;3m +0ms[39m
[32m[Nest] 89420  - [39m03/08/2026, 9:07:26 pm [32m    LOG[39m [38;5;3m[RouterExplorer] [39m[32mMapped {/chat/groups/:channelId/members/:memberId, POST} route[39m[38;5;3m +1ms[39m
[32m[Nest] 89420  - [39m03/08/2026, 9:07:26 pm [32m    LOG[39m [38;5;3m[RouterExplorer] [39m[32mMapped {/chat/groups/:channelId/members/:memberId, DELETE} route[39m[38;5;3m +0ms[39m
[32m[Nest] 89420  - [39m03/08/2026, 9:07:26 pm [32m    LOG[39m [38;5;3m[RouterExplorer] [39m[32mMapped {/chat/groups/:channelId/leave, POST} route[39m[38;5;3m +0ms[39m
[32m[Nest] 89420  - [39m03/08/2026, 9:07:26 pm [32m    LOG[39m [38;5;3m[RouterExplorer] [39m[32mMapped {/chat/groups/:channelId/moderators/:memberId, POST} route[39m[38;5;3m +1ms[39m
[32m[Nest] 89420  - [39m03/08/2026, 9:07:26 pm [32m    LOG[39m [38;5;3m[RouterExplorer] [39m[32mMapped {/chat/groups/:channelId/moderators/:memberId, DELETE} route[39m[38;5;3m +0ms[39m
[32m[Nest] 89420  - [39m03/08/2026, 9:07:26 pm [32m    LOG[39m [38;5;3m[RoutesResolver] [39m[32mTasksController {/tasks}:[39m[38;5;3m +0ms[39m
[32m[Nest] 89420  - [39m03/08/2026, 9:07:26 pm [32m    LOG[39m [38;5;3m[RouterExplorer] [39m[32mMapped {/tasks, POST} route[39m[38;5;3m +0ms[39m
[32m[Nest] 89420  - [39m03/08/2026, 9:07:26 pm [32m    LOG[39m [38;5;3m[RouterExplorer] [39m[32mMapped {/tasks, GET} route[39m[38;5;3m +0ms[39m
[32m[Nest] 89420  - [39m03/08/2026, 9:07:26 pm [32m    LOG[39m [38;5;3m[RouterExplorer] [39m[32mMapped {/tasks/:id, GET} route[39m[38;5;3m +1ms[39m
[32m[Nest] 89420  - [39m03/08/2026, 9:07:26 pm [32m    LOG[39m [38;5;3m[RouterExplorer] [39m[32mMapped {/tasks/:id/channel, POST} route[39m[38;5;3m +0ms[39m
[32m[Nest] 89420  - [39m03/08/2026, 9:07:26 pm [32m    LOG[39m [38;5;3m[RouterExplorer] [39m[32mMapped {/tasks/:id, PATCH} route[39m[38;5;3m +0ms[39m
[32m[Nest] 89420  - [39m03/08/2026, 9:07:26 pm [32m    LOG[39m [38;5;3m[RouterExplorer] [39m[32mMapped {/tasks/:id/status, PATCH} route[39m[38;5;3m +0ms[39m
[32m[Nest] 89420  - [39m03/08/2026, 9:07:26 pm [32m    LOG[39m [38;5;3m[RouterExplorer] [39m[32mMapped {/tasks/:id, DELETE} route[39m[38;5;3m +1ms[39m
[32m[Nest] 89420  - [39m03/08/2026, 9:07:26 pm [32m    LOG[39m [38;5;3m[RoutesResolver] [39m[32mMeetingsController {/meetings}:[39m[38;5;3m +0ms[39m
[32m[Nest] 89420  - [39m03/08/2026, 9:07:26 pm [32m    LOG[39m [38;5;3m[RouterExplorer] [39m[32mMapped {/meetings, POST} route[39m[38;5;3m +0ms[39m
[32m[Nest] 89420  - [39m03/08/2026, 9:07:26 pm [32m    LOG[39m [38;5;3m[RouterExplorer] [39m[32mMapped {/meetings, GET} route[39m[38;5;3m +0ms[39m
[32m[Nest] 89420  - [39m03/08/2026, 9:07:26 pm [32m    LOG[39m [38;5;3m[RouterExplorer] [39m[32mMapped {/meetings/:id, GET} route[39m[38;5;3m +0ms[39m
[32m[Nest] 89420  - [39m03/08/2026, 9:07:26 pm [32m    LOG[39m [38;5;3m[RouterExplorer] [39m[32mMapped {/meetings/:id, PATCH} route[39m[38;5;3m +1ms[39m
[32m[Nest] 89420  - [39m03/08/2026, 9:07:26 pm [32m    LOG[39m [38;5;3m[RouterExplorer] [39m[32mMapped {/meetings/:id, DELETE} route[39m[38;5;3m +0ms[39m
[32m[Nest] 89420  - [39m03/08/2026, 9:07:26 pm [32m    LOG[39m [38;5;3m[RouterExplorer] [39m[32mMapped {/meetings/:id/join, POST} route[39m[38;5;3m +0ms[39m
[32m[Nest] 89420  - [39m03/08/2026, 9:07:26 pm [32m    LOG[39m [38;5;3m[RouterExplorer] [39m[32mMapped {/meetings/:id/leave, POST} route[39m[38;5;3m +0ms[39m
[32m[Nest] 89420  - [39m03/08/2026, 9:07:26 pm [32m    LOG[39m [38;5;3m[RoutesResolver] [39m[32mDepartmentsController {/departments}:[39m[38;5;3m +1ms[39m
[32m[Nest] 89420  - [39m03/08/2026, 9:07:26 pm [32m    LOG[39m [38;5;3m[RouterExplorer] [39m[32mMapped {/departments, POST} route[39m[38;5;3m +0ms[39m
[32m[Nest] 89420  - [39m03/08/2026, 9:07:26 pm [32m    LOG[39m [38;5;3m[RouterExplorer] [39m[32mMapped {/departments/mine, GET} route[39m[38;5;3m +0ms[39m
[32m[Nest] 89420  - [39m03/08/2026, 9:07:26 pm [32m    LOG[39m [38;5;3m[RouterExplorer] [39m[32mMapped {/departments/:id, GET} route[39m[38;5;3m +0ms[39m
[32m[Nest] 89420  - [39m03/08/2026, 9:07:26 pm [32m    LOG[39m [38;5;3m[RouterExplorer] [39m[32mMapped {/departments/:id, PATCH} route[39m[38;5;3m +1ms[39m
[32m[Nest] 89420  - [39m03/08/2026, 9:07:26 pm [32m    LOG[39m [38;5;3m[RouterExplorer] [39m[32mMapped {/departments/:id, DELETE} route[39m[38;5;3m +0ms[39m
[32m[Nest] 89420  - [39m03/08/2026, 9:07:26 pm [32m    LOG[39m [38;5;3m[RouterExplorer] [39m[32mMapped {/departments/:id/members/:memberId, POST} route[39m[38;5;3m +0ms[39m
[32m[Nest] 89420  - [39m03/08/2026, 9:07:26 pm [32m    LOG[39m [38;5;3m[RouterExplorer] [39m[32mMapped {/departments/:id/members/:memberId, DELETE} route[39m[38;5;3m +0ms[39m
[32m[Nest] 89420  - [39m03/08/2026, 9:07:26 pm [32m    LOG[39m [38;5;3m[RoutesResolver] [39m[32mChannelsController {/channels}:[39m[38;5;3m +0ms[39m
[32m[Nest] 89420  - [39m03/08/2026, 9:07:26 pm [32m    LOG[39m [38;5;3m[RouterExplorer] [39m[32mMapped {/channels, POST} route[39m[38;5;3m +1ms[39m
[32m[Nest] 89420  - [39m03/08/2026, 9:07:26 pm [32m    LOG[39m [38;5;3m[RouterExplorer] [39m[32mMapped {/channels, GET} route[39m[38;5;3m +17ms[39m
[32m[Nest] 89420  - [39m03/08/2026, 9:07:26 pm [32m    LOG[39m [38;5;3m[RouterExplorer] [39m[32mMapped {/channels/:id, GET} route[39m[38;5;3m +1ms[39m
[32m[Nest] 89420  - [39m03/08/2026, 9:07:26 pm [32m    LOG[39m [38;5;3m[RouterExplorer] [39m[32mMapped {/channels/:id, PATCH} route[39m[38;5;3m +0ms[39m
[32m[Nest] 89420  - [39m03/08/2026, 9:07:26 pm [32m    LOG[39m [38;5;3m[RouterExplorer] [39m[32mMapped {/channels/:id, DELETE} route[39m[38;5;3m +0ms[39m
[32m[Nest] 89420  - [39m03/08/2026, 9:07:26 pm [32m    LOG[39m [38;5;3m[RouterExplorer] [39m[32mMapped {/channels/:id/join, POST} route[39m[38;5;3m +6ms[39m
[32m[Nest] 89420  - [39m03/08/2026, 9:07:26 pm [32m    LOG[39m [38;5;3m[RouterExplorer] [39m[32mMapped {/channels/:id/leave, POST} route[39m[38;5;3m +1ms[39m
[32m[Nest] 89420  - [39m03/08/2026, 9:07:26 pm [32m    LOG[39m [38;5;3m[RouterExplorer] [39m[32mMapped {/channels/:id/members, GET} route[39m[38;5;3m +0ms[39m
[32m[Nest] 89420  - [39m03/08/2026, 9:07:26 pm [32m    LOG[39m [38;5;3m[RouterExplorer] [39m[32mMapped {/channels/:id/members/:memberId, POST} route[39m[38;5;3m +1ms[39m
[32m[Nest] 89420  - [39m03/08/2026, 9:07:26 pm [32m    LOG[39m [38;5;3m[RouterExplorer] [39m[32mMapped {/channels/:id/members/:memberId, DELETE} route[39m[38;5;3m +1ms[39m
[32m[Nest] 89420  - [39m03/08/2026, 9:07:26 pm [32m    LOG[39m [38;5;3m[RoutesResolver] [39m[32mNotificationsController {/notifications}:[39m[38;5;3m +1ms[39m
[32m[Nest] 89420  - [39m03/08/2026, 9:07:26 pm [32m    LOG[39m [38;5;3m[RouterExplorer] [39m[32mMapped {/notifications, GET} route[39m[38;5;3m +0ms[39m
[32m[Nest] 89420  - [39m03/08/2026, 9:07:26 pm [32m    LOG[39m [38;5;3m[RouterExplorer] [39m[32mMapped {/notifications/unread-count, GET} route[39m[38;5;3m +1ms[39m
[32m[Nest] 89420  - [39m03/08/2026, 9:07:26 pm [32m    LOG[39m [38;5;3m[RouterExplorer] [39m[32mMapped {/notifications/:id/read, PATCH} route[39m[38;5;3m +0ms[39m
[32m[Nest] 89420  - [39m03/08/2026, 9:07:26 pm [32m    LOG[39m [38;5;3m[RouterExplorer] [39m[32mMapped {/notifications/read-all, PATCH} route[39m[38;5;3m +0ms[39m
[32m[Nest] 89420  - [39m03/08/2026, 9:07:26 pm [32m    LOG[39m [38;5;3m[RouterExplorer] [39m[32mMapped {/notifications/self, POST} route[39m[38;5;3m +0ms[39m
[32m[Nest] 89420  - [39m03/08/2026, 9:07:26 pm [32m    LOG[39m [38;5;3m[RoutesResolver] [39m[32mProjectsController {/projects}:[39m[38;5;3m +0ms[39m
[32m[Nest] 89420  - [39m03/08/2026, 9:07:26 pm [32m    LOG[39m [38;5;3m[RouterExplorer] [39m[32mMapped {/projects, POST} route[39m[38;5;3m +1ms[39m
[32m[Nest] 89420  - [39m03/08/2026, 9:07:26 pm [32m    LOG[39m [38;5;3m[RouterExplorer] [39m[32mMapped {/projects, GET} route[39m[38;5;3m +0ms[39m
[32m[Nest] 89420  - [39m03/08/2026, 9:07:26 pm [32m    LOG[39m [38;5;3m[RouterExplorer] [39m[32mMapped {/projects/:id, GET} route[39m[38;5;3m +0ms[39m
[32m[Nest] 89420  - [39m03/08/2026, 9:07:26 pm [32m    LOG[39m [38;5;3m[RouterExplorer] [39m[32mMapped {/projects/:id, PATCH} route[39m[38;5;3m +0ms[39m
[32m[Nest] 89420  - [39m03/08/2026, 9:07:26 pm [32m    LOG[39m [38;5;3m[RouterExplorer] [39m[32mMapped {/projects/:id, DELETE} route[39m[38;5;3m +1ms[39m
[32m[Nest] 89420  - [39m03/08/2026, 9:07:26 pm [32m    LOG[39m [38;5;3m[RouterExplorer] [39m[32mMapped {/projects/:id/members, GET} route[39m[38;5;3m +1ms[39m
[32m[Nest] 89420  - [39m03/08/2026, 9:07:26 pm [32m    LOG[39m [38;5;3m[RouterExplorer] [39m[32mMapped {/projects/:id/members, POST} route[39m[38;5;3m +0ms[39m
[32m[Nest] 89420  - [39m03/08/2026, 9:07:26 pm [32m    LOG[39m [38;5;3m[RouterExplorer] [39m[32mMapped {/projects/:id/members/:memberId, PATCH} route[39m[38;5;3m +1ms[39m
[32m[Nest] 89420  - [39m03/08/2026, 9:07:26 pm [32m    LOG[39m [38;5;3m[RouterExplorer] [39m[32mMapped {/projects/:id/members/:memberId, DELETE} route[39m[38;5;3m +0ms[39m
[32m[Nest] 89420  - [39m03/08/2026, 9:07:26 pm [32m    LOG[39m [38;5;3m[RoutesResolver] [39m[32mProjectAnnouncementsController {/projects/:projectId/announcements}:[39m[38;5;3m +1ms[39m
[32m[Nest] 89420  - [39m03/08/2026, 9:07:26 pm [32m    LOG[39m [38;5;3m[RouterExplorer] [39m[32mMapped {/projects/:projectId/announcements, GET} route[39m[38;5;3m +0ms[39m
[32m[Nest] 89420  - [39m03/08/2026, 9:07:26 pm [32m    LOG[39m [38;5;3m[RouterExplorer] [39m[32mMapped {/projects/:projectId/announcements, POST} route[39m[38;5;3m +2ms[39m
[32m[Nest] 89420  - [39m03/08/2026, 9:07:26 pm [32m    LOG[39m [38;5;3m[RouterExplorer] [39m[32mMapped {/projects/:projectId/announcements/:id, PATCH} route[39m[38;5;3m +1ms[39m
[32m[Nest] 89420  - [39m03/08/2026, 9:07:26 pm [32m    LOG[39m [38;5;3m[RouterExplorer] [39m[32mMapped {/projects/:projectId/announcements/:id/pin, PATCH} route[39m[38;5;3m +1ms[39m
[32m[Nest] 89420  - [39m03/08/2026, 9:07:26 pm [32m    LOG[39m [38;5;3m[RouterExplorer] [39m[32mMapped {/projects/:projectId/announcements/:id, DELETE} route[39m[38;5;3m +0ms[39m
[32m[Nest] 89420  - [39m03/08/2026, 9:07:26 pm [32m    LOG[39m [38;5;3m[RouterExplorer] [39m[32mMapped {/projects/:projectId/announcements/:id/reactions, POST} route[39m[38;5;3m +0ms[39m
[32m[Nest] 89420  - [39m03/08/2026, 9:07:26 pm [32m    LOG[39m [38;5;3m[RouterExplorer] [39m[32mMapped {/projects/:projectId/announcements/:id/reactions/:emoji, DELETE} route[39m[38;5;3m +1ms[39m
[32m[Nest] 89420  - [39m03/08/2026, 9:07:26 pm [32m    LOG[39m [38;5;3m[RoutesResolver] [39m[32mProjectDocumentsController {/projects/:projectId/documents}:[39m[38;5;3m +0ms[39m
[32m[Nest] 89420  - [39m03/08/2026, 9:07:26 pm [32m    LOG[39m [38;5;3m[RouterExplorer] [39m[32mMapped {/projects/:projectId/documents, POST} route[39m[38;5;3m +1ms[39m
[32m[Nest] 89420  - [39m03/08/2026, 9:07:26 pm [32m    LOG[39m [38;5;3m[RouterExplorer] [39m[32mMapped {/projects/:projectId/documents, GET} route[39m[38;5;3m +0ms[39m
[32m[Nest] 89420  - [39m03/08/2026, 9:07:26 pm [32m    LOG[39m [38;5;3m[RouterExplorer] [39m[32mMapped {/projects/:projectId/documents/:id/download, GET} route[39m[38;5;3m +0ms[39m
[32m[Nest] 89420  - [39m03/08/2026, 9:07:26 pm [32m    LOG[39m [38;5;3m[RouterExplorer] [39m[32mMapped {/projects/:projectId/documents/:id/preview, GET} route[39m[38;5;3m +1ms[39m
[32m[Nest] 89420  - [39m03/08/2026, 9:07:26 pm [32m    LOG[39m [38;5;3m[RouterExplorer] [39m[32mMapped {/projects/:projectId/documents/:id, DELETE} route[39m[38;5;3m +0ms[39m
[32m[Nest] 89420  - [39m03/08/2026, 9:07:26 pm [32m    LOG[39m [38;5;3m[RoutesResolver] [39m[32mProjectMilestonesController {/projects/:projectId/milestones}:[39m[38;5;3m +0ms[39m
[32m[Nest] 89420  - [39m03/08/2026, 9:07:26 pm [32m    LOG[39m [38;5;3m[RouterExplorer] [39m[32mMapped {/projects/:projectId/milestones, GET} route[39m[38;5;3m +1ms[39m
[32m[Nest] 89420  - [39m03/08/2026, 9:07:26 pm [32m    LOG[39m [38;5;3m[RouterExplorer] [39m[32mMapped {/projects/:projectId/milestones, POST} route[39m[38;5;3m +0ms[39m
[32m[Nest] 89420  - [39m03/08/2026, 9:07:26 pm [32m    LOG[39m [38;5;3m[RouterExplorer] [39m[32mMapped {/projects/:projectId/milestones/:id, PATCH} route[39m[38;5;3m +1ms[39m
[32m[Nest] 89420  - [39m03/08/2026, 9:07:26 pm [32m    LOG[39m [38;5;3m[RouterExplorer] [39m[32mMapped {/projects/:projectId/milestones/:id/status, PATCH} route[39m[38;5;3m +2ms[39m
[32m[Nest] 89420  - [39m03/08/2026, 9:07:26 pm [32m    LOG[39m [38;5;3m[RouterExplorer] [39m[32mMapped {/projects/:projectId/milestones/:id/progress, PATCH} route[39m[38;5;3m +0ms[39m
[32m[Nest] 89420  - [39m03/08/2026, 9:07:26 pm [32m    LOG[39m [38;5;3m[RouterExplorer] [39m[32mMapped {/projects/:projectId/milestones/:id, DELETE} route[39m[38;5;3m +1ms[39m
[32m[Nest] 89420  - [39m03/08/2026, 9:07:26 pm [32m    LOG[39m [38;5;3m[RoutesResolver] [39m[32mAiSummaryController {/projects/:projectId/ai-summary}:[39m[38;5;3m +1ms[39m
[32m[Nest] 89420  - [39m03/08/2026, 9:07:26 pm [32m    LOG[39m [38;5;3m[RouterExplorer] [39m[32mMapped {/projects/:projectId/ai-summary, GET} route[39m[38;5;3m +0ms[39m
[32m[Nest] 89420  - [39m03/08/2026, 9:07:26 pm [32m    LOG[39m [38;5;3m[StreamService] [39m[32mStream Chat server client initialized.[39m
[[90m9:07:27 pm[0m] Found 0 errors. Watching for file changes.

[2J[3J[H[[90m9:07:27 pm[0m] File change detected. Starting incremental compilation...

[[90m9:07:29 pm[0m] Found 0 errors. Watching for file changes.

[2J[3J[H[[90m9:07:35 pm[0m] File change detected. Starting incremental compilation...

[[90m9:07:36 pm[0m] Found 0 errors. Watching for file changes.

[2J[3J[H[[90m9:07:48 pm[0m] File change detected. Starting incremental compilation...

[[90m9:07:50 pm[0m] Found 0 errors. Watching for file changes.

[2J[3J[H[[90m9:08:07 pm[0m] File change detected. Starting incremental compilation...

[32m[Nest] 55608  - [39m03/08/2026, 9:08:08 pm [32m    LOG[39m [38;5;3m[NestFactory] [39m[32mStarting Nest application...[39m
[32m[Nest] 55608  - [39m03/08/2026, 9:08:08 pm [32m    LOG[39m [38;5;3m[InstanceLoader] [39m[32mAppModule dependencies initialized[39m[38;5;3m +36ms[39m
[32m[Nest] 55608  - [39m03/08/2026, 9:08:08 pm [32m    LOG[39m [38;5;3m[InstanceLoader] [39m[32mConfigModule dependencies initialized[39m[38;5;3m +0ms[39m
[32m[Nest] 55608  - [39m03/08/2026, 9:08:08 pm [32m    LOG[39m [38;5;3m[InstanceLoader] [39m[32mConfigHostModule dependencies initialized[39m[38;5;3m +1ms[39m
[32m[Nest] 55608  - [39m03/08/2026, 9:08:08 pm [32m    LOG[39m [38;5;3m[InstanceLoader] [39m[32mHealthModule dependencies initialized[39m[38;5;3m +70ms[39m
[32m[Nest] 55608  - [39m03/08/2026, 9:08:08 pm [32m    LOG[39m [38;5;3m[InstanceLoader] [39m[32mConfigModule dependencies initialized[39m[38;5;3m +0ms[39m
[32m[Nest] 55608  - [39m03/08/2026, 9:08:08 pm [32m    LOG[39m [38;5;3m[InstanceLoader] [39m[32mStreamModule dependencies initialized[39m[38;5;3m +0ms[39m
[32m[Nest] 55608  - [39m03/08/2026, 9:08:08 pm [32m    LOG[39m [38;5;3m[DrizzleProvider] [39m[32mPostgreSQL connection established successfully.[39m
[32m[Nest] 55608  - [39m03/08/2026, 9:08:08 pm [32m    LOG[39m [38;5;3m[InstanceLoader] [39m[32mDatabaseModule dependencies initialized[39m[38;5;3m +2ms[39m
[32m[Nest] 55608  - [39m03/08/2026, 9:08:08 pm [32m    LOG[39m [38;5;3m[InstanceLoader] [39m[32mUsersModule dependencies initialized[39m[38;5;3m +1ms[39m
[32m[Nest] 55608  - [39m03/08/2026, 9:08:08 pm [32m    LOG[39m [38;5;3m[InstanceLoader] [39m[32mNotificationsModule dependencies initialized[39m[38;5;3m +1ms[39m
[32m[Nest] 55608  - [39m03/08/2026, 9:08:08 pm [32m    LOG[39m [38;5;3m[InstanceLoader] [39m[32mDepartmentsModule dependencies initialized[39m[38;5;3m +1ms[39m
[32m[Nest] 55608  - [39m03/08/2026, 9:08:08 pm [32m    LOG[39m [38;5;3m[InstanceLoader] [39m[32mTasksModule dependencies initialized[39m[38;5;3m +0ms[39m
[32m[Nest] 55608  - [39m03/08/2026, 9:08:08 pm [32m    LOG[39m [38;5;3m[InstanceLoader] [39m[32mMeetingsModule dependencies initialized[39m[38;5;3m +0ms[39m
[32m[Nest] 55608  - [39m03/08/2026, 9:08:08 pm [32m    LOG[39m [38;5;3m[InstanceLoader] [39m[32mChannelsModule dependencies initialized[39m[38;5;3m +1ms[39m
[32m[Nest] 55608  - [39m03/08/2026, 9:08:08 pm [32m    LOG[39m [38;5;3m[InstanceLoader] [39m[32mProjectDocumentsModule dependencies initialized[39m[38;5;3m +0ms[39m
[32m[Nest] 55608  - [39m03/08/2026, 9:08:08 pm [32m    LOG[39m [38;5;3m[InstanceLoader] [39m[32mProjectsModule dependencies initialized[39m[38;5;3m +0ms[39m
[32m[Nest] 55608  - [39m03/08/2026, 9:08:08 pm [32m    LOG[39m [38;5;3m[InstanceLoader] [39m[32mProjectAnnouncementsModule dependencies initialized[39m[38;5;3m +0ms[39m
[32m[Nest] 55608  - [39m03/08/2026, 9:08:08 pm [32m    LOG[39m [38;5;3m[InstanceLoader] [39m[32mProjectMilestonesModule dependencies initialized[39m[38;5;3m +0ms[39m
[32m[Nest] 55608  - [39m03/08/2026, 9:08:08 pm [32m    LOG[39m [38;5;3m[InstanceLoader] [39m[32mAiSummaryModule dependencies initialized[39m[38;5;3m +1ms[39m
[32m[Nest] 55608  - [39m03/08/2026, 9:08:08 pm [32m    LOG[39m [38;5;3m[InstanceLoader] [39m[32mClerkModule dependencies initialized[39m[38;5;3m +3ms[39m
[32m[Nest] 55608  - [39m03/08/2026, 9:08:08 pm [32m    LOG[39m [38;5;3m[RoutesResolver] [39m[32mHealthController {/health}:[39m[38;5;3m +12ms[39m
[32m[Nest] 55608  - [39m03/08/2026, 9:08:08 pm [32m    LOG[39m [38;5;3m[RouterExplorer] [39m[32mMapped {/health, GET} route[39m[38;5;3m +5ms[39m
[32m[Nest] 55608  - [39m03/08/2026, 9:08:08 pm [32m    LOG[39m [38;5;3m[RoutesResolver] [39m[32mClerkTestController {/clerk-test}:[39m[38;5;3m +0ms[39m
[32m[Nest] 55608  - [39m03/08/2026, 9:08:08 pm [32m    LOG[39m [38;5;3m[RouterExplorer] [39m[32mMapped {/clerk-test/me, GET} route[39m[38;5;3m +2ms[39m
[32m[Nest] 55608  - [39m03/08/2026, 9:08:08 pm [32m    LOG[39m [38;5;3m[RoutesResolver] [39m[32mStreamController {/stream}:[39m[38;5;3m +0ms[39m
[32m[Nest] 55608  - [39m03/08/2026, 9:08:08 pm [32m    LOG[39m [38;5;3m[RouterExplorer] [39m[32mMapped {/stream/token, GET} route[39m[38;5;3m +1ms[39m
[32m[Nest] 55608  - [39m03/08/2026, 9:08:08 pm [32m    LOG[39m [38;5;3m[RoutesResolver] [39m[32mUsersController {/users}:[39m[38;5;3m +0ms[39m
[32m[Nest] 55608  - [39m03/08/2026, 9:08:08 pm [32m    LOG[39m [38;5;3m[RouterExplorer] [39m[32mMapped {/users/me, GET} route[39m[38;5;3m +1ms[39m
[32m[Nest] 55608  - [39m03/08/2026, 9:08:08 pm [32m    LOG[39m [38;5;3m[RouterExplorer] [39m[32mMapped {/users, GET} route[39m[38;5;3m +1ms[39m
[32m[Nest] 55608  - [39m03/08/2026, 9:08:08 pm [32m    LOG[39m [38;5;3m[RouterExplorer] [39m[32mMapped {/users/:clerkId/role, PATCH} route[39m[38;5;3m +1ms[39m
[32m[Nest] 55608  - [39m03/08/2026, 9:08:08 pm [32m    LOG[39m [38;5;3m[RoutesResolver] [39m[32mChatController {/chat}:[39m[38;5;3m +0ms[39m
[32m[Nest] 55608  - [39m03/08/2026, 9:08:08 pm [32m    LOG[39m [38;5;3m[RouterExplorer] [39m[32mMapped {/chat/token, GET} route[39m[38;5;3m +1ms[39m
[32m[Nest] 55608  - [39m03/08/2026, 9:08:08 pm [32m    LOG[39m [38;5;3m[RouterExplorer] [39m[32mMapped {/chat/direct, POST} route[39m[38;5;3m +1ms[39m
[32m[Nest] 55608  - [39m03/08/2026, 9:08:08 pm [32m    LOG[39m [38;5;3m[RouterExplorer] [39m[32mMapped {/chat/group, POST} route[39m[38;5;3m +0ms[39m
[32m[Nest] 55608  - [39m03/08/2026, 9:08:08 pm [32m    LOG[39m [38;5;3m[RouterExplorer] [39m[32mMapped {/chat/groups/:channelId, GET} route[39m[38;5;3m +1ms[39m
[32m[Nest] 55608  - [39m03/08/2026, 9:08:08 pm [32m    LOG[39m [38;5;3m[RouterExplorer] [39m[32mMapped {/chat/groups/:channelId, PATCH} route[39m[38;5;3m +0ms[39m
[32m[Nest] 55608  - [39m03/08/2026, 9:08:08 pm [32m    LOG[39m [38;5;3m[RouterExplorer] [39m[32mMapped {/chat/groups/:channelId/avatar, PUT} route[39m[38;5;3m +0ms[39m
[32m[Nest] 55608  - [39m03/08/2026, 9:08:08 pm [32m    LOG[39m [38;5;3m[RouterExplorer] [39m[32mMapped {/chat/groups/:channelId/avatar, DELETE} route[39m[38;5;3m +1ms[39m
[32m[Nest] 55608  - [39m03/08/2026, 9:08:08 pm [32m    LOG[39m [38;5;3m[RouterExplorer] [39m[32mMapped {/chat/groups/:channelId/members/:memberId, POST} route[39m[38;5;3m +0ms[39m
[32m[Nest] 55608  - [39m03/08/2026, 9:08:08 pm [32m    LOG[39m [38;5;3m[RouterExplorer] [39m[32mMapped {/chat/groups/:channelId/members/:memberId, DELETE} route[39m[38;5;3m +1ms[39m
[32m[Nest] 55608  - [39m03/08/2026, 9:08:08 pm [32m    LOG[39m [38;5;3m[RouterExplorer] [39m[32mMapped {/chat/groups/:channelId/leave, POST} route[39m[38;5;3m +0ms[39m
[32m[Nest] 55608  - [39m03/08/2026, 9:08:08 pm [32m    LOG[39m [38;5;3m[RouterExplorer] [39m[32mMapped {/chat/groups/:channelId/moderators/:memberId, POST} route[39m[38;5;3m +0ms[39m
[32m[Nest] 55608  - [39m03/08/2026, 9:08:08 pm [32m    LOG[39m [38;5;3m[RouterExplorer] [39m[32mMapped {/chat/groups/:channelId/moderators/:memberId, DELETE} route[39m[38;5;3m +0ms[39m
[32m[Nest] 55608  - [39m03/08/2026, 9:08:08 pm [32m    LOG[39m [38;5;3m[RoutesResolver] [39m[32mTasksController {/tasks}:[39m[38;5;3m +1ms[39m
[32m[Nest] 55608  - [39m03/08/2026, 9:08:08 pm [32m    LOG[39m [38;5;3m[RouterExplorer] [39m[32mMapped {/tasks, POST} route[39m[38;5;3m +0ms[39m
[32m[Nest] 55608  - [39m03/08/2026, 9:08:08 pm [32m    LOG[39m [38;5;3m[RouterExplorer] [39m[32mMapped {/tasks, GET} route[39m[38;5;3m +0ms[39m
[32m[Nest] 55608  - [39m03/08/2026, 9:08:08 pm [32m    LOG[39m [38;5;3m[RouterExplorer] [39m[32mMapped {/tasks/:id, GET} route[39m[38;5;3m +0ms[39m
[32m[Nest] 55608  - [39m03/08/2026, 9:08:08 pm [32m    LOG[39m [38;5;3m[RouterExplorer] [39m[32mMapped {/tasks/:id/channel, POST} route[39m[38;5;3m +1ms[39m
[32m[Nest] 55608  - [39m03/08/2026, 9:08:08 pm [32m    LOG[39m [38;5;3m[RouterExplorer] [39m[32mMapped {/tasks/:id, PATCH} route[39m[38;5;3m +0ms[39m
[32m[Nest] 55608  - [39m03/08/2026, 9:08:08 pm [32m    LOG[39m [38;5;3m[RouterExplorer] [39m[32mMapped {/tasks/:id/status, PATCH} route[39m[38;5;3m +0ms[39m
[32m[Nest] 55608  - [39m03/08/2026, 9:08:08 pm [32m    LOG[39m [38;5;3m[RouterExplorer] [39m[32mMapped {/tasks/:id, DELETE} route[39m[38;5;3m +0ms[39m
[32m[Nest] 55608  - [39m03/08/2026, 9:08:08 pm [32m    LOG[39m [38;5;3m[RoutesResolver] [39m[32mMeetingsController {/meetings}:[39m[38;5;3m +1ms[39m
[32m[Nest] 55608  - [39m03/08/2026, 9:08:08 pm [32m    LOG[39m [38;5;3m[RouterExplorer] [39m[32mMapped {/meetings, POST} route[39m[38;5;3m +0ms[39m
[32m[Nest] 55608  - [39m03/08/2026, 9:08:08 pm [32m    LOG[39m [38;5;3m[RouterExplorer] [39m[32mMapped {/meetings, GET} route[39m[38;5;3m +0ms[39m
[32m[Nest] 55608  - [39m03/08/2026, 9:08:08 pm [32m    LOG[39m [38;5;3m[RouterExplorer] [39m[32mMapped {/meetings/:id, GET} route[39m[38;5;3m +0ms[39m
[32m[Nest] 55608  - [39m03/08/2026, 9:08:08 pm [32m    LOG[39m [38;5;3m[RouterExplorer] [39m[32mMapped {/meetings/:id, PATCH} route[39m[38;5;3m +1ms[39m
[32m[Nest] 55608  - [39m03/08/2026, 9:08:08 pm [32m    LOG[39m [38;5;3m[RouterExplorer] [39m[32mMapped {/meetings/:id, DELETE} route[39m[38;5;3m +0ms[39m
[32m[Nest] 55608  - [39m03/08/2026, 9:08:08 pm [32m    LOG[39m [38;5;3m[RouterExplorer] [39m[32mMapped {/meetings/:id/join, POST} route[39m[38;5;3m +0ms[39m
[32m[Nest] 55608  - [39m03/08/2026, 9:08:08 pm [32m    LOG[39m [38;5;3m[RouterExplorer] [39m[32mMapped {/meetings/:id/leave, POST} route[39m[38;5;3m +1ms[39m
[32m[Nest] 55608  - [39m03/08/2026, 9:08:08 pm [32m    LOG[39m [38;5;3m[RoutesResolver] [39m[32mDepartmentsController {/departments}:[39m[38;5;3m +0ms[39m
[32m[Nest] 55608  - [39m03/08/2026, 9:08:08 pm [32m    LOG[39m [38;5;3m[RouterExplorer] [39m[32mMapped {/departments, POST} route[39m[38;5;3m +0ms[39m
[32m[Nest] 55608  - [39m03/08/2026, 9:08:08 pm [32m    LOG[39m [38;5;3m[RouterExplorer] [39m[32mMapped {/departments/mine, GET} route[39m[38;5;3m +0ms[39m
[32m[Nest] 55608  - [39m03/08/2026, 9:08:08 pm [32m    LOG[39m [38;5;3m[RouterExplorer] [39m[32mMapped {/departments/:id, GET} route[39m[38;5;3m +1ms[39m
[32m[Nest] 55608  - [39m03/08/2026, 9:08:08 pm [32m    LOG[39m [38;5;3m[RouterExplorer] [39m[32mMapped {/departments/:id, PATCH} route[39m[38;5;3m +0ms[39m
[32m[Nest] 55608  - [39m03/08/2026, 9:08:08 pm [32m    LOG[39m [38;5;3m[RouterExplorer] [39m[32mMapped {/departments/:id, DELETE} route[39m[38;5;3m +1ms[39m
[32m[Nest] 55608  - [39m03/08/2026, 9:08:08 pm [32m    LOG[39m [38;5;3m[RouterExplorer] [39m[32mMapped {/departments/:id/members/:memberId, POST} route[39m[38;5;3m +0ms[39m
[32m[Nest] 55608  - [39m03/08/2026, 9:08:08 pm [32m    LOG[39m [38;5;3m[RouterExplorer] [39m[32mMapped {/departments/:id/members/:memberId, DELETE} route[39m[38;5;3m +0ms[39m
[32m[Nest] 55608  - [39m03/08/2026, 9:08:08 pm [32m    LOG[39m [38;5;3m[RoutesResolver] [39m[32mChannelsController {/channels}:[39m[38;5;3m +1ms[39m
[32m[Nest] 55608  - [39m03/08/2026, 9:08:08 pm [32m    LOG[39m [38;5;3m[RouterExplorer] [39m[32mMapped {/channels, POST} route[39m[38;5;3m +0ms[39m
[32m[Nest] 55608  - [39m03/08/2026, 9:08:08 pm [32m    LOG[39m [38;5;3m[RouterExplorer] [39m[32mMapped {/channels, GET} route[39m[38;5;3m +1ms[39m
[32m[Nest] 55608  - [39m03/08/2026, 9:08:08 pm [32m    LOG[39m [38;5;3m[RouterExplorer] [39m[32mMapped {/channels/:id, GET} route[39m[38;5;3m +1ms[39m
[32m[Nest] 55608  - [39m03/08/2026, 9:08:08 pm [32m    LOG[39m [38;5;3m[RouterExplorer] [39m[32mMapped {/channels/:id, PATCH} route[39m[38;5;3m +0ms[39m
[32m[Nest] 55608  - [39m03/08/2026, 9:08:08 pm [32m    LOG[39m [38;5;3m[RouterExplorer] [39m[32mMapped {/channels/:id, DELETE} route[39m[38;5;3m +1ms[39m
[32m[Nest] 55608  - [39m03/08/2026, 9:08:08 pm [32m    LOG[39m [38;5;3m[RouterExplorer] [39m[32mMapped {/channels/:id/join, POST} route[39m[38;5;3m +1ms[39m
[32m[Nest] 55608  - [39m03/08/2026, 9:08:08 pm [32m    LOG[39m [38;5;3m[RouterExplorer] [39m[32mMapped {/channels/:id/leave, POST} route[39m[38;5;3m +1ms[39m
[32m[Nest] 55608  - [39m03/08/2026, 9:08:08 pm [32m    LOG[39m [38;5;3m[RouterExplorer] [39m[32mMapped {/channels/:id/members, GET} route[39m[38;5;3m +1ms[39m
[32m[Nest] 55608  - [39m03/08/2026, 9:08:08 pm [32m    LOG[39m [38;5;3m[RouterExplorer] [39m[32mMapped {/channels/:id/members/:memberId, POST} route[39m[38;5;3m +1ms[39m
[32m[Nest] 55608  - [39m03/08/2026, 9:08:08 pm [32m    LOG[39m [38;5;3m[RouterExplorer] [39m[32mMapped {/channels/:id/members/:memberId, DELETE} route[39m[38;5;3m +0ms[39m
[32m[Nest] 55608  - [39m03/08/2026, 9:08:08 pm [32m    LOG[39m [38;5;3m[RoutesResolver] [39m[32mNotificationsController {/notifications}:[39m[38;5;3m +0ms[39m
[32m[Nest] 55608  - [39m03/08/2026, 9:08:08 pm [32m    LOG[39m [38;5;3m[RouterExplorer] [39m[32mMapped {/notifications, GET} route[39m[38;5;3m +1ms[39m
[32m[Nest] 55608  - [39m03/08/2026, 9:08:08 pm [32m    LOG[39m [38;5;3m[RouterExplorer] [39m[32mMapped {/notifications/unread-count, GET} route[39m[38;5;3m +0ms[39m
[32m[Nest] 55608  - [39m03/08/2026, 9:08:08 pm [32m    LOG[39m [38;5;3m[RouterExplorer] [39m[32mMapped {/notifications/:id/read, PATCH} route[39m[38;5;3m +0ms[39m
[32m[Nest] 55608  - [39m03/08/2026, 9:08:08 pm [32m    LOG[39m [38;5;3m[RouterExplorer] [39m[32mMapped {/notifications/read-all, PATCH} route[39m[38;5;3m +1ms[39m
[32m[Nest] 55608  - [39m03/08/2026, 9:08:08 pm [32m    LOG[39m [38;5;3m[RouterExplorer] [39m[32mMapped {/notifications/self, POST} route[39m[38;5;3m +0ms[39m
[32m[Nest] 55608  - [39m03/08/2026, 9:08:08 pm [32m    LOG[39m [38;5;3m[RoutesResolver] [39m[32mProjectsController {/projects}:[39m[38;5;3m +0ms[39m
[32m[Nest] 55608  - [39m03/08/2026, 9:08:08 pm [32m    LOG[39m [38;5;3m[RouterExplorer] [39m[32mMapped {/projects, POST} route[39m[38;5;3m +1ms[39m
[32m[Nest] 55608  - [39m03/08/2026, 9:08:08 pm [32m    LOG[39m [38;5;3m[RouterExplorer] [39m[32mMapped {/projects, GET} route[39m[38;5;3m +1ms[39m
[32m[Nest] 55608  - [39m03/08/2026, 9:08:08 pm [32m    LOG[39m [38;5;3m[RouterExplorer] [39m[32mMapped {/projects/:id, GET} route[39m[38;5;3m +0ms[39m
[32m[Nest] 55608  - [39m03/08/2026, 9:08:08 pm [32m    LOG[39m [38;5;3m[RouterExplorer] [39m[32mMapped {/projects/:id, PATCH} route[39m[38;5;3m +1ms[39m
[32m[Nest] 55608  - [39m03/08/2026, 9:08:08 pm [32m    LOG[39m [38;5;3m[RouterExplorer] [39m[32mMapped {/projects/:id, DELETE} route[39m[38;5;3m +1ms[39m
[32m[Nest] 55608  - [39m03/08/2026, 9:08:08 pm [32m    LOG[39m [38;5;3m[RouterExplorer] [39m[32mMapped {/projects/:id/members, GET} route[39m[38;5;3m +2ms[39m
[32m[Nest] 55608  - [39m03/08/2026, 9:08:08 pm [32m    LOG[39m [38;5;3m[RouterExplorer] [39m[32mMapped {/projects/:id/members, POST} route[39m[38;5;3m +1ms[39m
[32m[Nest] 55608  - [39m03/08/2026, 9:08:08 pm [32m    LOG[39m [38;5;3m[RouterExplorer] [39m[32mMapped {/projects/:id/members/:memberId, PATCH} route[39m[38;5;3m +2ms[39m
[32m[Nest] 55608  - [39m03/08/2026, 9:08:08 pm [32m    LOG[39m [38;5;3m[RouterExplorer] [39m[32mMapped {/projects/:id/members/:memberId, DELETE} route[39m[38;5;3m +0ms[39m
[32m[Nest] 55608  - [39m03/08/2026, 9:08:08 pm [32m    LOG[39m [38;5;3m[RoutesResolver] [39m[32mProjectAnnouncementsController {/projects/:projectId/announcements}:[39m[38;5;3m +0ms[39m
[32m[Nest] 55608  - [39m03/08/2026, 9:08:08 pm [32m    LOG[39m [38;5;3m[RouterExplorer] [39m[32mMapped {/projects/:projectId/announcements, GET} route[39m[38;5;3m +1ms[39m
[32m[Nest] 55608  - [39m03/08/2026, 9:08:08 pm [32m    LOG[39m [38;5;3m[RouterExplorer] [39m[32mMapped {/projects/:projectId/announcements, POST} route[39m[38;5;3m +0ms[39m
[32m[Nest] 55608  - [39m03/08/2026, 9:08:08 pm [32m    LOG[39m [38;5;3m[RouterExplorer] [39m[32mMapped {/projects/:projectId/announcements/:id, PATCH} route[39m[38;5;3m +0ms[39m
[32m[Nest] 55608  - [39m03/08/2026, 9:08:08 pm [32m    LOG[39m [38;5;3m[RouterExplorer] [39m[32mMapped {/projects/:projectId/announcements/:id/pin, PATCH} route[39m[38;5;3m +0ms[39m
[32m[Nest] 55608  - [39m03/08/2026, 9:08:08 pm [32m    LOG[39m [38;5;3m[RouterExplorer] [39m[32mMapped {/projects/:projectId/announcements/:id, DELETE} route[39m[38;5;3m +1ms[39m
[32m[Nest] 55608  - [39m03/08/2026, 9:08:08 pm [32m    LOG[39m [38;5;3m[RouterExplorer] [39m[32mMapped {/projects/:projectId/announcements/:id/reactions, POST} route[39m[38;5;3m +39ms[39m
[32m[Nest] 55608  - [39m03/08/2026, 9:08:08 pm [32m    LOG[39m [38;5;3m[RouterExplorer] [39m[32mMapped {/projects/:projectId/announcements/:id/reactions/:emoji, DELETE} route[39m[38;5;3m +22ms[39m
[32m[Nest] 55608  - [39m03/08/2026, 9:08:08 pm [32m    LOG[39m [38;5;3m[RoutesResolver] [39m[32mProjectDocumentsController {/projects/:projectId/documents}:[39m[38;5;3m +7ms[39m
[32m[Nest] 55608  - [39m03/08/2026, 9:08:08 pm [32m    LOG[39m [38;5;3m[RouterExplorer] [39m[32mMapped {/projects/:projectId/documents, POST} route[39m[38;5;3m +1ms[39m
[32m[Nest] 55608  - [39m03/08/2026, 9:08:08 pm [32m    LOG[39m [38;5;3m[RouterExplorer] [39m[32mMapped {/projects/:projectId/documents, GET} route[39m[38;5;3m +0ms[39m
[32m[Nest] 55608  - [39m03/08/2026, 9:08:08 pm [32m    LOG[39m [38;5;3m[RouterExplorer] [39m[32mMapped {/projects/:projectId/documents/:id/download, GET} route[39m[38;5;3m +1ms[39m
[32m[Nest] 55608  - [39m03/08/2026, 9:08:08 pm [32m    LOG[39m [38;5;3m[RouterExplorer] [39m[32mMapped {/projects/:projectId/documents/:id/preview, GET} route[39m[38;5;3m +0ms[39m
[32m[Nest] 55608  - [39m03/08/2026, 9:08:08 pm [32m    LOG[39m [38;5;3m[RouterExplorer] [39m[32mMapped {/projects/:projectId/documents/:id, DELETE} route[39m[38;5;3m +0ms[39m
[32m[Nest] 55608  - [39m03/08/2026, 9:08:08 pm [32m    LOG[39m [38;5;3m[RoutesResolver] [39m[32mProjectMilestonesController {/projects/:projectId/milestones}:[39m[38;5;3m +1ms[39m
[32m[Nest] 55608  - [39m03/08/2026, 9:08:08 pm [32m    LOG[39m [38;5;3m[RouterExplorer] [39m[32mMapped {/projects/:projectId/milestones, GET} route[39m[38;5;3m +0ms[39m
[32m[Nest] 55608  - [39m03/08/2026, 9:08:08 pm [32m    LOG[39m [38;5;3m[RouterExplorer] [39m[32mMapped {/projects/:projectId/milestones, POST} route[39m[38;5;3m +0ms[39m
[32m[Nest] 55608  - [39m03/08/2026, 9:08:08 pm [32m    LOG[39m [38;5;3m[RouterExplorer] [39m[32mMapped {/projects/:projectId/milestones/:id, PATCH} route[39m[38;5;3m +0ms[39m
[32m[Nest] 55608  - [39m03/08/2026, 9:08:08 pm [32m    LOG[39m [38;5;3m[RouterExplorer] [39m[32mMapped {/projects/:projectId/milestones/:id/status, PATCH} route[39m[38;5;3m +1ms[39m
[32m[Nest] 55608  - [39m03/08/2026, 9:08:08 pm [32m    LOG[39m [38;5;3m[RouterExplorer] [39m[32mMapped {/projects/:projectId/milestones/:id/progress, PATCH} route[39m[38;5;3m +3ms[39m
[32m[Nest] 55608  - [39m03/08/2026, 9:08:08 pm [32m    LOG[39m [38;5;3m[RouterExplorer] [39m[32mMapped {/projects/:projectId/milestones/:id, DELETE} route[39m[38;5;3m +1ms[39m
[32m[Nest] 55608  - [39m03/08/2026, 9:08:08 pm [32m    LOG[39m [38;5;3m[RoutesResolver] [39m[32mAiSummaryController {/projects/:projectId/ai-summary}:[39m[38;5;3m +0ms[39m
[32m[Nest] 55608  - [39m03/08/2026, 9:08:08 pm [32m    LOG[39m [38;5;3m[RouterExplorer] [39m[32mMapped {/projects/:projectId/ai-summary, GET} route[39m[38;5;3m +0ms[39m
[32m[Nest] 55608  - [39m03/08/2026, 9:08:08 pm [32m    LOG[39m [38;5;3m[StreamService] [39m[32mStream Chat server client initialized.[39m
[[90m9:08:09 pm[0m] Found 0 errors. Watching for file changes.

[2J[3J[H[[90m9:08:09 pm[0m] File change detected. Starting incremental compilation...

[[90m9:08:11 pm[0m] Found 0 errors. Watching for file changes.

[2J[3J[H[[90m9:08:16 pm[0m] File change detected. Starting incremental compilation...

[[90m9:08:18 pm[0m] Found 0 errors. Watching for file changes.

[2J[3J[H[[90m9:08:18 pm[0m] File change detected. Starting incremental compilation...

[[90m9:08:20 pm[0m] Found 0 errors. Watching for file changes.

[2J[3J[H[[90m9:08:29 pm[0m] File change detected. Starting incremental compilation...

[[90m9:08:32 pm[0m] Found 0 errors. Watching for file changes.

[2J[3J[H[[90m9:08:33 pm[0m] File change detected. Starting incremental compilation...

[[90m9:08:34 pm[0m] Found 0 errors. Watching for file changes.

[2J[3J[H[[90m9:08:34 pm[0m] File change detected. Starting incremental compilation...

[[90m9:08:36 pm[0m] Found 0 errors. Watching for file changes.

[32m[Nest] 50988  - [39m03/08/2026, 9:08:49 pm [32m    LOG[39m [38;5;3m[NestFactory] [39m[32mStarting Nest application...[39m
[32m[Nest] 50988  - [39m03/08/2026, 9:08:49 pm [32m    LOG[39m [38;5;3m[InstanceLoader] [39m[32mAppModule dependencies initialized[39m[38;5;3m +43ms[39m
[32m[Nest] 50988  - [39m03/08/2026, 9:08:49 pm [32m    LOG[39m [38;5;3m[InstanceLoader] [39m[32mConfigModule dependencies initialized[39m[38;5;3m +1ms[39m
[32m[Nest] 50988  - [39m03/08/2026, 9:08:49 pm [32m    LOG[39m [38;5;3m[InstanceLoader] [39m[32mConfigHostModule dependencies initialized[39m[38;5;3m +0ms[39m
[32m[Nest] 50988  - [39m03/08/2026, 9:08:49 pm [32m    LOG[39m [38;5;3m[InstanceLoader] [39m[32mHealthModule dependencies initialized[39m[38;5;3m +85ms[39m
[32m[Nest] 50988  - [39m03/08/2026, 9:08:49 pm [32m    LOG[39m [38;5;3m[InstanceLoader] [39m[32mConfigModule dependencies initialized[39m[38;5;3m +0ms[39m
[32m[Nest] 50988  - [39m03/08/2026, 9:08:49 pm [32m    LOG[39m [38;5;3m[InstanceLoader] [39m[32mStreamModule dependencies initialized[39m[38;5;3m +0ms[39m
[32m[Nest] 50988  - [39m03/08/2026, 9:08:50 pm [32m    LOG[39m [38;5;3m[DrizzleProvider] [39m[32mPostgreSQL connection established successfully.[39m
[32m[Nest] 50988  - [39m03/08/2026, 9:08:50 pm [32m    LOG[39m [38;5;3m[InstanceLoader] [39m[32mDatabaseModule dependencies initialized[39m[38;5;3m +2ms[39m
[32m[Nest] 50988  - [39m03/08/2026, 9:08:50 pm [32m    LOG[39m [38;5;3m[InstanceLoader] [39m[32mUsersModule dependencies initialized[39m[38;5;3m +1ms[39m
[32m[Nest] 50988  - [39m03/08/2026, 9:08:50 pm [32m    LOG[39m [38;5;3m[InstanceLoader] [39m[32mNotificationsModule dependencies initialized[39m[38;5;3m +0ms[39m
[32m[Nest] 50988  - [39m03/08/2026, 9:08:50 pm [32m    LOG[39m [38;5;3m[InstanceLoader] [39m[32mDepartmentsModule dependencies initialized[39m[38;5;3m +1ms[39m
[32m[Nest] 50988  - [39m03/08/2026, 9:08:50 pm [32m    LOG[39m [38;5;3m[InstanceLoader] [39m[32mTasksModule dependencies initialized[39m[38;5;3m +1ms[39m
[32m[Nest] 50988  - [39m03/08/2026, 9:08:50 pm [32m    LOG[39m [38;5;3m[InstanceLoader] [39m[32mMeetingsModule dependencies initialized[39m[38;5;3m +0ms[39m
[32m[Nest] 50988  - [39m03/08/2026, 9:08:50 pm [32m    LOG[39m [38;5;3m[InstanceLoader] [39m[32mChannelsModule dependencies initialized[39m[38;5;3m +0ms[39m
[32m[Nest] 50988  - [39m03/08/2026, 9:08:50 pm [32m    LOG[39m [38;5;3m[InstanceLoader] [39m[32mProjectDocumentsModule dependencies initialized[39m[38;5;3m +0ms[39m
[32m[Nest] 50988  - [39m03/08/2026, 9:08:50 pm [32m    LOG[39m [38;5;3m[InstanceLoader] [39m[32mProjectsModule dependencies initialized[39m[38;5;3m +0ms[39m
[32m[Nest] 50988  - [39m03/08/2026, 9:08:50 pm [32m    LOG[39m [38;5;3m[InstanceLoader] [39m[32mProjectAnnouncementsModule dependencies initialized[39m[38;5;3m +1ms[39m
[32m[Nest] 50988  - [39m03/08/2026, 9:08:50 pm [32m    LOG[39m [38;5;3m[InstanceLoader] [39m[32mProjectMilestonesModule dependencies initialized[39m[38;5;3m +0ms[39m
[32m[Nest] 50988  - [39m03/08/2026, 9:08:50 pm [32m    LOG[39m [38;5;3m[InstanceLoader] [39m[32mAiSummaryModule dependencies initialized[39m[38;5;3m +1ms[39m
[32m[Nest] 50988  - [39m03/08/2026, 9:08:50 pm [32m    LOG[39m [38;5;3m[InstanceLoader] [39m[32mClerkModule dependencies initialized[39m[38;5;3m +2ms[39m
[32m[Nest] 50988  - [39m03/08/2026, 9:08:50 pm [32m    LOG[39m [38;5;3m[RoutesResolver] [39m[32mHealthController {/health}:[39m[38;5;3m +11ms[39m
[32m[Nest] 50988  - [39m03/08/2026, 9:08:50 pm [32m    LOG[39m [38;5;3m[RouterExplorer] [39m[32mMapped {/health, GET} route[39m[38;5;3m +14ms[39m
[32m[Nest] 50988  - [39m03/08/2026, 9:08:50 pm [32m    LOG[39m [38;5;3m[RoutesResolver] [39m[32mClerkTestController {/clerk-test}:[39m[38;5;3m +0ms[39m
[32m[Nest] 50988  - [39m03/08/2026, 9:08:50 pm [32m    LOG[39m [38;5;3m[RouterExplorer] [39m[32mMapped {/clerk-test/me, GET} route[39m[38;5;3m +2ms[39m
[32m[Nest] 50988  - [39m03/08/2026, 9:08:50 pm [32m    LOG[39m [38;5;3m[RoutesResolver] [39m[32mStreamController {/stream}:[39m[38;5;3m +0ms[39m
[32m[Nest] 50988  - [39m03/08/2026, 9:08:50 pm [32m    LOG[39m [38;5;3m[RouterExplorer] [39m[32mMapped {/stream/token, GET} route[39m[38;5;3m +1ms[39m
[32m[Nest] 50988  - [39m03/08/2026, 9:08:50 pm [32m    LOG[39m [38;5;3m[RoutesResolver] [39m[32mUsersController {/users}:[39m[38;5;3m +0ms[39m
[32m[Nest] 50988  - [39m03/08/2026, 9:08:50 pm [32m    LOG[39m [38;5;3m[RouterExplorer] [39m[32mMapped {/users/me, GET} route[39m[38;5;3m +1ms[39m
[32m[Nest] 50988  - [39m03/08/2026, 9:08:50 pm [32m    LOG[39m [38;5;3m[RouterExplorer] [39m[32mMapped {/users, GET} route[39m[38;5;3m +1ms[39m
[32m[Nest] 50988  - [39m03/08/2026, 9:08:50 pm [32m    LOG[39m [38;5;3m[RouterExplorer] [39m[32mMapped {/users/:clerkId/role, PATCH} route[39m[38;5;3m +1ms[39m
[32m[Nest] 50988  - [39m03/08/2026, 9:08:50 pm [32m    LOG[39m [38;5;3m[RoutesResolver] [39m[32mChatController {/chat}:[39m[38;5;3m +1ms[39m
[32m[Nest] 50988  - [39m03/08/2026, 9:08:50 pm [32m    LOG[39m [38;5;3m[RouterExplorer] [39m[32mMapped {/chat/token, GET} route[39m[38;5;3m +1ms[39m
[32m[Nest] 50988  - [39m03/08/2026, 9:08:50 pm [32m    LOG[39m [38;5;3m[RouterExplorer] [39m[32mMapped {/chat/direct, POST} route[39m[38;5;3m +4ms[39m
[32m[Nest] 50988  - [39m03/08/2026, 9:08:50 pm [32m    LOG[39m [38;5;3m[RouterExplorer] [39m[32mMapped {/chat/group, POST} route[39m[38;5;3m +1ms[39m
[32m[Nest] 50988  - [39m03/08/2026, 9:08:50 pm [32m    LOG[39m [38;5;3m[RouterExplorer] [39m[32mMapped {/chat/groups/:channelId, GET} route[39m[38;5;3m +1ms[39m
[32m[Nest] 50988  - [39m03/08/2026, 9:08:50 pm [32m    LOG[39m [38;5;3m[RouterExplorer] [39m[32mMapped {/chat/groups/:channelId, PATCH} route[39m[38;5;3m +2ms[39m
[32m[Nest] 50988  - [39m03/08/2026, 9:08:50 pm [32m    LOG[39m [38;5;3m[RouterExplorer] [39m[32mMapped {/chat/groups/:channelId/avatar, PUT} route[39m[38;5;3m +0ms[39m
[32m[Nest] 50988  - [39m03/08/2026, 9:08:50 pm [32m    LOG[39m [38;5;3m[RouterExplorer] [39m[32mMapped {/chat/groups/:channelId/avatar, DELETE} route[39m[38;5;3m +1ms[39m
[32m[Nest] 50988  - [39m03/08/2026, 9:08:50 pm [32m    LOG[39m [38;5;3m[RouterExplorer] [39m[32mMapped {/chat/groups/:channelId/members/:memberId, POST} route[39m[38;5;3m +0ms[39m
[32m[Nest] 50988  - [39m03/08/2026, 9:08:50 pm [32m    LOG[39m [38;5;3m[RouterExplorer] [39m[32mMapped {/chat/groups/:channelId/members/:memberId, DELETE} route[39m[38;5;3m +1ms[39m
[32m[Nest] 50988  - [39m03/08/2026, 9:08:50 pm [32m    LOG[39m [38;5;3m[RouterExplorer] [39m[32mMapped {/chat/groups/:channelId/leave, POST} route[39m[38;5;3m +0ms[39m
[32m[Nest] 50988  - [39m03/08/2026, 9:08:50 pm [32m    LOG[39m [38;5;3m[RouterExplorer] [39m[32mMapped {/chat/groups/:channelId/moderators/:memberId, POST} route[39m[38;5;3m +0ms[39m
[32m[Nest] 50988  - [39m03/08/2026, 9:08:50 pm [32m    LOG[39m [38;5;3m[RouterExplorer] [39m[32mMapped {/chat/groups/:channelId/moderators/:memberId, DELETE} route[39m[38;5;3m +0ms[39m
[32m[Nest] 50988  - [39m03/08/2026, 9:08:50 pm [32m    LOG[39m [38;5;3m[RoutesResolver] [39m[32mTasksController {/tasks}:[39m[38;5;3m +1ms[39m
[32m[Nest] 50988  - [39m03/08/2026, 9:08:50 pm [32m    LOG[39m [38;5;3m[RouterExplorer] [39m[32mMapped {/tasks, POST} route[39m[38;5;3m +0ms[39m
[32m[Nest] 50988  - [39m03/08/2026, 9:08:50 pm [32m    LOG[39m [38;5;3m[RouterExplorer] [39m[32mMapped {/tasks, GET} route[39m[38;5;3m +0ms[39m
[32m[Nest] 50988  - [39m03/08/2026, 9:08:50 pm [32m    LOG[39m [38;5;3m[RouterExplorer] [39m[32mMapped {/tasks/:id, GET} route[39m[38;5;3m +1ms[39m
[32m[Nest] 50988  - [39m03/08/2026, 9:08:50 pm [32m    LOG[39m [38;5;3m[RouterExplorer] [39m[32mMapped {/tasks/:id/channel, POST} route[39m[38;5;3m +0ms[39m
[32m[Nest] 50988  - [39m03/08/2026, 9:08:50 pm [32m    LOG[39m [38;5;3m[RouterExplorer] [39m[32mMapped {/tasks/:id, PATCH} route[39m[38;5;3m +0ms[39m
[32m[Nest] 50988  - [39m03/08/2026, 9:08:50 pm [32m    LOG[39m [38;5;3m[RouterExplorer] [39m[32mMapped {/tasks/:id/status, PATCH} route[39m[38;5;3m +0ms[39m
[32m[Nest] 50988  - [39m03/08/2026, 9:08:50 pm [32m    LOG[39m [38;5;3m[RouterExplorer] [39m[32mMapped {/tasks/:id, DELETE} route[39m[38;5;3m +1ms[39m
[32m[Nest] 50988  - [39m03/08/2026, 9:08:50 pm [32m    LOG[39m [38;5;3m[RoutesResolver] [39m[32mMeetingsController {/meetings}:[39m[38;5;3m +0ms[39m
[32m[Nest] 50988  - [39m03/08/2026, 9:08:50 pm [32m    LOG[39m [38;5;3m[RouterExplorer] [39m[32mMapped {/meetings, POST} route[39m[38;5;3m +0ms[39m
[32m[Nest] 50988  - [39m03/08/2026, 9:08:50 pm [32m    LOG[39m [38;5;3m[RouterExplorer] [39m[32mMapped {/meetings, GET} route[39m[38;5;3m +0ms[39m
[32m[Nest] 50988  - [39m03/08/2026, 9:08:50 pm [32m    LOG[39m [38;5;3m[RouterExplorer] [39m[32mMapped {/meetings/:id, GET} route[39m[38;5;3m +1ms[39m
[32m[Nest] 50988  - [39m03/08/2026, 9:08:50 pm [32m    LOG[39m [38;5;3m[RouterExplorer] [39m[32mMapped {/meetings/:id, PATCH} route[39m[38;5;3m +0ms[39m
[32m[Nest] 50988  - [39m03/08/2026, 9:08:50 pm [32m    LOG[39m [38;5;3m[RouterExplorer] [39m[32mMapped {/meetings/:id, DELETE} route[39m[38;5;3m +0ms[39m
[32m[Nest] 50988  - [39m03/08/2026, 9:08:50 pm [32m    LOG[39m [38;5;3m[RouterExplorer] [39m[32mMapped {/meetings/:id/join, POST} route[39m[38;5;3m +0ms[39m
[32m[Nest] 50988  - [39m03/08/2026, 9:08:50 pm [32m    LOG[39m [38;5;3m[RouterExplorer] [39m[32mMapped {/meetings/:id/leave, POST} route[39m[38;5;3m +1ms[39m
[32m[Nest] 50988  - [39m03/08/2026, 9:08:50 pm [32m    LOG[39m [38;5;3m[RoutesResolver] [39m[32mDepartmentsController {/departments}:[39m[38;5;3m +0ms[39m
[32m[Nest] 50988  - [39m03/08/2026, 9:08:50 pm [32m    LOG[39m [38;5;3m[RouterExplorer] [39m[32mMapped {/departments, POST} route[39m[38;5;3m +0ms[39m
[32m[Nest] 50988  - [39m03/08/2026, 9:08:50 pm [32m    LOG[39m [38;5;3m[RouterExplorer] [39m[32mMapped {/departments/mine, GET} route[39m[38;5;3m +0ms[39m
[32m[Nest] 50988  - [39m03/08/2026, 9:08:50 pm [32m    LOG[39m [38;5;3m[RouterExplorer] [39m[32mMapped {/departments/:id, GET} route[39m[38;5;3m +1ms[39m
[32m[Nest] 50988  - [39m03/08/2026, 9:08:50 pm [32m    LOG[39m [38;5;3m[RouterExplorer] [39m[32mMapped {/departments/:id, PATCH} route[39m[38;5;3m +0ms[39m
[32m[Nest] 50988  - [39m03/08/2026, 9:08:50 pm [32m    LOG[39m [38;5;3m[RouterExplorer] [39m[32mMapped {/departments/:id, DELETE} route[39m[38;5;3m +0ms[39m
[32m[Nest] 50988  - [39m03/08/2026, 9:08:50 pm [32m    LOG[39m [38;5;3m[RouterExplorer] [39m[32mMapped {/departments/:id/members/:memberId, POST} route[39m[38;5;3m +0ms[39m
[32m[Nest] 50988  - [39m03/08/2026, 9:08:50 pm [32m    LOG[39m [38;5;3m[RouterExplorer] [39m[32mMapped {/departments/:id/members/:memberId, DELETE} route[39m[38;5;3m +1ms[39m
[32m[Nest] 50988  - [39m03/08/2026, 9:08:50 pm [32m    LOG[39m [38;5;3m[RoutesResolver] [39m[32mChannelsController {/channels}:[39m[38;5;3m +0ms[39m
[32m[Nest] 50988  - [39m03/08/2026, 9:08:50 pm [32m    LOG[39m [38;5;3m[RouterExplorer] [39m[32mMapped {/channels, POST} route[39m[38;5;3m +2ms[39m
[32m[Nest] 50988  - [39m03/08/2026, 9:08:50 pm [32m    LOG[39m [38;5;3m[RouterExplorer] [39m[32mMapped {/channels, GET} route[39m[38;5;3m +10ms[39m
[32m[Nest] 50988  - [39m03/08/2026, 9:08:50 pm [32m    LOG[39m [38;5;3m[RouterExplorer] [39m[32mMapped {/channels/:id, GET} route[39m[38;5;3m +0ms[39m
[32m[Nest] 50988  - [39m03/08/2026, 9:08:50 pm [32m    LOG[39m [38;5;3m[RouterExplorer] [39m[32mMapped {/channels/:id, PATCH} route[39m[38;5;3m +1ms[39m
[32m[Nest] 50988  - [39m03/08/2026, 9:08:50 pm [32m    LOG[39m [38;5;3m[RouterExplorer] [39m[32mMapped {/channels/:id, DELETE} route[39m[38;5;3m +0ms[39m
[32m[Nest] 50988  - [39m03/08/2026, 9:08:50 pm [32m    LOG[39m [38;5;3m[RouterExplorer] [39m[32mMapped {/channels/:id/join, POST} route[39m[38;5;3m +0ms[39m
[32m[Nest] 50988  - [39m03/08/2026, 9:08:50 pm [32m    LOG[39m [38;5;3m[RouterExplorer] [39m[32mMapped {/channels/:id/leave, POST} route[39m[38;5;3m +0ms[39m
[32m[Nest] 50988  - [39m03/08/2026, 9:08:50 pm [32m    LOG[39m [38;5;3m[RouterExplorer] [39m[32mMapped {/channels/:id/members, GET} route[39m[38;5;3m +0ms[39m
[32m[Nest] 50988  - [39m03/08/2026, 9:08:50 pm [32m    LOG[39m [38;5;3m[RouterExplorer] [39m[32mMapped {/channels/:id/members/:memberId, POST} route[39m[38;5;3m +1ms[39m
[32m[Nest] 50988  - [39m03/08/2026, 9:08:50 pm [32m    LOG[39m [38;5;3m[RouterExplorer] [39m[32mMapped {/channels/:id/members/:memberId, DELETE} route[39m[38;5;3m +0ms[39m
[32m[Nest] 50988  - [39m03/08/2026, 9:08:50 pm [32m    LOG[39m [38;5;3m[RoutesResolver] [39m[32mNotificationsController {/notifications}:[39m[38;5;3m +0ms[39m
[32m[Nest] 50988  - [39m03/08/2026, 9:08:50 pm [32m    LOG[39m [38;5;3m[RouterExplorer] [39m[32mMapped {/notifications, GET} route[39m[38;5;3m +1ms[39m
[32m[Nest] 50988  - [39m03/08/2026, 9:08:50 pm [32m    LOG[39m [38;5;3m[RouterExplorer] [39m[32mMapped {/notifications/unread-count, GET} route[39m[38;5;3m +0ms[39m
[32m[Nest] 50988  - [39m03/08/2026, 9:08:50 pm [32m    LOG[39m [38;5;3m[RouterExplorer] [39m[32mMapped {/notifications/:id/read, PATCH} route[39m[38;5;3m +0ms[39m
[32m[Nest] 50988  - [39m03/08/2026, 9:08:50 pm [32m    LOG[39m [38;5;3m[RouterExplorer] [39m[32mMapped {/notifications/read-all, PATCH} route[39m[38;5;3m +0ms[39m
[32m[Nest] 50988  - [39m03/08/2026, 9:08:50 pm [32m    LOG[39m [38;5;3m[RouterExplorer] [39m[32mMapped {/notifications/self, POST} route[39m[38;5;3m +1ms[39m
[32m[Nest] 50988  - [39m03/08/2026, 9:08:50 pm [32m    LOG[39m [38;5;3m[RoutesResolver] [39m[32mProjectsController {/projects}:[39m[38;5;3m +0ms[39m
[32m[Nest] 50988  - [39m03/08/2026, 9:08:50 pm [32m    LOG[39m [38;5;3m[RouterExplorer] [39m[32mMapped {/projects, POST} route[39m[38;5;3m +0ms[39m
[32m[Nest] 50988  - [39m03/08/2026, 9:08:50 pm [32m    LOG[39m [38;5;3m[RouterExplorer] [39m[32mMapped {/projects, GET} route[39m[38;5;3m +0ms[39m
[32m[Nest] 50988  - [39m03/08/2026, 9:08:50 pm [32m    LOG[39m [38;5;3m[RouterExplorer] [39m[32mMapped {/projects/:id, GET} route[39m[38;5;3m +1ms[39m
[32m[Nest] 50988  - [39m03/08/2026, 9:08:50 pm [32m    LOG[39m [38;5;3m[RouterExplorer] [39m[32mMapped {/projects/:id, PATCH} route[39m[38;5;3m +0ms[39m
[32m[Nest] 50988  - [39m03/08/2026, 9:08:50 pm [32m    LOG[39m [38;5;3m[RouterExplorer] [39m[32mMapped {/projects/:id, DELETE} route[39m[38;5;3m +0ms[39m
[32m[Nest] 50988  - [39m03/08/2026, 9:08:50 pm [32m    LOG[39m [38;5;3m[RouterExplorer] [39m[32mMapped {/projects/:id/members, GET} route[39m[38;5;3m +1ms[39m
[32m[Nest] 50988  - [39m03/08/2026, 9:08:50 pm [32m    LOG[39m [38;5;3m[RouterExplorer] [39m[32mMapped {/projects/:id/members, POST} route[39m[38;5;3m +0ms[39m
[32m[Nest] 50988  - [39m03/08/2026, 9:08:50 pm [32m    LOG[39m [38;5;3m[RouterExplorer] [39m[32mMapped {/projects/:id/members/:memberId, PATCH} route[39m[38;5;3m +0ms[39m
[32m[Nest] 50988  - [39m03/08/2026, 9:08:50 pm [32m    LOG[39m [38;5;3m[RouterExplorer] [39m[32mMapped {/projects/:id/members/:memberId, DELETE} route[39m[38;5;3m +1ms[39m
[32m[Nest] 50988  - [39m03/08/2026, 9:08:50 pm [32m    LOG[39m [38;5;3m[RoutesResolver] [39m[32mProjectAnnouncementsController {/projects/:projectId/announcements}:[39m[38;5;3m +0ms[39m
[32m[Nest] 50988  - [39m03/08/2026, 9:08:50 pm [32m    LOG[39m [38;5;3m[RouterExplorer] [39m[32mMapped {/projects/:projectId/announcements, GET} route[39m[38;5;3m +0ms[39m
[32m[Nest] 50988  - [39m03/08/2026, 9:08:50 pm [32m    LOG[39m [38;5;3m[RouterExplorer] [39m[32mMapped {/projects/:projectId/announcements, POST} route[39m[38;5;3m +1ms[39m
[32m[Nest] 50988  - [39m03/08/2026, 9:08:50 pm [32m    LOG[39m [38;5;3m[RouterExplorer] [39m[32mMapped {/projects/:projectId/announcements/:id, PATCH} route[39m[38;5;3m +0ms[39m
[32m[Nest] 50988  - [39m03/08/2026, 9:08:50 pm [32m    LOG[39m [38;5;3m[RouterExplorer] [39m[32mMapped {/projects/:projectId/announcements/:id/pin, PATCH} route[39m[38;5;3m +0ms[39m
[32m[Nest] 50988  - [39m03/08/2026, 9:08:50 pm [32m    LOG[39m [38;5;3m[RouterExplorer] [39m[32mMapped {/projects/:projectId/announcements/:id, DELETE} route[39m[38;5;3m +0ms[39m
[32m[Nest] 50988  - [39m03/08/2026, 9:08:50 pm [32m    LOG[39m [38;5;3m[RouterExplorer] [39m[32mMapped {/projects/:projectId/announcements/:id/reactions, POST} route[39m[38;5;3m +1ms[39m
[32m[Nest] 50988  - [39m03/08/2026, 9:08:50 pm [32m    LOG[39m [38;5;3m[RouterExplorer] [39m[32mMapped {/projects/:projectId/announcements/:id/reactions/:emoji, DELETE} route[39m[38;5;3m +0ms[39m
[32m[Nest] 50988  - [39m03/08/2026, 9:08:50 pm [32m    LOG[39m [38;5;3m[RoutesResolver] [39m[32mProjectDocumentsController {/projects/:projectId/documents}:[39m[38;5;3m +0ms[39m
[32m[Nest] 50988  - [39m03/08/2026, 9:08:50 pm [32m    LOG[39m [38;5;3m[RouterExplorer] [39m[32mMapped {/projects/:projectId/documents, POST} route[39m[38;5;3m +1ms[39m
[32m[Nest] 50988  - [39m03/08/2026, 9:08:50 pm [32m    LOG[39m [38;5;3m[RouterExplorer] [39m[32mMapped {/projects/:projectId/documents, GET} route[39m[38;5;3m +0ms[39m
[32m[Nest] 50988  - [39m03/08/2026, 9:08:50 pm [32m    LOG[39m [38;5;3m[RouterExplorer] [39m[32mMapped {/projects/:projectId/documents/:id/download, GET} route[39m[38;5;3m +1ms[39m
[32m[Nest] 50988  - [39m03/08/2026, 9:08:50 pm [32m    LOG[39m [38;5;3m[RouterExplorer] [39m[32mMapped {/projects/:projectId/documents/:id/preview, GET} route[39m[38;5;3m +0ms[39m
[32m[Nest] 50988  - [39m03/08/2026, 9:08:50 pm [32m    LOG[39m [38;5;3m[RouterExplorer] [39m[32mMapped {/projects/:projectId/documents/:id, DELETE} route[39m[38;5;3m +0ms[39m
[32m[Nest] 50988  - [39m03/08/2026, 9:08:50 pm [32m    LOG[39m [38;5;3m[RoutesResolver] [39m[32mProjectMilestonesController {/projects/:projectId/milestones}:[39m[38;5;3m +0ms[39m
[32m[Nest] 50988  - [39m03/08/2026, 9:08:50 pm [32m    LOG[39m [38;5;3m[RouterExplorer] [39m[32mMapped {/projects/:projectId/milestones, GET} route[39m[38;5;3m +1ms[39m
[32m[Nest] 50988  - [39m03/08/2026, 9:08:50 pm [32m    LOG[39m [38;5;3m[RouterExplorer] [39m[32mMapped {/projects/:projectId/milestones, POST} route[39m[38;5;3m +0ms[39m
[32m[Nest] 50988  - [39m03/08/2026, 9:08:50 pm [32m    LOG[39m [38;5;3m[RouterExplorer] [39m[32mMapped {/projects/:projectId/milestones/:id, PATCH} route[39m[38;5;3m +0ms[39m
[32m[Nest] 50988  - [39m03/08/2026, 9:08:50 pm [32m    LOG[39m [38;5;3m[RouterExplorer] [39m[32mMapped {/projects/:projectId/milestones/:id/status, PATCH} route[39m[38;5;3m +1ms[39m
[32m[Nest] 50988  - [39m03/08/2026, 9:08:50 pm [32m    LOG[39m [38;5;3m[RouterExplorer] [39m[32mMapped {/projects/:projectId/milestones/:id/progress, PATCH} route[39m[38;5;3m +0ms[39m
[32m[Nest] 50988  - [39m03/08/2026, 9:08:50 pm [32m    LOG[39m [38;5;3m[RouterExplorer] [39m[32mMapped {/projects/:projectId/milestones/:id, DELETE} route[39m[38;5;3m +0ms[39m
[32m[Nest] 50988  - [39m03/08/2026, 9:08:50 pm [32m    LOG[39m [38;5;3m[RoutesResolver] [39m[32mAiSummaryController {/projects/:projectId/ai-summary}:[39m[38;5;3m +0ms[39m
[32m[Nest] 50988  - [39m03/08/2026, 9:08:50 pm [32m    LOG[39m [38;5;3m[RouterExplorer] [39m[32mMapped {/projects/:projectId/ai-summary, GET} route[39m[38;5;3m +1ms[39m
[32m[Nest] 50988  - [39m03/08/2026, 9:08:50 pm [32m    LOG[39m [38;5;3m[StreamService] [39m[32mStream Chat server client initialized.[39m
Attention: Clerk collects telemetry data from its SDKs when connected to development instances.
The data collected is used to inform Clerk's product roadmap.
To learn more, including how to opt-out from the telemetry program, visit: https://clerk.com/docs/telemetry.

[32m[Nest] 50988  - [39m03/08/2026, 9:08:51 pm [32m    LOG[39m [38;5;3m[NestApplication] [39m[32mNest application successfully started[39m[38;5;3m +755ms[39m
🚀 Application is running on: http://localhost:3001
[2J[3J[H[[90m9:09:06 pm[0m] File change detected. Starting incremental compilation...

[[90m9:09:07 pm[0m] Found 0 errors. Watching for file changes.

[2J[3J[H[[90m9:09:17 pm[0m] File change detected. Starting incremental compilation...

[[90m9:09:18 pm[0m] Found 0 errors. Watching for file changes.

[2J[3J[H[[90m9:09:41 pm[0m] File change detected. Starting incremental compilation...

[32m[Nest] 84504  - [39m03/08/2026, 9:09:42 pm [32m    LOG[39m [38;5;3m[NestFactory] [39m[32mStarting Nest application...[39m
[32m[Nest] 84504  - [39m03/08/2026, 9:09:42 pm [32m    LOG[39m [38;5;3m[InstanceLoader] [39m[32mAppModule dependencies initialized[39m[38;5;3m +43ms[39m
[32m[Nest] 84504  - [39m03/08/2026, 9:09:42 pm [32m    LOG[39m [38;5;3m[InstanceLoader] [39m[32mConfigModule dependencies initialized[39m[38;5;3m +0ms[39m
[32m[Nest] 84504  - [39m03/08/2026, 9:09:42 pm [32m    LOG[39m [38;5;3m[InstanceLoader] [39m[32mConfigHostModule dependencies initialized[39m[38;5;3m +2ms[39m
[32m[Nest] 84504  - [39m03/08/2026, 9:09:42 pm [32m    LOG[39m [38;5;3m[InstanceLoader] [39m[32mHealthModule dependencies initialized[39m[38;5;3m +41ms[39m
[32m[Nest] 84504  - [39m03/08/2026, 9:09:42 pm [32m    LOG[39m [38;5;3m[InstanceLoader] [39m[32mConfigModule dependencies initialized[39m[38;5;3m +1ms[39m
[32m[Nest] 84504  - [39m03/08/2026, 9:09:42 pm [32m    LOG[39m [38;5;3m[InstanceLoader] [39m[32mStreamModule dependencies initialized[39m[38;5;3m +0ms[39m
[32m[Nest] 84504  - [39m03/08/2026, 9:09:42 pm [32m    LOG[39m [38;5;3m[DrizzleProvider] [39m[32mPostgreSQL connection established successfully.[39m
[32m[Nest] 84504  - [39m03/08/2026, 9:09:42 pm [32m    LOG[39m [38;5;3m[InstanceLoader] [39m[32mDatabaseModule dependencies initialized[39m[38;5;3m +2ms[39m
[32m[Nest] 84504  - [39m03/08/2026, 9:09:42 pm [32m    LOG[39m [38;5;3m[InstanceLoader] [39m[32mUsersModule dependencies initialized[39m[38;5;3m +1ms[39m
[32m[Nest] 84504  - [39m03/08/2026, 9:09:42 pm [32m    LOG[39m [38;5;3m[InstanceLoader] [39m[32mNotificationsModule dependencies initialized[39m[38;5;3m +0ms[39m
[32m[Nest] 84504  - [39m03/08/2026, 9:09:42 pm [32m    LOG[39m [38;5;3m[InstanceLoader] [39m[32mDepartmentsModule dependencies initialized[39m[38;5;3m +2ms[39m
[32m[Nest] 84504  - [39m03/08/2026, 9:09:42 pm [32m    LOG[39m [38;5;3m[InstanceLoader] [39m[32mTasksModule dependencies initialized[39m[38;5;3m +0ms[39m
[32m[Nest] 84504  - [39m03/08/2026, 9:09:42 pm [32m    LOG[39m [38;5;3m[InstanceLoader] [39m[32mMeetingsModule dependencies initialized[39m[38;5;3m +0ms[39m
[32m[Nest] 84504  - [39m03/08/2026, 9:09:42 pm [32m    LOG[39m [38;5;3m[InstanceLoader] [39m[32mChannelsModule dependencies initialized[39m[38;5;3m +1ms[39m
[32m[Nest] 84504  - [39m03/08/2026, 9:09:42 pm [32m    LOG[39m [38;5;3m[InstanceLoader] [39m[32mProjectDocumentsModule dependencies initialized[39m[38;5;3m +0ms[39m
[32m[Nest] 84504  - [39m03/08/2026, 9:09:42 pm [32m    LOG[39m [38;5;3m[InstanceLoader] [39m[32mProjectsModule dependencies initialized[39m[38;5;3m +0ms[39m
[32m[Nest] 84504  - [39m03/08/2026, 9:09:42 pm [32m    LOG[39m [38;5;3m[InstanceLoader] [39m[32mProjectAnnouncementsModule dependencies initialized[39m[38;5;3m +0ms[39m
[32m[Nest] 84504  - [39m03/08/2026, 9:09:42 pm [32m    LOG[39m [38;5;3m[InstanceLoader] [39m[32mProjectMilestonesModule dependencies initialized[39m[38;5;3m +0ms[39m
[32m[Nest] 84504  - [39m03/08/2026, 9:09:42 pm [32m    LOG[39m [38;5;3m[InstanceLoader] [39m[32mAiSummaryModule dependencies initialized[39m[38;5;3m +1ms[39m
[32m[Nest] 84504  - [39m03/08/2026, 9:09:42 pm [32m    LOG[39m [38;5;3m[InstanceLoader] [39m[32mClerkModule dependencies initialized[39m[38;5;3m +3ms[39m
[32m[Nest] 84504  - [39m03/08/2026, 9:09:42 pm [32m    LOG[39m [38;5;3m[RoutesResolver] [39m[32mHealthController {/health}:[39m[38;5;3m +11ms[39m
[32m[Nest] 84504  - [39m03/08/2026, 9:09:42 pm [32m    LOG[39m [38;5;3m[RouterExplorer] [39m[32mMapped {/health, GET} route[39m[38;5;3m +6ms[39m
[32m[Nest] 84504  - [39m03/08/2026, 9:09:42 pm [32m    LOG[39m [38;5;3m[RoutesResolver] [39m[32mClerkTestController {/clerk-test}:[39m[38;5;3m +0ms[39m
[32m[Nest] 84504  - [39m03/08/2026, 9:09:42 pm [32m    LOG[39m [38;5;3m[RouterExplorer] [39m[32mMapped {/clerk-test/me, GET} route[39m[38;5;3m +2ms[39m
[32m[Nest] 84504  - [39m03/08/2026, 9:09:42 pm [32m    LOG[39m [38;5;3m[RoutesResolver] [39m[32mStreamController {/stream}:[39m[38;5;3m +0ms[39m
[32m[Nest] 84504  - [39m03/08/2026, 9:09:42 pm [32m    LOG[39m [38;5;3m[RouterExplorer] [39m[32mMapped {/stream/token, GET} route[39m[38;5;3m +0ms[39m
[32m[Nest] 84504  - [39m03/08/2026, 9:09:42 pm [32m    LOG[39m [38;5;3m[RoutesResolver] [39m[32mUsersController {/users}:[39m[38;5;3m +1ms[39m
[32m[Nest] 84504  - [39m03/08/2026, 9:09:42 pm [32m    LOG[39m [38;5;3m[RouterExplorer] [39m[32mMapped {/users/me, GET} route[39m[38;5;3m +0ms[39m
[32m[Nest] 84504  - [39m03/08/2026, 9:09:42 pm [32m    LOG[39m [38;5;3m[RouterExplorer] [39m[32mMapped {/users, GET} route[39m[38;5;3m +1ms[39m
[32m[Nest] 84504  - [39m03/08/2026, 9:09:42 pm [32m    LOG[39m [38;5;3m[RouterExplorer] [39m[32mMapped {/users/:clerkId/role, PATCH} route[39m[38;5;3m +1ms[39m
[32m[Nest] 84504  - [39m03/08/2026, 9:09:42 pm [32m    LOG[39m [38;5;3m[RoutesResolver] [39m[32mChatController {/chat}:[39m[38;5;3m +0ms[39m
[32m[Nest] 84504  - [39m03/08/2026, 9:09:42 pm [32m    LOG[39m [38;5;3m[RouterExplorer] [39m[32mMapped {/chat/token, GET} route[39m[38;5;3m +0ms[39m
[32m[Nest] 84504  - [39m03/08/2026, 9:09:42 pm [32m    LOG[39m [38;5;3m[RouterExplorer] [39m[32mMapped {/chat/direct, POST} route[39m[38;5;3m +1ms[39m
[32m[Nest] 84504  - [39m03/08/2026, 9:09:42 pm [32m    LOG[39m [38;5;3m[RouterExplorer] [39m[32mMapped {/chat/group, POST} route[39m[38;5;3m +0ms[39m
[32m[Nest] 84504  - [39m03/08/2026, 9:09:42 pm [32m    LOG[39m [38;5;3m[RouterExplorer] [39m[32mMapped {/chat/groups/:channelId, GET} route[39m[38;5;3m +1ms[39m
[32m[Nest] 84504  - [39m03/08/2026, 9:09:42 pm [32m    LOG[39m [38;5;3m[RouterExplorer] [39m[32mMapped {/chat/groups/:channelId, PATCH} route[39m[38;5;3m +0ms[39m
[32m[Nest] 84504  - [39m03/08/2026, 9:09:42 pm [32m    LOG[39m [38;5;3m[RouterExplorer] [39m[32mMapped {/chat/groups/:channelId/avatar, PUT} route[39m[38;5;3m +0ms[39m
[32m[Nest] 84504  - [39m03/08/2026, 9:09:42 pm [32m    LOG[39m [38;5;3m[RouterExplorer] [39m[32mMapped {/chat/groups/:channelId/avatar, DELETE} route[39m[38;5;3m +1ms[39m
[32m[Nest] 84504  - [39m03/08/2026, 9:09:42 pm [32m    LOG[39m [38;5;3m[RouterExplorer] [39m[32mMapped {/chat/groups/:channelId/members/:memberId, POST} route[39m[38;5;3m +0ms[39m
[32m[Nest] 84504  - [39m03/08/2026, 9:09:42 pm [32m    LOG[39m [38;5;3m[RouterExplorer] [39m[32mMapped {/chat/groups/:channelId/members/:memberId, DELETE} route[39m[38;5;3m +0ms[39m
[32m[Nest] 84504  - [39m03/08/2026, 9:09:42 pm [32m    LOG[39m [38;5;3m[RouterExplorer] [39m[32mMapped {/chat/groups/:channelId/leave, POST} route[39m[38;5;3m +1ms[39m
[32m[Nest] 84504  - [39m03/08/2026, 9:09:42 pm [32m    LOG[39m [38;5;3m[RouterExplorer] [39m[32mMapped {/chat/groups/:channelId/moderators/:memberId, POST} route[39m[38;5;3m +0ms[39m
[32m[Nest] 84504  - [39m03/08/2026, 9:09:42 pm [32m    LOG[39m [38;5;3m[RouterExplorer] [39m[32mMapped {/chat/groups/:channelId/moderators/:memberId, DELETE} route[39m[38;5;3m +0ms[39m
[32m[Nest] 84504  - [39m03/08/2026, 9:09:42 pm [32m    LOG[39m [38;5;3m[RoutesResolver] [39m[32mTasksController {/tasks}:[39m[38;5;3m +0ms[39m
[32m[Nest] 84504  - [39m03/08/2026, 9:09:42 pm [32m    LOG[39m [38;5;3m[RouterExplorer] [39m[32mMapped {/tasks, POST} route[39m[38;5;3m +1ms[39m
[32m[Nest] 84504  - [39m03/08/2026, 9:09:42 pm [32m    LOG[39m [38;5;3m[RouterExplorer] [39m[32mMapped {/tasks, GET} route[39m[38;5;3m +0ms[39m
[32m[Nest] 84504  - [39m03/08/2026, 9:09:42 pm [32m    LOG[39m [38;5;3m[RouterExplorer] [39m[32mMapped {/tasks/:id, GET} route[39m[38;5;3m +0ms[39m
[32m[Nest] 84504  - [39m03/08/2026, 9:09:42 pm [32m    LOG[39m [38;5;3m[RouterExplorer] [39m[32mMapped {/tasks/:id/channel, POST} route[39m[38;5;3m +0ms[39m
[32m[Nest] 84504  - [39m03/08/2026, 9:09:42 pm [32m    LOG[39m [38;5;3m[RouterExplorer] [39m[32mMapped {/tasks/:id, PATCH} route[39m[38;5;3m +0ms[39m
[32m[Nest] 84504  - [39m03/08/2026, 9:09:42 pm [32m    LOG[39m [38;5;3m[RouterExplorer] [39m[32mMapped {/tasks/:id/status, PATCH} route[39m[38;5;3m +1ms[39m
[32m[Nest] 84504  - [39m03/08/2026, 9:09:42 pm [32m    LOG[39m [38;5;3m[RouterExplorer] [39m[32mMapped {/tasks/:id, DELETE} route[39m[38;5;3m +0ms[39m
[32m[Nest] 84504  - [39m03/08/2026, 9:09:42 pm [32m    LOG[39m [38;5;3m[RoutesResolver] [39m[32mMeetingsController {/meetings}:[39m[38;5;3m +0ms[39m
[32m[Nest] 84504  - [39m03/08/2026, 9:09:42 pm [32m    LOG[39m [38;5;3m[RouterExplorer] [39m[32mMapped {/meetings, POST} route[39m[38;5;3m +0ms[39m
[32m[Nest] 84504  - [39m03/08/2026, 9:09:42 pm [32m    LOG[39m [38;5;3m[RouterExplorer] [39m[32mMapped {/meetings, GET} route[39m[38;5;3m +1ms[39m
[32m[Nest] 84504  - [39m03/08/2026, 9:09:42 pm [32m    LOG[39m [38;5;3m[RouterExplorer] [39m[32mMapped {/meetings/:id, GET} route[39m[38;5;3m +0ms[39m
[32m[Nest] 84504  - [39m03/08/2026, 9:09:42 pm [32m    LOG[39m [38;5;3m[RouterExplorer] [39m[32mMapped {/meetings/:id, PATCH} route[39m[38;5;3m +0ms[39m
[32m[Nest] 84504  - [39m03/08/2026, 9:09:42 pm [32m    LOG[39m [38;5;3m[RouterExplorer] [39m[32mMapped {/meetings/:id, DELETE} route[39m[38;5;3m +0ms[39m
[32m[Nest] 84504  - [39m03/08/2026, 9:09:42 pm [32m    LOG[39m [38;5;3m[RouterExplorer] [39m[32mMapped {/meetings/:id/join, POST} route[39m[38;5;3m +0ms[39m
[32m[Nest] 84504  - [39m03/08/2026, 9:09:42 pm [32m    LOG[39m [38;5;3m[RouterExplorer] [39m[32mMapped {/meetings/:id/leave, POST} route[39m[38;5;3m +1ms[39m
[32m[Nest] 84504  - [39m03/08/2026, 9:09:42 pm [32m    LOG[39m [38;5;3m[RoutesResolver] [39m[32mDepartmentsController {/departments}:[39m[38;5;3m +0ms[39m
[32m[Nest] 84504  - [39m03/08/2026, 9:09:42 pm [32m    LOG[39m [38;5;3m[RouterExplorer] [39m[32mMapped {/departments, POST} route[39m[38;5;3m +1ms[39m
[32m[Nest] 84504  - [39m03/08/2026, 9:09:42 pm [32m    LOG[39m [38;5;3m[RouterExplorer] [39m[32mMapped {/departments/mine, GET} route[39m[38;5;3m +0ms[39m
[32m[Nest] 84504  - [39m03/08/2026, 9:09:42 pm [32m    LOG[39m [38;5;3m[RouterExplorer] [39m[32mMapped {/departments/:id, GET} route[39m[38;5;3m +1ms[39m
[32m[Nest] 84504  - [39m03/08/2026, 9:09:42 pm [32m    LOG[39m [38;5;3m[RouterExplorer] [39m[32mMapped {/departments/:id, PATCH} route[39m[38;5;3m +0ms[39m
[32m[Nest] 84504  - [39m03/08/2026, 9:09:42 pm [32m    LOG[39m [38;5;3m[RouterExplorer] [39m[32mMapped {/departments/:id, DELETE} route[39m[38;5;3m +0ms[39m
[32m[Nest] 84504  - [39m03/08/2026, 9:09:42 pm [32m    LOG[39m [38;5;3m[RouterExplorer] [39m[32mMapped {/departments/:id/members/:memberId, POST} route[39m[38;5;3m +0ms[39m
[32m[Nest] 84504  - [39m03/08/2026, 9:09:42 pm [32m    LOG[39m [38;5;3m[RouterExplorer] [39m[32mMapped {/departments/:id/members/:memberId, DELETE} route[39m[38;5;3m +1ms[39m
[32m[Nest] 84504  - [39m03/08/2026, 9:09:42 pm [32m    LOG[39m [38;5;3m[RoutesResolver] [39m[32mChannelsController {/channels}:[39m[38;5;3m +0ms[39m
[32m[Nest] 84504  - [39m03/08/2026, 9:09:42 pm [32m    LOG[39m [38;5;3m[RouterExplorer] [39m[32mMapped {/channels, POST} route[39m[38;5;3m +0ms[39m
[32m[Nest] 84504  - [39m03/08/2026, 9:09:42 pm [32m    LOG[39m [38;5;3m[RouterExplorer] [39m[32mMapped {/channels, GET} route[39m[38;5;3m +0ms[39m
[32m[Nest] 84504  - [39m03/08/2026, 9:09:42 pm [32m    LOG[39m [38;5;3m[RouterExplorer] [39m[32mMapped {/channels/:id, GET} route[39m[38;5;3m +0ms[39m
[32m[Nest] 84504  - [39m03/08/2026, 9:09:42 pm [32m    LOG[39m [38;5;3m[RouterExplorer] [39m[32mMapped {/channels/:id, PATCH} route[39m[38;5;3m +1ms[39m
[32m[Nest] 84504  - [39m03/08/2026, 9:09:42 pm [32m    LOG[39m [38;5;3m[RouterExplorer] [39m[32mMapped {/channels/:id, DELETE} route[39m[38;5;3m +0ms[39m
[32m[Nest] 84504  - [39m03/08/2026, 9:09:42 pm [32m    LOG[39m [38;5;3m[RouterExplorer] [39m[32mMapped {/channels/:id/join, POST} route[39m[38;5;3m +0ms[39m
[32m[Nest] 84504  - [39m03/08/2026, 9:09:42 pm [32m    LOG[39m [38;5;3m[RouterExplorer] [39m[32mMapped {/channels/:id/leave, POST} route[39m[38;5;3m +0ms[39m
[32m[Nest] 84504  - [39m03/08/2026, 9:09:42 pm [32m    LOG[39m [38;5;3m[RouterExplorer] [39m[32mMapped {/channels/:id/members, GET} route[39m[38;5;3m +0ms[39m
[32m[Nest] 84504  - [39m03/08/2026, 9:09:42 pm [32m    LOG[39m [38;5;3m[RouterExplorer] [39m[32mMapped {/channels/:id/members/:memberId, POST} route[39m[38;5;3m +1ms[39m
[32m[Nest] 84504  - [39m03/08/2026, 9:09:42 pm [32m    LOG[39m [38;5;3m[RouterExplorer] [39m[32mMapped {/channels/:id/members/:memberId, DELETE} route[39m[38;5;3m +0ms[39m
[32m[Nest] 84504  - [39m03/08/2026, 9:09:42 pm [32m    LOG[39m [38;5;3m[RoutesResolver] [39m[32mNotificationsController {/notifications}:[39m[38;5;3m +0ms[39m
[32m[Nest] 84504  - [39m03/08/2026, 9:09:42 pm [32m    LOG[39m [38;5;3m[RouterExplorer] [39m[32mMapped {/notifications, GET} route[39m[38;5;3m +0ms[39m
[32m[Nest] 84504  - [39m03/08/2026, 9:09:42 pm [32m    LOG[39m [38;5;3m[RouterExplorer] [39m[32mMapped {/notifications/unread-count, GET} route[39m[38;5;3m +1ms[39m
[32m[Nest] 84504  - [39m03/08/2026, 9:09:42 pm [32m    LOG[39m [38;5;3m[RouterExplorer] [39m[32mMapped {/notifications/:id/read, PATCH} route[39m[38;5;3m +0ms[39m
[32m[Nest] 84504  - [39m03/08/2026, 9:09:42 pm [32m    LOG[39m [38;5;3m[RouterExplorer] [39m[32mMapped {/notifications/read-all, PATCH} route[39m[38;5;3m +0ms[39m
[32m[Nest] 84504  - [39m03/08/2026, 9:09:42 pm [32m    LOG[39m [38;5;3m[RouterExplorer] [39m[32mMapped {/notifications/self, POST} route[39m[38;5;3m +0ms[39m
[32m[Nest] 84504  - [39m03/08/2026, 9:09:42 pm [32m    LOG[39m [38;5;3m[RoutesResolver] [39m[32mProjectsController {/projects}:[39m[38;5;3m +0ms[39m
[32m[Nest] 84504  - [39m03/08/2026, 9:09:42 pm [32m    LOG[39m [38;5;3m[RouterExplorer] [39m[32mMapped {/projects, POST} route[39m[38;5;3m +1ms[39m
[32m[Nest] 84504  - [39m03/08/2026, 9:09:42 pm [32m    LOG[39m [38;5;3m[RouterExplorer] [39m[32mMapped {/projects, GET} route[39m[38;5;3m +0ms[39m
[32m[Nest] 84504  - [39m03/08/2026, 9:09:42 pm [32m    LOG[39m [38;5;3m[RouterExplorer] [39m[32mMapped {/projects/:id, GET} route[39m[38;5;3m +0ms[39m
[32m[Nest] 84504  - [39m03/08/2026, 9:09:42 pm [32m    LOG[39m [38;5;3m[RouterExplorer] [39m[32mMapped {/projects/:id, PATCH} route[39m[38;5;3m +1ms[39m
[32m[Nest] 84504  - [39m03/08/2026, 9:09:42 pm [32m    LOG[39m [38;5;3m[RouterExplorer] [39m[32mMapped {/projects/:id, DELETE} route[39m[38;5;3m +0ms[39m
[32m[Nest] 84504  - [39m03/08/2026, 9:09:42 pm [32m    LOG[39m [38;5;3m[RouterExplorer] [39m[32mMapped {/projects/:id/members, GET} route[39m[38;5;3m +0ms[39m
[32m[Nest] 84504  - [39m03/08/2026, 9:09:42 pm [32m    LOG[39m [38;5;3m[RouterExplorer] [39m[32mMapped {/projects/:id/members, POST} route[39m[38;5;3m +1ms[39m
[32m[Nest] 84504  - [39m03/08/2026, 9:09:42 pm [32m    LOG[39m [38;5;3m[RouterExplorer] [39m[32mMapped {/projects/:id/members/:memberId, PATCH} route[39m[38;5;3m +0ms[39m
[32m[Nest] 84504  - [39m03/08/2026, 9:09:42 pm [32m    LOG[39m [38;5;3m[RouterExplorer] [39m[32mMapped {/projects/:id/members/:memberId, DELETE} route[39m[38;5;3m +1ms[39m
[32m[Nest] 84504  - [39m03/08/2026, 9:09:42 pm [32m    LOG[39m [38;5;3m[RoutesResolver] [39m[32mProjectAnnouncementsController {/projects/:projectId/announcements}:[39m[38;5;3m +0ms[39m
[32m[Nest] 84504  - [39m03/08/2026, 9:09:42 pm [32m    LOG[39m [38;5;3m[RouterExplorer] [39m[32mMapped {/projects/:projectId/announcements, GET} route[39m[38;5;3m +0ms[39m
[32m[Nest] 84504  - [39m03/08/2026, 9:09:42 pm [32m    LOG[39m [38;5;3m[RouterExplorer] [39m[32mMapped {/projects/:projectId/announcements, POST} route[39m[38;5;3m +0ms[39m
[32m[Nest] 84504  - [39m03/08/2026, 9:09:42 pm [32m    LOG[39m [38;5;3m[RouterExplorer] [39m[32mMapped {/projects/:projectId/announcements/:id, PATCH} route[39m[38;5;3m +0ms[39m
[32m[Nest] 84504  - [39m03/08/2026, 9:09:42 pm [32m    LOG[39m [38;5;3m[RouterExplorer] [39m[32mMapped {/projects/:projectId/announcements/:id/pin, PATCH} route[39m[38;5;3m +1ms[39m
[32m[Nest] 84504  - [39m03/08/2026, 9:09:42 pm [32m    LOG[39m [38;5;3m[RouterExplorer] [39m[32mMapped {/projects/:projectId/announcements/:id, DELETE} route[39m[38;5;3m +0ms[39m
[32m[Nest] 84504  - [39m03/08/2026, 9:09:42 pm [32m    LOG[39m [38;5;3m[RouterExplorer] [39m[32mMapped {/projects/:projectId/announcements/:id/reactions, POST} route[39m[38;5;3m +0ms[39m
[32m[Nest] 84504  - [39m03/08/2026, 9:09:42 pm [32m    LOG[39m [38;5;3m[RouterExplorer] [39m[32mMapped {/projects/:projectId/announcements/:id/reactions/:emoji, DELETE} route[39m[38;5;3m +1ms[39m
[32m[Nest] 84504  - [39m03/08/2026, 9:09:42 pm [32m    LOG[39m [38;5;3m[RoutesResolver] [39m[32mProjectDocumentsController {/projects/:projectId/documents}:[39m[38;5;3m +0ms[39m
[32m[Nest] 84504  - [39m03/08/2026, 9:09:42 pm [32m    LOG[39m [38;5;3m[RouterExplorer] [39m[32mMapped {/projects/:projectId/documents, POST} route[39m[38;5;3m +0ms[39m
[32m[Nest] 84504  - [39m03/08/2026, 9:09:42 pm [32m    LOG[39m [38;5;3m[RouterExplorer] [39m[32mMapped {/projects/:projectId/documents, GET} route[39m[38;5;3m +1ms[39m
[32m[Nest] 84504  - [39m03/08/2026, 9:09:42 pm [32m    LOG[39m [38;5;3m[RouterExplorer] [39m[32mMapped {/projects/:projectId/documents/:id/download, GET} route[39m[38;5;3m +0ms[39m
[32m[Nest] 84504  - [39m03/08/2026, 9:09:42 pm [32m    LOG[39m [38;5;3m[RouterExplorer] [39m[32mMapped {/projects/:projectId/documents/:id/preview, GET} route[39m[38;5;3m +0ms[39m
[32m[Nest] 84504  - [39m03/08/2026, 9:09:42 pm [32m    LOG[39m [38;5;3m[RouterExplorer] [39m[32mMapped {/projects/:projectId/documents/:id, DELETE} route[39m[38;5;3m +0ms[39m
[32m[Nest] 84504  - [39m03/08/2026, 9:09:42 pm [32m    LOG[39m [38;5;3m[RoutesResolver] [39m[32mProjectMilestonesController {/projects/:projectId/milestones}:[39m[38;5;3m +0ms[39m
[32m[Nest] 84504  - [39m03/08/2026, 9:09:42 pm [32m    LOG[39m [38;5;3m[RouterExplorer] [39m[32mMapped {/projects/:projectId/milestones, GET} route[39m[38;5;3m +0ms[39m
[32m[Nest] 84504  - [39m03/08/2026, 9:09:42 pm [32m    LOG[39m [38;5;3m[RouterExplorer] [39m[32mMapped {/projects/:projectId/milestones, POST} route[39m[38;5;3m +1ms[39m
[32m[Nest] 84504  - [39m03/08/2026, 9:09:42 pm [32m    LOG[39m [38;5;3m[RouterExplorer] [39m[32mMapped {/projects/:projectId/milestones/:id, PATCH} route[39m[38;5;3m +0ms[39m
[32m[Nest] 84504  - [39m03/08/2026, 9:09:42 pm [32m    LOG[39m [38;5;3m[RouterExplorer] [39m[32mMapped {/projects/:projectId/milestones/:id/status, PATCH} route[39m[38;5;3m +0ms[39m
[32m[Nest] 84504  - [39m03/08/2026, 9:09:42 pm [32m    LOG[39m [38;5;3m[RouterExplorer] [39m[32mMapped {/projects/:projectId/milestones/:id/progress, PATCH} route[39m[38;5;3m +0ms[39m
[32m[Nest] 84504  - [39m03/08/2026, 9:09:42 pm [32m    LOG[39m [38;5;3m[RouterExplorer] [39m[32mMapped {/projects/:projectId/milestones/:id, DELETE} route[39m[38;5;3m +1ms[39m
[32m[Nest] 84504  - [39m03/08/2026, 9:09:42 pm [32m    LOG[39m [38;5;3m[RoutesResolver] [39m[32mAiSummaryController {/projects/:projectId/ai-summary}:[39m[38;5;3m +0ms[39m
[32m[Nest] 84504  - [39m03/08/2026, 9:09:42 pm [32m    LOG[39m [38;5;3m[RouterExplorer] [39m[32mMapped {/projects/:projectId/ai-summary, GET} route[39m[38;5;3m +0ms[39m
[32m[Nest] 84504  - [39m03/08/2026, 9:09:42 pm [32m    LOG[39m [38;5;3m[StreamService] [39m[32mStream Chat server client initialized.[39m
Attention: Clerk collects telemetry data from its SDKs when connected to development instances.
The data collected is used to inform Clerk's product roadmap.
To learn more, including how to opt-out from the telemetry program, visit: https://clerk.com/docs/telemetry.

[32m[Nest] 84504  - [39m03/08/2026, 9:09:43 pm [32m    LOG[39m [38;5;3m[NestApplication] [39m[32mNest application successfully started[39m[38;5;3m +698ms[39m
🚀 Application is running on: http://localhost:3001
[[90m9:09:43 pm[0m] Found 0 errors. Watching for file changes.

[2J[3J[H[[90m9:09:44 pm[0m] File change detected. Starting incremental compilation...

[[90m9:09:45 pm[0m] Found 0 errors. Watching for file changes.

[2J[3J[H[[90m9:09:57 pm[0m] File change detected. Starting incremental compilation...

[[90m9:10:03 pm[0m] Found 0 errors. Watching for file changes.

[2J[3J[H[[90m9:10:13 pm[0m] File change detected. Starting incremental compilation...

[[90m9:10:14 pm[0m] Found 0 errors. Watching for file changes.

[2J[3J[H[[90m9:10:14 pm[0m] File change detected. Starting incremental compilation...

[32m[Nest] 18260  - [39m03/08/2026, 9:10:25 pm [32m    LOG[39m [38;5;3m[NestFactory] [39m[32mStarting Nest application...[39m
[32m[Nest] 18260  - [39m03/08/2026, 9:10:25 pm [32m    LOG[39m [38;5;3m[InstanceLoader] [39m[32mAppModule dependencies initialized[39m[38;5;3m +43ms[39m
[32m[Nest] 18260  - [39m03/08/2026, 9:10:25 pm [32m    LOG[39m [38;5;3m[InstanceLoader] [39m[32mConfigModule dependencies initialized[39m[38;5;3m +1ms[39m
[32m[Nest] 18260  - [39m03/08/2026, 9:10:25 pm [32m    LOG[39m [38;5;3m[InstanceLoader] [39m[32mConfigHostModule dependencies initialized[39m[38;5;3m +0ms[39m
[32m[Nest] 18260  - [39m03/08/2026, 9:10:25 pm [32m    LOG[39m [38;5;3m[InstanceLoader] [39m[32mHealthModule dependencies initialized[39m[38;5;3m +18ms[39m
[32m[Nest] 18260  - [39m03/08/2026, 9:10:25 pm [32m    LOG[39m [38;5;3m[InstanceLoader] [39m[32mConfigModule dependencies initialized[39m[38;5;3m +0ms[39m
[32m[Nest] 18260  - [39m03/08/2026, 9:10:25 pm [32m    LOG[39m [38;5;3m[InstanceLoader] [39m[32mStreamModule dependencies initialized[39m[38;5;3m +1ms[39m
[32m[Nest] 18260  - [39m03/08/2026, 9:10:25 pm [32m    LOG[39m [38;5;3m[DrizzleProvider] [39m[32mPostgreSQL connection established successfully.[39m
[32m[Nest] 18260  - [39m03/08/2026, 9:10:25 pm [32m    LOG[39m [38;5;3m[InstanceLoader] [39m[32mDatabaseModule dependencies initialized[39m[38;5;3m +2ms[39m
[32m[Nest] 18260  - [39m03/08/2026, 9:10:25 pm [32m    LOG[39m [38;5;3m[InstanceLoader] [39m[32mUsersModule dependencies initialized[39m[38;5;3m +0ms[39m
[32m[Nest] 18260  - [39m03/08/2026, 9:10:25 pm [32m    LOG[39m [38;5;3m[InstanceLoader] [39m[32mNotificationsModule dependencies initialized[39m[38;5;3m +0ms[39m
[32m[Nest] 18260  - [39m03/08/2026, 9:10:25 pm [32m    LOG[39m [38;5;3m[InstanceLoader] [39m[32mDepartmentsModule dependencies initialized[39m[38;5;3m +2ms[39m
[32m[Nest] 18260  - [39m03/08/2026, 9:10:25 pm [32m    LOG[39m [38;5;3m[InstanceLoader] [39m[32mTasksModule dependencies initialized[39m[38;5;3m +0ms[39m
[32m[Nest] 18260  - [39m03/08/2026, 9:10:25 pm [32m    LOG[39m [38;5;3m[InstanceLoader] [39m[32mMeetingsModule dependencies initialized[39m[38;5;3m +0ms[39m
[32m[Nest] 18260  - [39m03/08/2026, 9:10:25 pm [32m    LOG[39m [38;5;3m[InstanceLoader] [39m[32mChannelsModule dependencies initialized[39m[38;5;3m +1ms[39m
[32m[Nest] 18260  - [39m03/08/2026, 9:10:25 pm [32m    LOG[39m [38;5;3m[InstanceLoader] [39m[32mProjectDocumentsModule dependencies initialized[39m[38;5;3m +0ms[39m
[32m[Nest] 18260  - [39m03/08/2026, 9:10:25 pm [32m    LOG[39m [38;5;3m[InstanceLoader] [39m[32mProjectsModule dependencies initialized[39m[38;5;3m +0ms[39m
[32m[Nest] 18260  - [39m03/08/2026, 9:10:25 pm [32m    LOG[39m [38;5;3m[InstanceLoader] [39m[32mProjectAnnouncementsModule dependencies initialized[39m[38;5;3m +0ms[39m
[32m[Nest] 18260  - [39m03/08/2026, 9:10:25 pm [32m    LOG[39m [38;5;3m[InstanceLoader] [39m[32mProjectMilestonesModule dependencies initialized[39m[38;5;3m +0ms[39m
[32m[Nest] 18260  - [39m03/08/2026, 9:10:25 pm [32m    LOG[39m [38;5;3m[InstanceLoader] [39m[32mAiSummaryModule dependencies initialized[39m[38;5;3m +1ms[39m
[32m[Nest] 18260  - [39m03/08/2026, 9:10:25 pm [32m    LOG[39m [38;5;3m[InstanceLoader] [39m[32mClerkModule dependencies initialized[39m[38;5;3m +3ms[39m
[32m[Nest] 18260  - [39m03/08/2026, 9:10:25 pm [32m    LOG[39m [38;5;3m[RoutesResolver] [39m[32mHealthController {/health}:[39m[38;5;3m +10ms[39m
[32m[Nest] 18260  - [39m03/08/2026, 9:10:25 pm [32m    LOG[39m [38;5;3m[RouterExplorer] [39m[32mMapped {/health, GET} route[39m[38;5;3m +5ms[39m
[32m[Nest] 18260  - [39m03/08/2026, 9:10:25 pm [32m    LOG[39m [38;5;3m[RoutesResolver] [39m[32mClerkTestController {/clerk-test}:[39m[38;5;3m +0ms[39m
[32m[Nest] 18260  - [39m03/08/2026, 9:10:25 pm [32m    LOG[39m [38;5;3m[RouterExplorer] [39m[32mMapped {/clerk-test/me, GET} route[39m[38;5;3m +2ms[39m
[32m[Nest] 18260  - [39m03/08/2026, 9:10:25 pm [32m    LOG[39m [38;5;3m[RoutesResolver] [39m[32mStreamController {/stream}:[39m[38;5;3m +0ms[39m
[32m[Nest] 18260  - [39m03/08/2026, 9:10:25 pm [32m    LOG[39m [38;5;3m[RouterExplorer] [39m[32mMapped {/stream/token, GET} route[39m[38;5;3m +0ms[39m
[32m[Nest] 18260  - [39m03/08/2026, 9:10:25 pm [32m    LOG[39m [38;5;3m[RoutesResolver] [39m[32mUsersController {/users}:[39m[38;5;3m +1ms[39m
[32m[Nest] 18260  - [39m03/08/2026, 9:10:25 pm [32m    LOG[39m [38;5;3m[RouterExplorer] [39m[32mMapped {/users/me, GET} route[39m[38;5;3m +0ms[39m
[32m[Nest] 18260  - [39m03/08/2026, 9:10:25 pm [32m    LOG[39m [38;5;3m[RouterExplorer] [39m[32mMapped {/users, GET} route[39m[38;5;3m +1ms[39m
[32m[Nest] 18260  - [39m03/08/2026, 9:10:25 pm [32m    LOG[39m [38;5;3m[RouterExplorer] [39m[32mMapped {/users/:clerkId/role, PATCH} route[39m[38;5;3m +1ms[39m
[32m[Nest] 18260  - [39m03/08/2026, 9:10:25 pm [32m    LOG[39m [38;5;3m[RoutesResolver] [39m[32mChatController {/chat}:[39m[38;5;3m +0ms[39m
[32m[Nest] 18260  - [39m03/08/2026, 9:10:25 pm [32m    LOG[39m [38;5;3m[RouterExplorer] [39m[32mMapped {/chat/token, GET} route[39m[38;5;3m +0ms[39m
[32m[Nest] 18260  - [39m03/08/2026, 9:10:25 pm [32m    LOG[39m [38;5;3m[RouterExplorer] [39m[32mMapped {/chat/direct, POST} route[39m[38;5;3m +1ms[39m
[32m[Nest] 18260  - [39m03/08/2026, 9:10:25 pm [32m    LOG[39m [38;5;3m[RouterExplorer] [39m[32mMapped {/chat/group, POST} route[39m[38;5;3m +0ms[39m
[32m[Nest] 18260  - [39m03/08/2026, 9:10:25 pm [32m    LOG[39m [38;5;3m[RouterExplorer] [39m[32mMapped {/chat/groups/:channelId, GET} route[39m[38;5;3m +1ms[39m
[32m[Nest] 18260  - [39m03/08/2026, 9:10:25 pm [32m    LOG[39m [38;5;3m[RouterExplorer] [39m[32mMapped {/chat/groups/:channelId, PATCH} route[39m[38;5;3m +0ms[39m
[32m[Nest] 18260  - [39m03/08/2026, 9:10:25 pm [32m    LOG[39m [38;5;3m[RouterExplorer] [39m[32mMapped {/chat/groups/:channelId/avatar, PUT} route[39m[38;5;3m +1ms[39m
[32m[Nest] 18260  - [39m03/08/2026, 9:10:25 pm [32m    LOG[39m [38;5;3m[RouterExplorer] [39m[32mMapped {/chat/groups/:channelId/avatar, DELETE} route[39m[38;5;3m +0ms[39m
[32m[Nest] 18260  - [39m03/08/2026, 9:10:25 pm [32m    LOG[39m [38;5;3m[RouterExplorer] [39m[32mMapped {/chat/groups/:channelId/members/:memberId, POST} route[39m[38;5;3m +0ms[39m
[32m[Nest] 18260  - [39m03/08/2026, 9:10:25 pm [32m    LOG[39m [38;5;3m[RouterExplorer] [39m[32mMapped {/chat/groups/:channelId/members/:memberId, DELETE} route[39m[38;5;3m +1ms[39m
[32m[Nest] 18260  - [39m03/08/2026, 9:10:25 pm [32m    LOG[39m [38;5;3m[RouterExplorer] [39m[32mMapped {/chat/groups/:channelId/leave, POST} route[39m[38;5;3m +0ms[39m
[32m[Nest] 18260  - [39m03/08/2026, 9:10:25 pm [32m    LOG[39m [38;5;3m[RouterExplorer] [39m[32mMapped {/chat/groups/:channelId/moderators/:memberId, POST} route[39m[38;5;3m +0ms[39m
[32m[Nest] 18260  - [39m03/08/2026, 9:10:25 pm [32m    LOG[39m [38;5;3m[RouterExplorer] [39m[32mMapped {/chat/groups/:channelId/moderators/:memberId, DELETE} route[39m[38;5;3m +0ms[39m
[32m[Nest] 18260  - [39m03/08/2026, 9:10:25 pm [32m    LOG[39m [38;5;3m[RoutesResolver] [39m[32mTasksController {/tasks}:[39m[38;5;3m +0ms[39m
[32m[Nest] 18260  - [39m03/08/2026, 9:10:25 pm [32m    LOG[39m [38;5;3m[RouterExplorer] [39m[32mMapped {/tasks, POST} route[39m[38;5;3m +1ms[39m
[32m[Nest] 18260  - [39m03/08/2026, 9:10:25 pm [32m    LOG[39m [38;5;3m[RouterExplorer] [39m[32mMapped {/tasks, GET} route[39m[38;5;3m +0ms[39m
[32m[Nest] 18260  - [39m03/08/2026, 9:10:25 pm [32m    LOG[39m [38;5;3m[RouterExplorer] [39m[32mMapped {/tasks/:id, GET} route[39m[38;5;3m +0ms[39m
[32m[Nest] 18260  - [39m03/08/2026, 9:10:25 pm [32m    LOG[39m [38;5;3m[RouterExplorer] [39m[32mMapped {/tasks/:id/channel, POST} route[39m[38;5;3m +1ms[39m
[32m[Nest] 18260  - [39m03/08/2026, 9:10:25 pm [32m    LOG[39m [38;5;3m[RouterExplorer] [39m[32mMapped {/tasks/:id, PATCH} route[39m[38;5;3m +0ms[39m
[32m[Nest] 18260  - [39m03/08/2026, 9:10:25 pm [32m    LOG[39m [38;5;3m[RouterExplorer] [39m[32mMapped {/tasks/:id/status, PATCH} route[39m[38;5;3m +0ms[39m
[32m[Nest] 18260  - [39m03/08/2026, 9:10:25 pm [32m    LOG[39m [38;5;3m[RouterExplorer] [39m[32mMapped {/tasks/:id, DELETE} route[39m[38;5;3m +0ms[39m
[32m[Nest] 18260  - [39m03/08/2026, 9:10:25 pm [32m    LOG[39m [38;5;3m[RoutesResolver] [39m[32mMeetingsController {/meetings}:[39m[38;5;3m +1ms[39m
[32m[Nest] 18260  - [39m03/08/2026, 9:10:25 pm [32m    LOG[39m [38;5;3m[RouterExplorer] [39m[32mMapped {/meetings, POST} route[39m[38;5;3m +0ms[39m
[32m[Nest] 18260  - [39m03/08/2026, 9:10:25 pm [32m    LOG[39m [38;5;3m[RouterExplorer] [39m[32mMapped {/meetings, GET} route[39m[38;5;3m +0ms[39m
[32m[Nest] 18260  - [39m03/08/2026, 9:10:25 pm [32m    LOG[39m [38;5;3m[RouterExplorer] [39m[32mMapped {/meetings/:id, GET} route[39m[38;5;3m +0ms[39m
[32m[Nest] 18260  - [39m03/08/2026, 9:10:25 pm [32m    LOG[39m [38;5;3m[RouterExplorer] [39m[32mMapped {/meetings/:id, PATCH} route[39m[38;5;3m +1ms[39m
[32m[Nest] 18260  - [39m03/08/2026, 9:10:25 pm [32m    LOG[39m [38;5;3m[RouterExplorer] [39m[32mMapped {/meetings/:id, DELETE} route[39m[38;5;3m +0ms[39m
[32m[Nest] 18260  - [39m03/08/2026, 9:10:25 pm [32m    LOG[39m [38;5;3m[RouterExplorer] [39m[32mMapped {/meetings/:id/join, POST} route[39m[38;5;3m +0ms[39m
[32m[Nest] 18260  - [39m03/08/2026, 9:10:25 pm [32m    LOG[39m [38;5;3m[RouterExplorer] [39m[32mMapped {/meetings/:id/leave, POST} route[39m[38;5;3m +0ms[39m
[32m[Nest] 18260  - [39m03/08/2026, 9:10:25 pm [32m    LOG[39m [38;5;3m[RoutesResolver] [39m[32mDepartmentsController {/departments}:[39m[38;5;3m +1ms[39m
[32m[Nest] 18260  - [39m03/08/2026, 9:10:25 pm [32m    LOG[39m [38;5;3m[RouterExplorer] [39m[32mMapped {/departments, POST} route[39m[38;5;3m +0ms[39m
[32m[Nest] 18260  - [39m03/08/2026, 9:10:25 pm [32m    LOG[39m [38;5;3m[RouterExplorer] [39m[32mMapped {/departments/mine, GET} route[39m[38;5;3m +0ms[39m
[32m[Nest] 18260  - [39m03/08/2026, 9:10:25 pm [32m    LOG[39m [38;5;3m[RouterExplorer] [39m[32mMapped {/departments/:id, GET} route[39m[38;5;3m +0ms[39m
[32m[Nest] 18260  - [39m03/08/2026, 9:10:25 pm [32m    LOG[39m [38;5;3m[RouterExplorer] [39m[32mMapped {/departments/:id, PATCH} route[39m[38;5;3m +0ms[39m
[32m[Nest] 18260  - [39m03/08/2026, 9:10:25 pm [32m    LOG[39m [38;5;3m[RouterExplorer] [39m[32mMapped {/departments/:id, DELETE} route[39m[38;5;3m +1ms[39m
[32m[Nest] 18260  - [39m03/08/2026, 9:10:25 pm [32m    LOG[39m [38;5;3m[RouterExplorer] [39m[32mMapped {/departments/:id/members/:memberId, POST} route[39m[38;5;3m +0ms[39m
[32m[Nest] 18260  - [39m03/08/2026, 9:10:25 pm [32m    LOG[39m [38;5;3m[RouterExplorer] [39m[32mMapped {/departments/:id/members/:memberId, DELETE} route[39m[38;5;3m +0ms[39m
[32m[Nest] 18260  - [39m03/08/2026, 9:10:25 pm [32m    LOG[39m [38;5;3m[RoutesResolver] [39m[32mChannelsController {/channels}:[39m[38;5;3m +0ms[39m
[32m[Nest] 18260  - [39m03/08/2026, 9:10:25 pm [32m    LOG[39m [38;5;3m[RouterExplorer] [39m[32mMapped {/channels, POST} route[39m[38;5;3m +1ms[39m
[32m[Nest] 18260  - [39m03/08/2026, 9:10:25 pm [32m    LOG[39m [38;5;3m[RouterExplorer] [39m[32mMapped {/channels, GET} route[39m[38;5;3m +0ms[39m
[32m[Nest] 18260  - [39m03/08/2026, 9:10:25 pm [32m    LOG[39m [38;5;3m[RouterExplorer] [39m[32mMapped {/channels/:id, GET} route[39m[38;5;3m +0ms[39m
[32m[Nest] 18260  - [39m03/08/2026, 9:10:25 pm [32m    LOG[39m [38;5;3m[RouterExplorer] [39m[32mMapped {/channels/:id, PATCH} route[39m[38;5;3m +0ms[39m
[32m[Nest] 18260  - [39m03/08/2026, 9:10:25 pm [32m    LOG[39m [38;5;3m[RouterExplorer] [39m[32mMapped {/channels/:id, DELETE} route[39m[38;5;3m +0ms[39m
[32m[Nest] 18260  - [39m03/08/2026, 9:10:25 pm [32m    LOG[39m [38;5;3m[RouterExplorer] [39m[32mMapped {/channels/:id/join, POST} route[39m[38;5;3m +1ms[39m
[32m[Nest] 18260  - [39m03/08/2026, 9:10:25 pm [32m    LOG[39m [38;5;3m[RouterExplorer] [39m[32mMapped {/channels/:id/leave, POST} route[39m[38;5;3m +0ms[39m
[32m[Nest] 18260  - [39m03/08/2026, 9:10:25 pm [32m    LOG[39m [38;5;3m[RouterExplorer] [39m[32mMapped {/channels/:id/members, GET} route[39m[38;5;3m +0ms[39m
[32m[Nest] 18260  - [39m03/08/2026, 9:10:25 pm [32m    LOG[39m [38;5;3m[RouterExplorer] [39m[32mMapped {/channels/:id/members/:memberId, POST} route[39m[38;5;3m +0ms[39m
[32m[Nest] 18260  - [39m03/08/2026, 9:10:25 pm [32m    LOG[39m [38;5;3m[RouterExplorer] [39m[32mMapped {/channels/:id/members/:memberId, DELETE} route[39m[38;5;3m +1ms[39m
[32m[Nest] 18260  - [39m03/08/2026, 9:10:25 pm [32m    LOG[39m [38;5;3m[RoutesResolver] [39m[32mNotificationsController {/notifications}:[39m[38;5;3m +0ms[39m
[32m[Nest] 18260  - [39m03/08/2026, 9:10:25 pm [32m    LOG[39m [38;5;3m[RouterExplorer] [39m[32mMapped {/notifications, GET} route[39m[38;5;3m +0ms[39m
[32m[Nest] 18260  - [39m03/08/2026, 9:10:25 pm [32m    LOG[39m [38;5;3m[RouterExplorer] [39m[32mMapped {/notifications/unread-count, GET} route[39m[38;5;3m +0ms[39m
[32m[Nest] 18260  - [39m03/08/2026, 9:10:25 pm [32m    LOG[39m [38;5;3m[RouterExplorer] [39m[32mMapped {/notifications/:id/read, PATCH} route[39m[38;5;3m +1ms[39m
[32m[Nest] 18260  - [39m03/08/2026, 9:10:25 pm [32m    LOG[39m [38;5;3m[RouterExplorer] [39m[32mMapped {/notifications/read-all, PATCH} route[39m[38;5;3m +0ms[39m
[32m[Nest] 18260  - [39m03/08/2026, 9:10:25 pm [32m    LOG[39m [38;5;3m[RouterExplorer] [39m[32mMapped {/notifications/self, POST} route[39m[38;5;3m +0ms[39m
[32m[Nest] 18260  - [39m03/08/2026, 9:10:25 pm [32m    LOG[39m [38;5;3m[RoutesResolver] [39m[32mProjectsController {/projects}:[39m[38;5;3m +0ms[39m
[32m[Nest] 18260  - [39m03/08/2026, 9:10:25 pm [32m    LOG[39m [38;5;3m[RouterExplorer] [39m[32mMapped {/projects, POST} route[39m[38;5;3m +0ms[39m
[32m[Nest] 18260  - [39m03/08/2026, 9:10:25 pm [32m    LOG[39m [38;5;3m[RouterExplorer] [39m[32mMapped {/projects, GET} route[39m[38;5;3m +1ms[39m
[32m[Nest] 18260  - [39m03/08/2026, 9:10:25 pm [32m    LOG[39m [38;5;3m[RouterExplorer] [39m[32mMapped {/projects/:id, GET} route[39m[38;5;3m +0ms[39m
[32m[Nest] 18260  - [39m03/08/2026, 9:10:25 pm [32m    LOG[39m [38;5;3m[RouterExplorer] [39m[32mMapped {/projects/:id, PATCH} route[39m[38;5;3m +0ms[39m
[32m[Nest] 18260  - [39m03/08/2026, 9:10:25 pm [32m    LOG[39m [38;5;3m[RouterExplorer] [39m[32mMapped {/projects/:id, DELETE} route[39m[38;5;3m +0ms[39m
[32m[Nest] 18260  - [39m03/08/2026, 9:10:25 pm [32m    LOG[39m [38;5;3m[RouterExplorer] [39m[32mMapped {/projects/:id/members, GET} route[39m[38;5;3m +1ms[39m
[32m[Nest] 18260  - [39m03/08/2026, 9:10:25 pm [32m    LOG[39m [38;5;3m[RouterExplorer] [39m[32mMapped {/projects/:id/members, POST} route[39m[38;5;3m +0ms[39m
[32m[Nest] 18260  - [39m03/08/2026, 9:10:25 pm [32m    LOG[39m [38;5;3m[RouterExplorer] [39m[32mMapped {/projects/:id/members/:memberId, PATCH} route[39m[38;5;3m +0ms[39m
[32m[Nest] 18260  - [39m03/08/2026, 9:10:25 pm [32m    LOG[39m [38;5;3m[RouterExplorer] [39m[32mMapped {/projects/:id/members/:memberId, DELETE} route[39m[38;5;3m +0ms[39m
[32m[Nest] 18260  - [39m03/08/2026, 9:10:25 pm [32m    LOG[39m [38;5;3m[RoutesResolver] [39m[32mProjectAnnouncementsController {/projects/:projectId/announcements}:[39m[38;5;3m +0ms[39m
[32m[Nest] 18260  - [39m03/08/2026, 9:10:25 pm [32m    LOG[39m [38;5;3m[RouterExplorer] [39m[32mMapped {/projects/:projectId/announcements, GET} route[39m[38;5;3m +1ms[39m
[32m[Nest] 18260  - [39m03/08/2026, 9:10:25 pm [32m    LOG[39m [38;5;3m[RouterExplorer] [39m[32mMapped {/projects/:projectId/announcements, POST} route[39m[38;5;3m +0ms[39m
[32m[Nest] 18260  - [39m03/08/2026, 9:10:25 pm [32m    LOG[39m [38;5;3m[RouterExplorer] [39m[32mMapped {/projects/:projectId/announcements/:id, PATCH} route[39m[38;5;3m +0ms[39m
[32m[Nest] 18260  - [39m03/08/2026, 9:10:25 pm [32m    LOG[39m [38;5;3m[RouterExplorer] [39m[32mMapped {/projects/:projectId/announcements/:id/pin, PATCH} route[39m[38;5;3m +0ms[39m
[32m[Nest] 18260  - [39m03/08/2026, 9:10:25 pm [32m    LOG[39m [38;5;3m[RouterExplorer] [39m[32mMapped {/projects/:projectId/announcements/:id, DELETE} route[39m[38;5;3m +0ms[39m
[32m[Nest] 18260  - [39m03/08/2026, 9:10:25 pm [32m    LOG[39m [38;5;3m[RouterExplorer] [39m[32mMapped {/projects/:projectId/announcements/:id/reactions, POST} route[39m[38;5;3m +1ms[39m
[32m[Nest] 18260  - [39m03/08/2026, 9:10:25 pm [32m    LOG[39m [38;5;3m[RouterExplorer] [39m[32mMapped {/projects/:projectId/announcements/:id/reactions/:emoji, DELETE} route[39m[38;5;3m +0ms[39m
[32m[Nest] 18260  - [39m03/08/2026, 9:10:25 pm [32m    LOG[39m [38;5;3m[RoutesResolver] [39m[32mProjectDocumentsController {/projects/:projectId/documents}:[39m[38;5;3m +0ms[39m
[32m[Nest] 18260  - [39m03/08/2026, 9:10:25 pm [32m    LOG[39m [38;5;3m[RouterExplorer] [39m[32mMapped {/projects/:projectId/documents, POST} route[39m[38;5;3m +1ms[39m
[32m[Nest] 18260  - [39m03/08/2026, 9:10:25 pm [32m    LOG[39m [38;5;3m[RouterExplorer] [39m[32mMapped {/projects/:projectId/documents, GET} route[39m[38;5;3m +0ms[39m
[32m[Nest] 18260  - [39m03/08/2026, 9:10:25 pm [32m    LOG[39m [38;5;3m[RouterExplorer] [39m[32mMapped {/projects/:projectId/documents/:id/download, GET} route[39m[38;5;3m +0ms[39m
[32m[Nest] 18260  - [39m03/08/2026, 9:10:25 pm [32m    LOG[39m [38;5;3m[RouterExplorer] [39m[32mMapped {/projects/:projectId/documents/:id/preview, GET} route[39m[38;5;3m +0ms[39m
[32m[Nest] 18260  - [39m03/08/2026, 9:10:25 pm [32m    LOG[39m [38;5;3m[RouterExplorer] [39m[32mMapped {/projects/:projectId/documents/:id, DELETE} route[39m[38;5;3m +1ms[39m
[32m[Nest] 18260  - [39m03/08/2026, 9:10:25 pm [32m    LOG[39m [38;5;3m[RoutesResolver] [39m[32mProjectMilestonesController {/projects/:projectId/milestones}:[39m[38;5;3m +0ms[39m
[32m[Nest] 18260  - [39m03/08/2026, 9:10:25 pm [32m    LOG[39m [38;5;3m[RouterExplorer] [39m[32mMapped {/projects/:projectId/milestones, GET} route[39m[38;5;3m +0ms[39m
[32m[Nest] 18260  - [39m03/08/2026, 9:10:25 pm [32m    LOG[39m [38;5;3m[RouterExplorer] [39m[32mMapped {/projects/:projectId/milestones, POST} route[39m[38;5;3m +0ms[39m
[32m[Nest] 18260  - [39m03/08/2026, 9:10:25 pm [32m    LOG[39m [38;5;3m[RouterExplorer] [39m[32mMapped {/projects/:projectId/milestones/:id, PATCH} route[39m[38;5;3m +1ms[39m
[32m[Nest] 18260  - [39m03/08/2026, 9:10:25 pm [32m    LOG[39m [38;5;3m[RouterExplorer] [39m[32mMapped {/projects/:projectId/milestones/:id/status, PATCH} route[39m[38;5;3m +0ms[39m
[32m[Nest] 18260  - [39m03/08/2026, 9:10:25 pm [32m    LOG[39m [38;5;3m[RouterExplorer] [39m[32mMapped {/projects/:projectId/milestones/:id/progress, PATCH} route[39m[38;5;3m +0ms[39m
[32m[Nest] 18260  - [39m03/08/2026, 9:10:25 pm [32m    LOG[39m [38;5;3m[RouterExplorer] [39m[32mMapped {/projects/:projectId/milestones/:id, DELETE} route[39m[38;5;3m +0ms[39m
[32m[Nest] 18260  - [39m03/08/2026, 9:10:25 pm [32m    LOG[39m [38;5;3m[RoutesResolver] [39m[32mAiSummaryController {/projects/:projectId/ai-summary}:[39m[38;5;3m +0ms[39m
[32m[Nest] 18260  - [39m03/08/2026, 9:10:25 pm [32m    LOG[39m [38;5;3m[RouterExplorer] [39m[32mMapped {/projects/:projectId/ai-summary, GET} route[39m[38;5;3m +1ms[39m
[32m[Nest] 18260  - [39m03/08/2026, 9:10:25 pm [32m    LOG[39m [38;5;3m[StreamService] [39m[32mStream Chat server client initialized.[39m
Attention: Clerk collects telemetry data from its SDKs when connected to development instances.
The data collected is used to inform Clerk's product roadmap.
To learn more, including how to opt-out from the telemetry program, visit: https://clerk.com/docs/telemetry.

[32m[Nest] 18260  - [39m03/08/2026, 9:10:26 pm [32m    LOG[39m [38;5;3m[NestApplication] [39m[32mNest application successfully started[39m[38;5;3m +615ms[39m
🚀 Application is running on: http://localhost:3001
